payment_reference,account_id,amount,status,event_at,accounts,records,statuses,month
TXN0000000009,ACC0021942,11792.14,SUCCESS,2026-08-06 18:56:06,1,2,1,2026-08
TXN0000000010,ACC0014149,102004.02,SUCCESS,2026-02-08 22:26:55,1,1,1,2026-02
TXN0000000023,ACC0025927,129519.82,SUCCESS,2026-01-10 12:07:49,1,1,1,2026-01
TXN0000000026,ACC0003933,133684.54,SUCCESS,2026-06-17 19:31:32,1,1,1,2026-06
TXN0000000028,ACC0020262,98312.71,SUCCESS,2026-04-02 06:42:54,1,1,1,2026-04
TXN0000000030,ACC0008851,25890.19,SUCCESS,2026-07-26 22:24:17,1,1,1,2026-07
TXN0000000033,ACC0023293,102191.23,SUCCESS,2026-03-22 15:10:32,1,1,1,2026-03
TXN0000000035,ACC0004683,62669.42,SUCCESS,2026-01-20 13:26:58,1,1,1,2026-01
TXN0000000037,ACC0016245,81223.13,SUCCESS,2026-04-22 12:51:08,1,1,1,2026-04
TXN0000000043,ACC0014204,91792.53,SUCCESS,2026-03-26 01:17:50,1,1,1,2026-03
TXN0000000048,ACC0010587,33246.14,SUCCESS,2026-01-24 21:22:29,1,1,1,2026-01
TXN0000000050,ACC0028245,101220.66,SUCCESS,2026-08-01 15:01:26,1,1,1,2026-08
TXN0000000058,ACC0012019,149711.4,SUCCESS,2026-05-12 13:58:46,1,1,1,2026-05
TXN0000000062,ACC0026296,37084.25,SUCCESS,2026-07-06 04:57:06,1,1,1,2026-07
TXN0000000064,ACC0015356,115116.46,SUCCESS,2026-02-22 17:21:58,1,1,1,2026-02
TXN0000000072,ACC0013442,95355.17,SUCCESS,2026-07-16 00:34:28,1,1,1,2026-07
TXN0000000081,ACC0005271,136951.62,SUCCESS,2026-01-19 15:04:06,1,1,1,2026-01
TXN0000000083,ACC0006268,127512.33,SUCCESS,2026-03-27 02:52:46,1,1,1,2026-03
TXN0000000085,ACC0010309,8409.22,SUCCESS,2026-06-27 20:31:17,1,1,1,2026-06
TXN0000000103,ACC0001213,24416.35,SUCCESS,2026-02-19 10:09:29,1,1,1,2026-02
TXN0000000112,ACC0017593,77894.07,SUCCESS,2026-08-07 03:16:10,1,1,1,2026-08
TXN0000000114,ACC0005889,116813.99,SUCCESS,2026-02-01 11:58:40,1,1,1,2026-02
TXN0000000117,ACC0008984,6129.77,SUCCESS,2026-04-07 00:13:13,1,1,1,2026-04
TXN0000000120,ACC0007227,63245.91,SUCCESS,2026-01-05 13:56:47,1,1,1,2026-01
TXN0000000123,ACC0013393,58423.89,SUCCESS,2026-04-18 03:04:20,1,1,1,2026-04
TXN0000000124,ACC0009187,53319.4,SUCCESS,2026-03-06 06:02:50,1,1,1,2026-03
TXN0000000129,ACC0014953,17048.14,SUCCESS,2026-01-23 22:57:30,1,1,1,2026-01
TXN0000000147,ACC0007353,54133.77,SUCCESS,2026-08-06 09:33:46,1,1,1,2026-08
TXN0000000159,ACC0021721,36649.02,SUCCESS,2026-01-25 17:45:58,1,1,1,2026-01
TXN0000000162,ACC0022129,85148.48,SUCCESS,2026-04-30 14:53:36,1,1,1,2026-04
TXN0000000163,ACC0003870,54650.84,SUCCESS,2026-02-08 13:25:25,1,1,1,2026-02
TXN0000000172,ACC0026227,47362.58,SUCCESS,2026-05-24 13:45:00,1,1,1,2026-05
TXN0000000180,ACC0005770,67475.49,SUCCESS,2026-03-22 10:31:43,1,1,1,2026-03
TXN0000000182,ACC0013265,121083.85,SUCCESS,2026-02-25 07:33:04,1,1,1,2026-02
TXN0000000188,ACC0011918,29886.45,SUCCESS,2026-03-11 18:47:26,1,1,1,2026-03
TXN0000000192,ACC0005538,75903.56,SUCCESS,2026-06-07 00:35:13,1,1,1,2026-06
TXN0000000200,ACC0010883,134365.95,SUCCESS,2026-07-06 09:00:15,1,1,1,2026-07
TXN0000000204,ACC0016307,70537.62,SUCCESS,2026-07-29 15:17:21,1,1,1,2026-07
TXN0000000207,ACC0003515,8113.68,SUCCESS,2026-05-05 12:03:53,1,1,1,2026-05
TXN0000000211,ACC0029379,40049.25,SUCCESS,2026-01-10 05:38:10,1,1,1,2026-01
TXN0000000213,ACC0029245,58999.8,SUCCESS,2026-04-25 18:21:57,1,1,1,2026-04
TXN0000000219,ACC0006623,146857.96,SUCCESS,2026-06-03 12:23:31,1,1,1,2026-06
TXN0000000221,ACC0013707,32895.48,SUCCESS,2026-03-23 01:47:06,1,1,1,2026-03
TXN0000000243,ACC0010316,1618.35,SUCCESS,2026-04-06 10:28:39,1,1,1,2026-04
TXN0000000256,ACC0024718,100496.07,SUCCESS,2026-08-06 04:59:25,1,1,1,2026-08
TXN0000000263,ACC0028911,43491.08,SUCCESS,2026-03-15 20:34:39,1,1,1,2026-03
TXN0000000266,ACC0022745,93276.38,SUCCESS,2026-04-25 01:40:54,1,1,1,2026-04
TXN0000000267,ACC0000871,42857.44,SUCCESS,2026-06-11 20:09:23,1,1,1,2026-06
TXN0000000274,ACC0019900,125185.74,SUCCESS,2026-04-29 03:55:56,1,1,1,2026-04
TXN0000000281,ACC0016401,55193.68,SUCCESS,2026-07-23 04:36:52,1,1,1,2026-07
TXN0000000282,ACC0014487,106751.74,SUCCESS,2026-03-02 21:21:19,1,1,1,2026-03
TXN0000000285,ACC0026155,23025.1,SUCCESS,2026-07-10 05:07:50,1,1,1,2026-07
TXN0000000299,ACC0018856,14159.52,SUCCESS,2026-02-20 19:42:49,1,1,1,2026-02
TXN0000000309,ACC0002903,136064.52,SUCCESS,2026-05-09 02:24:44,1,1,1,2026-05
TXN0000000310,ACC0018847,31319.95,SUCCESS,2026-06-30 21:13:28,1,1,1,2026-06
TXN0000000314,ACC0007158,120410.28,SUCCESS,2026-01-08 00:16:00,1,2,1,2026-01
TXN0000000341,ACC0028029,133952.11,SUCCESS,2026-03-15 03:10:54,1,1,1,2026-03
TXN0000000348,ACC0003215,15182.14,SUCCESS,2026-07-14 01:09:57,1,1,1,2026-07
TXN0000000353,ACC0003429,137735.31,SUCCESS,2026-03-24 06:08:05,1,1,1,2026-03
TXN0000000355,ACC0006992,120934.41,SUCCESS,2026-05-25 22:06:23,1,1,1,2026-05
TXN0000000361,ACC0004658,137866.7,SUCCESS,2026-02-04 19:37:37,1,1,1,2026-02
TXN0000000370,ACC0020183,15020.65,SUCCESS,2026-05-05 21:32:29,1,1,1,2026-05
TXN0000000384,ACC0028595,34832.93,SUCCESS,2026-05-05 02:22:08,1,1,1,2026-05
TXN0000000387,ACC0015452,39486.11,SUCCESS,2026-04-21 00:07:45,1,1,1,2026-04
TXN0000000395,ACC0029813,58710.7,SUCCESS,2026-05-12 14:38:59,1,1,1,2026-05
TXN0000000397,ACC0021012,45325.12,SUCCESS,2026-05-11 16:17:27,1,1,1,2026-05
TXN0000000399,ACC0024702,11018.08,SUCCESS,2026-01-30 18:53:43,1,1,1,2026-01
TXN0000000406,ACC0010703,55039.9,SUCCESS,2026-02-16 09:51:37,1,1,1,2026-02
TXN0000000412,ACC0015039,32676.29,SUCCESS,2026-04-28 22:21:27,1,1,1,2026-04
TXN0000000416,ACC0013161,24608.42,SUCCESS,2026-06-05 09:31:00,1,1,1,2026-06
TXN0000000420,ACC0027041,47015.98,SUCCESS,2026-05-26 19:57:54,1,1,1,2026-05
TXN0000000425,ACC0005099,49176.08,SUCCESS,2026-02-08 17:50:57,1,1,1,2026-02
TXN0000000432,ACC0005477,582.71,SUCCESS,2026-06-17 15:31:26,1,1,1,2026-06
TXN0000000446,ACC0028344,14339.13,SUCCESS,2026-06-14 17:04:47,1,1,1,2026-06
TXN0000000450,ACC0006489,25619.75,SUCCESS,2026-07-15 09:19:16,1,1,1,2026-07
TXN0000000453,ACC0015221,19929.83,SUCCESS,2026-02-16 09:03:46,1,1,1,2026-02
TXN0000000456,ACC0004970,46177.0,SUCCESS,2026-05-27 17:12:23,1,1,1,2026-05
TXN0000000460,ACC0007462,43826.51,SUCCESS,2026-05-22 14:15:33,1,1,1,2026-05
TXN0000000465,ACC0026958,49310.12,SUCCESS,2026-03-16 21:50:39,1,1,1,2026-03
TXN0000000475,ACC0003910,133757.22,SUCCESS,2026-06-09 11:35:03,1,2,1,2026-06
TXN0000000476,ACC0028710,37113.5,SUCCESS,2026-01-12 16:15:55,1,1,1,2026-01
TXN0000000479,ACC0021415,131312.99,SUCCESS,2026-04-21 20:19:59,1,1,1,2026-04
TXN0000000486,ACC0009547,104825.35,SUCCESS,2026-02-07 02:02:17,1,1,1,2026-02
TXN0000000488,ACC0029811,78284.44,SUCCESS,2026-03-22 02:26:59,1,1,1,2026-03
TXN0000000508,ACC0028242,55408.12,SUCCESS,2026-04-06 08:49:44,1,1,1,2026-04
TXN0000000519,ACC0025839,114969.79,SUCCESS,2026-05-04 21:18:55,1,1,1,2026-05
TXN0000000530,ACC0009830,62127.04,SUCCESS,2026-03-17 07:58:49,1,1,1,2026-03
TXN0000000549,ACC0026910,28313.7,SUCCESS,2026-02-04 16:07:14,1,1,1,2026-02
TXN0000000554,ACC0008289,127210.49,SUCCESS,2026-06-25 05:47:07,1,1,1,2026-06
TXN0000000561,ACC0005528,47030.77,SUCCESS,2026-06-28 00:44:09,1,1,1,2026-06
TXN0000000564,ACC0020589,38903.75,SUCCESS,2026-06-23 09:22:03,1,1,1,2026-06
TXN0000000566,ACC0010832,144290.21,SUCCESS,2026-04-16 06:56:09,1,1,1,2026-04
TXN0000000567,ACC0019548,135326.56,SUCCESS,2026-01-29 15:07:34,1,1,1,2026-01
TXN0000000581,ACC0028887,70157.88,SUCCESS,2026-04-05 12:18:59,1,1,1,2026-04
TXN0000000585,ACC0014673,118750.25,SUCCESS,2026-04-09 20:03:20,1,1,1,2026-04
TXN0000000598,ACC0005207,128640.21,SUCCESS,2026-05-03 10:09:59,1,1,1,2026-05
TXN0000000600,ACC0005451,83248.81,SUCCESS,2026-05-23 04:38:05,1,1,1,2026-05
TXN0000000605,ACC0029130,98346.43,SUCCESS,2026-04-19 19:59:48,1,1,1,2026-04
TXN0000000607,ACC0001252,84864.52,SUCCESS,2026-06-13 17:52:02,1,1,1,2026-06
TXN0000000612,ACC0005074,39558.17,SUCCESS,2026-01-12 20:55:59,1,1,1,2026-01
TXN0000000623,ACC0015321,85604.87,SUCCESS,2026-05-24 23:32:46,1,1,1,2026-05
TXN0000000636,ACC0013254,114751.52,SUCCESS,2026-04-22 13:59:57,1,1,1,2026-04
TXN0000000641,ACC0009859,78291.92,SUCCESS,2026-06-17 09:32:35,1,1,1,2026-06
TXN0000000648,ACC0008541,117641.49,SUCCESS,2026-07-23 14:33:29,1,1,1,2026-07
TXN0000000651,ACC0027770,62203.94,SUCCESS,2026-01-18 07:04:35,1,1,1,2026-01
TXN0000000655,ACC0025156,145740.78,SUCCESS,2026-05-11 05:33:29,1,1,1,2026-05
TXN0000000658,ACC0001466,108588.18,SUCCESS,2026-01-25 23:25:05,1,1,1,2026-01
TXN0000000662,ACC0017734,2999.3,SUCCESS,2026-04-19 09:03:29,1,1,1,2026-04
TXN0000000668,ACC0028956,45884.77,SUCCESS,2026-06-27 13:20:31,1,1,1,2026-06
TXN0000000676,ACC0013306,103073.5,SUCCESS,2026-01-26 10:39:23,1,1,1,2026-01
TXN0000000677,ACC0004076,83560.08,SUCCESS,2026-07-03 10:57:47,1,1,1,2026-07
TXN0000000679,ACC0004735,82449.83,SUCCESS,2026-02-06 07:02:55,1,1,1,2026-02
TXN0000000680,ACC0012735,48652.77,SUCCESS,2026-07-08 10:48:37,1,1,1,2026-07
TXN0000000683,ACC0024522,11168.7,SUCCESS,2026-03-19 06:30:02,1,1,1,2026-03
TXN0000000688,ACC0019199,21977.72,SUCCESS,2026-03-19 20:06:14,1,1,1,2026-03
TXN0000000695,ACC0026173,102011.5,SUCCESS,2026-04-15 13:55:31,1,1,1,2026-04
TXN0000000711,ACC0010872,85791.97,SUCCESS,2026-05-02 20:27:30,1,1,1,2026-05
TXN0000000717,ACC0001066,70232.92,SUCCESS,2026-04-30 14:02:50,1,1,1,2026-04
TXN0000000718,ACC0008546,57652.97,SUCCESS,2026-04-07 10:32:22,1,1,1,2026-04
TXN0000000722,ACC0023086,137084.37,SUCCESS,2026-02-17 21:52:07,1,1,1,2026-02
TXN0000000733,ACC0022036,16141.27,SUCCESS,2026-06-04 19:59:56,1,1,1,2026-06
TXN0000000738,ACC0001450,136129.74,SUCCESS,2026-06-23 11:24:24,1,1,1,2026-06
TXN0000000742,ACC0010729,5766.76,SUCCESS,2026-04-02 17:45:08,1,1,1,2026-04
TXN0000000751,ACC0012316,71882.01,SUCCESS,2026-07-21 03:37:33,1,1,1,2026-07
TXN0000000755,ACC0028413,145434.81,SUCCESS,2026-02-01 17:23:27,1,1,1,2026-02
TXN0000000761,ACC0029356,126495.53,SUCCESS,2026-02-17 13:16:21,1,1,1,2026-02
TXN0000000764,ACC0008118,70959.51,SUCCESS,2026-05-06 23:48:16,1,1,1,2026-05
TXN0000000768,ACC0021414,48018.98,SUCCESS,2026-02-06 23:23:18,1,1,1,2026-02
TXN0000000783,ACC0017529,75902.74,SUCCESS,2026-06-10 03:15:54,1,1,1,2026-06
TXN0000000788,ACC0001646,121226.94,SUCCESS,2026-06-11 15:53:15,1,1,1,2026-06
TXN0000000799,ACC0001132,36911.59,SUCCESS,2026-06-18 13:14:26,1,1,1,2026-06
TXN0000000800,ACC0000700,19326.9,SUCCESS,2026-07-09 09:35:23,1,1,1,2026-07
TXN0000000805,ACC0014179,61606.11,SUCCESS,2026-02-21 11:41:34,1,1,1,2026-02
TXN0000000810,ACC0004413,131839.47,SUCCESS,2026-02-25 07:40:36,1,1,1,2026-02
TXN0000000814,ACC0019636,144280.18,SUCCESS,2026-04-20 03:52:53,1,1,1,2026-04
TXN0000000815,ACC0017656,13683.61,SUCCESS,2026-05-29 09:39:11,1,1,1,2026-05
TXN0000000821,ACC0024683,5813.3,SUCCESS,2026-05-23 12:02:53,1,1,1,2026-05
TXN0000000824,ACC0021840,139896.63,SUCCESS,2026-06-06 18:22:27,1,1,1,2026-06
TXN0000000836,ACC0027552,9384.2,SUCCESS,2026-07-14 07:50:19,1,1,1,2026-07
TXN0000000837,ACC0019532,8576.26,SUCCESS,2026-07-15 00:21:42,1,1,1,2026-07
TXN0000000838,ACC0010329,39544.79,SUCCESS,2026-07-26 19:14:20,1,1,1,2026-07
TXN0000000844,ACC0004166,83229.68,SUCCESS,2026-07-07 08:41:44,1,1,1,2026-07
TXN0000000846,ACC0021702,44214.83,SUCCESS,2026-03-08 08:20:32,1,1,1,2026-03
TXN0000000851,ACC0022681,53402.6,SUCCESS,2026-07-30 09:45:42,1,1,1,2026-07
TXN0000000863,ACC0015774,38588.42,SUCCESS,2026-06-22 20:57:43,1,1,1,2026-06
TXN0000000866,ACC0021044,21105.27,SUCCESS,2026-04-09 06:04:07,1,1,1,2026-04
TXN0000000869,ACC0028242,20198.09,SUCCESS,2026-02-20 16:48:11,1,1,1,2026-02
TXN0000000874,ACC0017531,55792.05,SUCCESS,2026-04-16 02:07:19,1,1,1,2026-04
TXN0000000875,ACC0005282,46081.79,SUCCESS,2026-05-31 01:16:06,1,1,1,2026-05
TXN0000000884,ACC0017953,47834.68,SUCCESS,2026-03-03 21:40:39,1,1,1,2026-03
TXN0000000888,ACC0024055,90889.5,SUCCESS,2026-03-13 13:28:18,1,1,1,2026-03
TXN0000000900,ACC0002586,148555.75,SUCCESS,2026-06-01 20:30:50,1,1,1,2026-06
TXN0000000906,ACC0010225,47733.5,SUCCESS,2026-01-18 10:59:38,1,1,1,2026-01
TXN0000000915,ACC0009284,101950.59,SUCCESS,2026-07-04 08:01:14,1,1,1,2026-07
TXN0000000920,ACC0000884,24317.93,SUCCESS,2026-06-14 19:37:01,1,1,1,2026-06
TXN0000000932,ACC0023074,36451.7,SUCCESS,2026-03-26 23:02:45,1,1,1,2026-03
TXN0000000940,ACC0018660,22805.22,SUCCESS,2026-05-14 12:38:25,1,1,1,2026-05
TXN0000000941,ACC0018409,104734.87,SUCCESS,2026-07-14 02:04:59,1,1,1,2026-07
TXN0000000945,ACC0014966,10845.7,SUCCESS,2026-07-23 16:10:59,1,1,1,2026-07
TXN0000000950,ACC0029306,102019.29,SUCCESS,2026-07-26 00:26:53,1,1,1,2026-07
TXN0000000955,ACC0027731,107426.44,SUCCESS,2026-07-23 04:46:02,1,1,1,2026-07
TXN0000000959,ACC0014142,99867.36,SUCCESS,2026-01-01 00:14:40,1,1,1,2026-01
TXN0000000964,ACC0024637,20184.97,SUCCESS,2026-07-06 18:05:02,1,1,1,2026-07
TXN0000000973,ACC0023988,54788.16,SUCCESS,2026-04-19 00:46:35,1,1,1,2026-04
TXN0000000983,ACC0002034,26973.04,SUCCESS,2026-04-22 23:20:16,1,1,1,2026-04
TXN0000000989,ACC0002201,116827.01,SUCCESS,2026-06-16 08:31:13,1,1,1,2026-06
TXN0000000991,ACC0014185,130331.88,SUCCESS,2026-06-17 07:19:21,1,1,1,2026-06
TXN0000000992,ACC0019836,137701.92,SUCCESS,2026-02-08 09:28:56,1,1,1,2026-02
TXN0000001001,ACC0013699,101942.01,SUCCESS,2026-05-16 10:19:12,1,1,1,2026-05
TXN0000001004,ACC0000463,57992.85,SUCCESS,2026-04-29 20:11:28,1,1,1,2026-04
TXN0000001005,ACC0029126,21150.68,SUCCESS,2026-07-20 00:53:32,1,1,1,2026-07
TXN0000001015,ACC0011740,35740.76,SUCCESS,2026-06-28 05:27:23,1,1,1,2026-06
TXN0000001018,ACC0017580,46536.93,SUCCESS,2026-03-09 06:29:33,1,1,1,2026-03
TXN0000001025,ACC0022302,20139.51,SUCCESS,2026-04-09 14:58:43,1,1,1,2026-04
TXN0000001026,ACC0011436,80917.17,SUCCESS,2026-05-22 03:43:25,1,1,1,2026-05
TXN0000001036,ACC0014814,95659.89,SUCCESS,2026-01-11 23:56:31,1,1,1,2026-01
TXN0000001039,ACC0023155,70276.07,SUCCESS,2026-07-29 23:08:42,1,1,1,2026-07
TXN0000001041,ACC0014434,127662.72,SUCCESS,2026-01-02 12:21:49,1,1,1,2026-01
TXN0000001050,ACC0002537,37954.14,SUCCESS,2026-03-25 00:54:08,1,1,1,2026-03
TXN0000001051,ACC0026665,25589.41,SUCCESS,2026-02-12 19:53:54,1,1,1,2026-02
TXN0000001053,ACC0015320,36775.49,SUCCESS,2026-07-03 16:56:30,1,1,1,2026-07
TXN0000001055,ACC0001485,132130.43,SUCCESS,2026-07-30 17:00:51,1,1,1,2026-07
TXN0000001056,ACC0029144,134870.38,SUCCESS,2026-08-07 11:11:10,1,1,1,2026-08
TXN0000001060,ACC0024337,31624.13,SUCCESS,2026-04-12 21:28:36,1,1,1,2026-04
TXN0000001061,ACC0011632,27568.2,SUCCESS,2026-06-11 23:27:11,1,1,1,2026-06
TXN0000001064,ACC0014029,30953.19,SUCCESS,2026-07-03 17:26:40,1,1,1,2026-07
TXN0000001075,ACC0019958,7954.01,SUCCESS,2026-04-15 14:41:50,1,1,1,2026-04
TXN0000001103,ACC0016510,100315.54,SUCCESS,2026-03-08 08:39:04,1,1,1,2026-03
TXN0000001117,ACC0029598,28969.94,SUCCESS,2026-07-09 14:04:14,1,1,1,2026-07
TXN0000001119,ACC0027183,80462.65,SUCCESS,2026-03-11 23:03:41,1,1,1,2026-03
TXN0000001133,ACC0003344,80055.19,SUCCESS,2026-03-27 13:09:39,1,1,1,2026-03
TXN0000001140,ACC0001437,101590.51,SUCCESS,2026-04-15 18:48:20,1,1,1,2026-04
TXN0000001143,ACC0000332,46969.39,SUCCESS,2026-02-20 00:25:12,1,1,1,2026-02
TXN0000001144,ACC0002408,141383.71,SUCCESS,2026-04-19 01:10:59,1,1,1,2026-04
TXN0000001147,ACC0016279,20252.34,SUCCESS,2026-03-08 13:23:34,1,1,1,2026-03
TXN0000001156,ACC0014992,110325.96,SUCCESS,2026-07-09 18:26:12,1,1,1,2026-07
TXN0000001175,ACC0007703,106536.98,SUCCESS,2026-03-07 16:21:34,1,1,1,2026-03
TXN0000001181,ACC0026996,200.41,SUCCESS,2026-05-19 00:14:11,1,1,1,2026-05
TXN0000001198,ACC0007007,68402.73,SUCCESS,2026-06-28 18:02:25,1,1,1,2026-06
TXN0000001203,ACC0006143,88028.24,SUCCESS,2026-01-17 23:39:21,1,1,1,2026-01
TXN0000001208,ACC0021498,14151.14,SUCCESS,2026-06-03 18:02:53,1,1,1,2026-06
TXN0000001209,ACC0002397,44445.73,SUCCESS,2026-04-27 14:40:08,1,1,1,2026-04
TXN0000001218,ACC0011167,83875.56,SUCCESS,2026-05-16 09:57:44,1,1,1,2026-05
TXN0000001220,ACC0026220,22268.9,SUCCESS,2026-05-16 18:44:42,1,1,1,2026-05
TXN0000001221,ACC0013002,42050.86,SUCCESS,2026-01-11 20:00:42,1,1,1,2026-01
TXN0000001225,ACC0001918,75639.51,SUCCESS,2026-01-04 17:24:49,1,1,1,2026-01
TXN0000001228,ACC0008473,8758.03,SUCCESS,2026-02-04 18:46:41,1,1,1,2026-02
TXN0000001230,ACC0021802,93867.12,SUCCESS,2026-03-20 23:55:43,1,1,1,2026-03
TXN0000001236,ACC0009112,82779.91,SUCCESS,2026-08-03 14:25:01,1,1,1,2026-08
TXN0000001244,ACC0024576,18387.7,SUCCESS,2026-05-06 09:25:17,1,1,1,2026-05
TXN0000001245,ACC0014549,115327.42,SUCCESS,2026-01-13 10:26:55,1,1,1,2026-01
TXN0000001247,ACC0016933,133458.74,SUCCESS,2026-02-10 10:06:47,1,1,1,2026-02
TXN0000001248,ACC0001686,106243.47,SUCCESS,2026-07-26 13:33:48,1,1,1,2026-07
TXN0000001254,ACC0022911,88608.61,SUCCESS,2026-01-19 00:50:34,1,1,1,2026-01
TXN0000001255,ACC0002828,102195.87,SUCCESS,2026-04-08 10:30:06,1,1,1,2026-04
TXN0000001259,ACC0003508,77919.76,SUCCESS,2026-03-17 03:10:06,1,1,1,2026-03
TXN0000001262,ACC0014359,3629.76,SUCCESS,2026-05-04 20:12:13,1,1,1,2026-05
TXN0000001264,ACC0015324,105776.59,SUCCESS,2026-03-05 01:15:01,1,1,1,2026-03
TXN0000001269,ACC0005560,122037.34,SUCCESS,2026-07-24 11:45:49,1,1,1,2026-07
TXN0000001277,ACC0023860,131791.18,SUCCESS,2026-03-26 22:26:24,1,1,1,2026-03
TXN0000001300,ACC0024027,50361.45,SUCCESS,2026-06-22 00:03:52,1,1,1,2026-06
TXN0000001302,ACC0023839,5570.92,SUCCESS,2026-07-01 09:19:16,1,1,1,2026-07
TXN0000001305,ACC0007280,98541.11,SUCCESS,2026-08-07 23:52:35,1,1,1,2026-08
TXN0000001306,ACC0029283,72803.45,SUCCESS,2026-05-04 15:04:55,1,1,1,2026-05
TXN0000001309,ACC0004813,11123.19,SUCCESS,2026-03-25 23:08:20,1,1,1,2026-03
TXN0000001312,ACC0021990,134229.02,SUCCESS,2026-03-24 05:07:19,1,1,1,2026-03
TXN0000001314,ACC0012868,78559.29,SUCCESS,2026-08-06 10:11:28,1,1,1,2026-08
TXN0000001331,ACC0005064,57623.52,SUCCESS,2026-04-04 13:06:27,1,1,1,2026-04
TXN0000001333,ACC0026269,12486.26,SUCCESS,2026-04-20 17:33:10,1,1,1,2026-04
TXN0000001339,ACC0010721,148442.47,SUCCESS,2026-02-24 02:50:47,1,1,1,2026-02
TXN0000001346,ACC0012619,93045.98,SUCCESS,2026-08-04 21:31:24,1,1,1,2026-08
TXN0000001349,ACC0022688,8713.88,SUCCESS,2026-01-18 23:23:23,1,1,1,2026-01
TXN0000001353,ACC0007618,70734.34,SUCCESS,2026-07-08 10:49:55,1,1,1,2026-07
TXN0000001360,ACC0012355,101495.23,SUCCESS,2026-04-12 22:31:54,1,1,1,2026-04
TXN0000001363,ACC0001138,59152.09,SUCCESS,2026-06-17 07:41:40,1,1,1,2026-06
TXN0000001379,ACC0007729,132573.75,SUCCESS,2026-04-03 22:05:13,1,1,1,2026-04
TXN0000001383,ACC0026119,17406.76,SUCCESS,2026-03-14 14:45:13,1,1,1,2026-03
TXN0000001384,ACC0028789,118101.56,SUCCESS,2026-03-23 13:04:09,1,1,1,2026-03
TXN0000001387,ACC0003335,27094.5,SUCCESS,2026-04-19 11:53:36,1,1,1,2026-04
TXN0000001398,ACC0006304,40896.42,SUCCESS,2026-02-13 03:28:56,1,1,1,2026-02
TXN0000001404,ACC0027290,126759.18,SUCCESS,2026-06-28 17:47:16,1,1,1,2026-06
TXN0000001406,ACC0007039,130636.17,SUCCESS,2026-05-22 11:44:34,1,1,1,2026-05
TXN0000001409,ACC0014328,18633.51,SUCCESS,2026-06-09 17:17:48,1,1,1,2026-06
TXN0000001418,ACC0003205,48692.71,SUCCESS,2026-02-04 19:27:43,1,1,1,2026-02
TXN0000001420,ACC0000115,86309.24,SUCCESS,2026-07-26 18:38:05,1,1,1,2026-07
TXN0000001422,ACC0022221,74842.92,SUCCESS,2026-05-26 22:06:05,1,1,1,2026-05
TXN0000001428,ACC0004752,98042.43,SUCCESS,2026-06-12 04:43:29,1,1,1,2026-06
TXN0000001432,ACC0010854,95016.31,SUCCESS,2026-01-28 00:41:51,1,1,1,2026-01
TXN0000001438,ACC0026479,33534.85,SUCCESS,2026-03-03 12:59:06,1,1,1,2026-03
TXN0000001440,ACC0020663,58928.28,SUCCESS,2026-01-13 02:53:56,1,1,1,2026-01
TXN0000001442,ACC0006231,118060.91,SUCCESS,2026-02-21 07:01:28,1,1,1,2026-02
TXN0000001448,ACC0002892,217.71,SUCCESS,2026-01-24 20:22:24,1,1,1,2026-01
TXN0000001454,ACC0025285,14031.39,SUCCESS,2026-06-26 05:31:49,1,1,1,2026-06
TXN0000001460,ACC0002871,122031.73,SUCCESS,2026-05-10 05:01:17,1,1,1,2026-05
TXN0000001461,ACC0013157,121441.53,SUCCESS,2026-03-30 07:45:45,1,1,1,2026-03
TXN0000001465,ACC0024452,34068.22,SUCCESS,2026-02-13 05:09:00,1,1,1,2026-02
TXN0000001484,ACC0019177,82000.8,SUCCESS,2026-06-30 10:01:24,1,1,1,2026-06
TXN0000001487,ACC0000520,16380.96,SUCCESS,2026-01-10 19:25:41,1,1,1,2026-01
TXN0000001488,ACC0016185,104824.19,SUCCESS,2026-06-20 06:48:25,1,1,1,2026-06
TXN0000001498,ACC0006502,54774.98,SUCCESS,2026-07-27 02:22:39,1,1,1,2026-07
TXN0000001500,ACC0011470,90010.47,SUCCESS,2026-02-09 04:40:09,1,1,1,2026-02
TXN0000001501,ACC0021021,67661.56,SUCCESS,2026-03-17 02:10:26,1,1,1,2026-03
TXN0000001517,ACC0019270,113899.07,SUCCESS,2026-07-16 11:11:20,1,1,1,2026-07
TXN0000001535,ACC0027698,111890.32,SUCCESS,2026-02-08 07:34:58,1,1,1,2026-02
TXN0000001539,ACC0016456,138124.32,SUCCESS,2026-04-04 06:11:38,1,1,1,2026-04
TXN0000001542,ACC0007777,5996.06,SUCCESS,2026-07-13 10:47:00,1,1,1,2026-07
TXN0000001549,ACC0027654,146435.81,SUCCESS,2026-04-29 09:07:50,1,1,1,2026-04
TXN0000001554,ACC0012874,50195.41,SUCCESS,2026-03-23 15:19:18,1,1,1,2026-03
TXN0000001556,ACC0005088,123724.43,SUCCESS,2026-05-01 06:21:19,1,1,1,2026-05
TXN0000001557,ACC0010853,30576.35,SUCCESS,2026-04-02 07:25:47,1,1,1,2026-04
TXN0000001566,ACC0016773,118452.91,SUCCESS,2026-04-19 16:30:19,1,1,1,2026-04
TXN0000001568,ACC0027092,97057.66,SUCCESS,2026-07-05 02:13:35,1,1,1,2026-07
TXN0000001575,ACC0024113,99039.74,SUCCESS,2026-06-25 20:52:05,1,1,1,2026-06
TXN0000001580,ACC0021545,25466.38,SUCCESS,2026-01-04 02:02:07,1,1,1,2026-01
TXN0000001583,ACC0012896,79959.62,SUCCESS,2026-01-30 09:27:45,1,1,1,2026-01
TXN0000001613,ACC0010519,130326.4,SUCCESS,2026-03-09 07:45:08,1,1,1,2026-03
TXN0000001618,ACC0023377,56414.69,SUCCESS,2026-07-13 04:56:41,1,1,1,2026-07
TXN0000001619,ACC0008489,112604.27,SUCCESS,2026-01-07 07:57:32,1,1,1,2026-01
TXN0000001624,ACC0025099,20408.77,SUCCESS,2026-03-04 03:16:05,1,1,1,2026-03
TXN0000001628,ACC0021080,90047.64,SUCCESS,2026-01-21 19:13:22,1,1,1,2026-01
TXN0000001630,ACC0014670,69808.09,SUCCESS,2026-05-25 00:35:20,1,1,1,2026-05
TXN0000001633,ACC0015880,44138.78,SUCCESS,2026-04-15 20:47:58,1,1,1,2026-04
TXN0000001648,ACC0027961,101872.25,SUCCESS,2026-05-04 15:46:39,1,1,1,2026-05
TXN0000001650,ACC0000121,31643.02,SUCCESS,2026-06-25 18:28:15,1,1,1,2026-06
TXN0000001651,ACC0016529,61672.26,SUCCESS,2026-07-20 18:28:06,1,1,1,2026-07
TXN0000001656,ACC0015406,12613.25,SUCCESS,2026-05-19 17:58:54,1,1,1,2026-05
TXN0000001662,ACC0010764,89007.18,SUCCESS,2026-04-03 12:11:28,1,1,1,2026-04
TXN0000001669,ACC0001506,97213.34,SUCCESS,2026-03-17 01:03:55,1,1,1,2026-03
TXN0000001671,ACC0023833,20547.31,SUCCESS,2026-07-07 23:24:20,1,1,1,2026-07
TXN0000001675,ACC0016574,109931.72,SUCCESS,2026-03-12 11:54:31,1,1,1,2026-03
TXN0000001679,ACC0000191,2353.1,SUCCESS,2026-07-16 20:05:38,1,1,1,2026-07
TXN0000001690,ACC0014676,105586.22,SUCCESS,2026-01-15 17:49:54,1,1,1,2026-01
TXN0000001695,ACC0001861,43502.98,SUCCESS,2026-04-10 21:20:19,1,1,1,2026-04
TXN0000001698,ACC0002969,9378.42,SUCCESS,2026-03-25 06:46:19,1,1,1,2026-03
TXN0000001700,ACC0018917,16452.63,SUCCESS,2026-02-01 17:33:34,1,1,1,2026-02
TXN0000001702,ACC0021935,95480.41,SUCCESS,2026-01-07 13:32:04,1,1,1,2026-01
TXN0000001712,ACC0013574,32738.58,SUCCESS,2026-05-19 23:01:02,1,1,1,2026-05
TXN0000001728,ACC0028607,68975.96,SUCCESS,2026-01-18 06:56:20,1,1,1,2026-01
TXN0000001737,ACC0000570,124243.94,SUCCESS,2026-02-15 04:54:00,1,1,1,2026-02
TXN0000001740,ACC0006411,82298.2,SUCCESS,2026-04-07 07:29:33,1,1,1,2026-04
TXN0000001745,ACC0001858,64444.8,SUCCESS,2026-07-06 00:27:09,1,1,1,2026-07
TXN0000001746,ACC0003461,68879.78,SUCCESS,2026-04-27 04:26:56,1,1,1,2026-04
TXN0000001762,ACC0010946,75321.91,SUCCESS,2026-01-10 21:18:01,1,1,1,2026-01
TXN0000001777,ACC0012367,107547.1,SUCCESS,2026-02-10 05:04:38,1,1,1,2026-02
TXN0000001782,ACC0023382,108887.9,SUCCESS,2026-02-07 14:48:54,1,1,1,2026-02
TXN0000001804,ACC0000398,81961.49,SUCCESS,2026-07-11 00:05:12,1,1,1,2026-07
TXN0000001806,ACC0014631,30054.37,SUCCESS,2026-07-23 05:21:38,1,1,1,2026-07
TXN0000001808,ACC0001923,138387.29,SUCCESS,2026-06-15 16:09:30,1,1,1,2026-06
TXN0000001809,ACC0004675,23245.62,SUCCESS,2026-03-09 20:02:38,1,1,1,2026-03
TXN0000001814,ACC0024035,112924.28,SUCCESS,2026-06-10 04:12:18,1,1,1,2026-06
TXN0000001819,ACC0013563,41459.52,SUCCESS,2026-04-21 17:31:12,1,1,1,2026-04
TXN0000001825,ACC0008496,125120.51,SUCCESS,2026-03-29 18:13:20,1,1,1,2026-03
TXN0000001828,ACC0000394,29865.53,SUCCESS,2026-03-14 06:05:41,1,1,1,2026-03
TXN0000001839,ACC0003386,140901.34,SUCCESS,2026-07-31 22:28:40,1,1,1,2026-07
TXN0000001849,ACC0021845,103765.94,SUCCESS,2026-01-25 11:40:24,1,1,1,2026-01
TXN0000001850,ACC0008292,79166.45,SUCCESS,2026-01-26 04:04:53,1,1,1,2026-01
TXN0000001851,ACC0008055,21999.86,SUCCESS,2026-03-07 05:46:59,1,1,1,2026-03
TXN0000001857,ACC0024847,126342.08,SUCCESS,2026-07-05 15:15:33,1,1,1,2026-07
TXN0000001870,ACC0024530,6506.33,SUCCESS,2026-05-05 21:17:15,1,1,1,2026-05
TXN0000001881,ACC0015860,130315.22,SUCCESS,2026-05-06 05:14:36,1,1,1,2026-05
TXN0000001882,ACC0001004,50834.74,SUCCESS,2026-06-12 05:48:51,1,1,1,2026-06
TXN0000001887,ACC0006579,132472.63,SUCCESS,2026-04-28 09:12:46,1,1,1,2026-04
TXN0000001913,ACC0024393,6354.7,SUCCESS,2026-07-11 15:19:28,1,1,1,2026-07
TXN0000001915,ACC0007315,97737.85,SUCCESS,2026-04-19 18:50:15,1,1,1,2026-04
TXN0000001918,ACC0000173,149195.12,SUCCESS,2026-05-16 22:41:39,1,1,1,2026-05
TXN0000001923,ACC0011555,10713.97,SUCCESS,2026-06-28 08:02:14,1,1,1,2026-06
TXN0000001924,ACC0017025,115417.51,SUCCESS,2026-01-25 10:00:52,1,1,1,2026-01
TXN0000001925,ACC0017867,45118.17,SUCCESS,2026-01-10 00:45:05,1,1,1,2026-01
TXN0000001940,ACC0008943,109949.3,SUCCESS,2026-06-11 09:57:36,1,1,1,2026-06
TXN0000001944,ACC0003522,98280.71,SUCCESS,2026-03-18 17:49:05,1,1,1,2026-03
TXN0000001950,ACC0019847,148809.72,SUCCESS,2026-04-18 04:20:03,1,1,1,2026-04
TXN0000001955,ACC0010653,115044.02,SUCCESS,2026-03-26 00:44:43,1,2,1,2026-03
TXN0000001959,ACC0028993,130932.24,SUCCESS,2026-07-07 06:10:41,1,1,1,2026-07
TXN0000001960,ACC0016611,135707.57,SUCCESS,2026-06-03 04:08:56,1,1,1,2026-06
TXN0000001964,ACC0028367,39500.54,SUCCESS,2026-04-12 21:13:35,1,1,1,2026-04
TXN0000001974,ACC0017628,48193.58,SUCCESS,2026-05-17 03:00:11,1,1,1,2026-05
TXN0000001981,ACC0026763,23094.35,SUCCESS,2026-02-10 14:11:12,1,1,1,2026-02
TXN0000001983,ACC0007725,118547.69,SUCCESS,2026-02-01 23:49:59,1,1,1,2026-02
TXN0000001987,ACC0022516,82407.32,SUCCESS,2026-05-25 13:32:32,1,1,1,2026-05
TXN0000001992,ACC0023021,25376.3,SUCCESS,2026-03-23 15:23:01,1,1,1,2026-03
TXN0000001996,ACC0007886,23990.33,SUCCESS,2026-03-02 21:28:31,1,1,1,2026-03
TXN0000002002,ACC0013441,105446.65,SUCCESS,2026-04-15 07:13:45,1,1,1,2026-04
TXN0000002009,ACC0007412,146440.41,SUCCESS,2026-05-24 00:52:20,1,1,1,2026-05
TXN0000002017,ACC0016637,106885.68,SUCCESS,2026-04-04 11:29:54,1,1,1,2026-04
TXN0000002018,ACC0015251,11662.86,SUCCESS,2026-03-24 11:41:31,1,1,1,2026-03
TXN0000002019,ACC0006182,87879.23,SUCCESS,2026-03-25 21:56:41,1,1,1,2026-03
TXN0000002024,ACC0009118,105060.17,SUCCESS,2026-05-10 01:31:27,1,1,1,2026-05
TXN0000002032,ACC0021380,87785.18,SUCCESS,2026-04-29 17:22:25,1,1,1,2026-04
TXN0000002033,ACC0022463,124242.82,SUCCESS,2026-02-05 00:36:12,1,1,1,2026-02
TXN0000002034,ACC0007818,122681.71,SUCCESS,2026-06-15 09:46:08,1,1,1,2026-06
TXN0000002042,ACC0021352,110425.29,SUCCESS,2026-06-08 07:31:55,1,1,1,2026-06
TXN0000002043,ACC0026127,133657.77,SUCCESS,2026-06-14 03:36:17,1,1,1,2026-06
TXN0000002049,ACC0010799,41995.25,SUCCESS,2026-01-21 08:20:59,1,1,1,2026-01
TXN0000002059,ACC0014881,63709.93,SUCCESS,2026-03-01 10:11:26,1,1,1,2026-03
TXN0000002060,ACC0020304,10638.78,SUCCESS,2026-05-05 16:01:42,1,1,1,2026-05
TXN0000002063,ACC0008456,134458.33,SUCCESS,2026-01-30 09:18:31,1,1,1,2026-01
TXN0000002069,ACC0005358,90671.3,SUCCESS,2026-05-22 06:41:18,1,1,1,2026-05
TXN0000002072,ACC0029533,103106.91,SUCCESS,2026-03-11 17:21:56,1,1,1,2026-03
TXN0000002073,ACC0011021,49776.96,SUCCESS,2026-04-17 02:49:31,1,1,1,2026-04
TXN0000002088,ACC0019813,62291.14,SUCCESS,2026-06-28 22:36:40,1,1,1,2026-06
TXN0000002090,ACC0015624,148863.18,SUCCESS,2026-07-20 03:10:05,1,1,1,2026-07
TXN0000002095,ACC0004787,16983.81,SUCCESS,2026-03-25 01:07:39,1,1,1,2026-03
TXN0000002096,ACC0025511,39679.58,SUCCESS,2026-05-24 09:56:52,1,1,1,2026-05
TXN0000002097,ACC0020043,97715.44,SUCCESS,2026-01-30 16:11:24,1,1,1,2026-01
TXN0000002101,ACC0024340,85341.21,SUCCESS,2026-04-09 02:59:25,1,1,1,2026-04
TXN0000002110,ACC0004951,82458.74,SUCCESS,2026-08-01 06:26:36,1,1,1,2026-08
TXN0000002113,ACC0021732,100979.96,SUCCESS,2026-01-01 11:39:38,1,1,1,2026-01
TXN0000002115,ACC0002956,37870.27,SUCCESS,2026-03-09 21:59:23,1,1,1,2026-03
TXN0000002117,ACC0012416,93188.73,SUCCESS,2026-01-07 08:00:08,1,1,1,2026-01
TXN0000002120,ACC0027935,4677.47,SUCCESS,2026-01-27 03:34:20,1,1,1,2026-01
TXN0000002131,ACC0018130,40738.05,SUCCESS,2026-01-11 23:52:23,1,1,1,2026-01
TXN0000002140,ACC0018666,86894.68,SUCCESS,2026-01-07 15:57:54,1,1,1,2026-01
TXN0000002153,ACC0024843,38927.73,SUCCESS,2026-07-28 16:27:11,1,1,1,2026-07
TXN0000002156,ACC0018274,27149.52,SUCCESS,2026-02-21 10:53:46,1,1,1,2026-02
TXN0000002157,ACC0016394,65858.49,SUCCESS,2026-06-24 05:36:55,1,1,1,2026-06
TXN0000002165,ACC0001029,26947.13,SUCCESS,2026-03-02 12:17:31,1,1,1,2026-03
TXN0000002169,ACC0011089,127487.78,SUCCESS,2026-05-23 23:43:24,1,1,1,2026-05
TXN0000002181,ACC0026964,106791.86,SUCCESS,2026-03-03 11:10:38,1,1,1,2026-03
TXN0000002206,ACC0026840,131670.75,SUCCESS,2026-07-14 11:09:56,1,1,1,2026-07
TXN0000002214,ACC0021921,52806.81,SUCCESS,2026-05-11 05:01:34,1,1,1,2026-05
TXN0000002215,ACC0025947,67928.6,SUCCESS,2026-05-16 05:10:40,1,1,1,2026-05
TXN0000002216,ACC0005740,72967.37,SUCCESS,2026-01-25 00:34:06,1,1,1,2026-01
TXN0000002218,ACC0005335,82150.18,SUCCESS,2026-03-03 22:32:59,1,1,1,2026-03
TXN0000002229,ACC0003285,92765.92,SUCCESS,2026-07-19 11:01:20,1,1,1,2026-07
TXN0000002235,ACC0000438,111150.52,SUCCESS,2026-07-05 22:59:59,1,1,1,2026-07
TXN0000002252,ACC0010979,3199.28,SUCCESS,2026-04-11 07:40:51,1,1,1,2026-04
TXN0000002259,ACC0020053,49480.88,SUCCESS,2026-06-13 16:09:39,1,1,1,2026-06
TXN0000002266,ACC0003438,61400.53,SUCCESS,2026-03-14 09:52:28,1,1,1,2026-03
TXN0000002272,ACC0029797,88706.01,SUCCESS,2026-06-04 16:39:58,1,1,1,2026-06
TXN0000002279,ACC0019338,34696.36,SUCCESS,2026-04-21 09:13:24,1,1,1,2026-04
TXN0000002282,ACC0024798,142292.21,SUCCESS,2026-05-13 09:37:24,1,1,1,2026-05
TXN0000002291,ACC0017282,124736.04,SUCCESS,2026-01-02 23:53:20,1,1,1,2026-01
TXN0000002293,ACC0018081,50078.7,SUCCESS,2026-01-07 13:42:53,1,1,1,2026-01
TXN0000002295,ACC0013661,60370.04,SUCCESS,2026-04-02 18:33:19,1,1,1,2026-04
TXN0000002296,ACC0008039,6752.96,SUCCESS,2026-02-04 16:41:44,1,1,1,2026-02
TXN0000002298,ACC0009097,73424.18,SUCCESS,2026-01-04 03:02:11,1,1,1,2026-01
TXN0000002302,ACC0012988,93764.7,SUCCESS,2026-03-19 23:16:37,1,1,1,2026-03
TXN0000002304,ACC0015838,67310.09,SUCCESS,2026-03-17 10:04:42,1,1,1,2026-03
TXN0000002316,ACC0019444,6593.0,SUCCESS,2026-07-22 04:56:11,1,1,1,2026-07
TXN0000002324,ACC0026141,46270.72,SUCCESS,2026-04-03 15:45:47,1,1,1,2026-04
TXN0000002328,ACC0024740,109201.84,SUCCESS,2026-01-29 00:03:29,1,1,1,2026-01
TXN0000002333,ACC0007407,122641.87,SUCCESS,2026-04-06 20:15:51,1,1,1,2026-04
TXN0000002334,ACC0020297,62886.21,SUCCESS,2026-08-03 17:28:59,1,2,1,2026-08
TXN0000002343,ACC0027264,38446.68,SUCCESS,2026-05-16 14:54:30,1,1,1,2026-05
TXN0000002361,ACC0015901,52114.81,SUCCESS,2026-05-18 07:09:45,1,1,1,2026-05
TXN0000002363,ACC0025850,52294.74,SUCCESS,2026-02-16 22:21:49,1,1,1,2026-02
TXN0000002376,ACC0004895,87492.3,SUCCESS,2026-04-05 23:18:45,1,1,1,2026-04
TXN0000002377,ACC0007332,72827.47,SUCCESS,2026-06-22 13:48:02,1,1,1,2026-06
TXN0000002384,ACC0015524,148715.91,SUCCESS,2026-04-24 23:50:51,1,1,1,2026-04
TXN0000002387,ACC0019092,62101.68,SUCCESS,2026-07-04 10:47:16,1,1,1,2026-07
TXN0000002393,ACC0029564,141231.03,SUCCESS,2026-08-03 04:49:07,1,1,1,2026-08
TXN0000002401,ACC0010290,32517.46,SUCCESS,2026-04-26 03:55:41,1,2,1,2026-04
TXN0000002406,ACC0010549,111341.32,SUCCESS,2026-07-15 20:43:42,1,1,1,2026-07
TXN0000002407,ACC0022377,130191.95,SUCCESS,2026-01-08 06:51:59,1,1,1,2026-01
TXN0000002408,ACC0023846,122002.49,SUCCESS,2026-03-19 08:08:42,1,1,1,2026-03
TXN0000002413,ACC0023311,38994.39,SUCCESS,2026-06-11 06:24:23,1,1,1,2026-06
TXN0000002417,ACC0010708,76671.77,SUCCESS,2026-04-27 12:27:02,1,1,1,2026-04
TXN0000002422,ACC0001866,34303.48,SUCCESS,2026-05-01 10:54:07,1,1,1,2026-05
TXN0000002423,ACC0000739,114207.41,SUCCESS,2026-05-30 14:37:06,1,1,1,2026-05
TXN0000002433,ACC0029569,125664.47,SUCCESS,2026-07-17 13:25:49,1,1,1,2026-07
TXN0000002438,ACC0025333,111668.24,SUCCESS,2026-04-27 20:51:15,1,1,1,2026-04
TXN0000002441,ACC0024086,49418.8,SUCCESS,2026-03-29 22:59:40,1,1,1,2026-03
TXN0000002448,ACC0006191,33123.02,SUCCESS,2026-01-29 06:01:02,1,1,1,2026-01
TXN0000002454,ACC0023085,17072.15,SUCCESS,2026-01-19 12:28:30,1,1,1,2026-01
TXN0000002458,ACC0010122,98904.88,SUCCESS,2026-04-23 03:30:00,1,1,1,2026-04
TXN0000002466,ACC0014557,71813.81,SUCCESS,2026-05-26 09:11:06,1,1,1,2026-05
TXN0000002470,ACC0002340,144223.52,SUCCESS,2026-04-08 08:03:48,1,1,1,2026-04
TXN0000002478,ACC0008469,18619.57,SUCCESS,2026-04-30 06:22:36,1,1,1,2026-04
TXN0000002482,ACC0005942,39639.37,SUCCESS,2026-01-21 14:48:01,1,1,1,2026-01
TXN0000002485,ACC0006158,92763.52,SUCCESS,2026-07-11 15:36:41,1,1,1,2026-07
TXN0000002487,ACC0025804,91864.66,SUCCESS,2026-03-18 21:30:06,1,1,1,2026-03
TXN0000002489,ACC0029101,95484.25,SUCCESS,2026-05-07 09:13:51,1,1,1,2026-05
TXN0000002497,ACC0001969,27619.52,SUCCESS,2026-05-13 17:19:54,1,1,1,2026-05
TXN0000002505,ACC0004491,64615.41,SUCCESS,2026-06-29 00:40:37,1,1,1,2026-06
TXN0000002510,ACC0028898,107969.11,SUCCESS,2026-03-29 16:54:48,1,1,1,2026-03
TXN0000002513,ACC0025914,15843.64,SUCCESS,2026-01-27 23:30:48,1,1,1,2026-01
TXN0000002525,ACC0005606,32998.16,SUCCESS,2026-06-20 02:13:03,1,1,1,2026-06
TXN0000002533,ACC0027808,106982.96,SUCCESS,2026-07-15 00:34:59,1,1,1,2026-07
TXN0000002535,ACC0029367,37780.69,SUCCESS,2026-07-16 12:55:36,1,1,1,2026-07
TXN0000002541,ACC0004161,4445.36,SUCCESS,2026-07-28 18:40:23,1,1,1,2026-07
TXN0000002546,ACC0028819,74038.1,SUCCESS,2026-08-01 22:30:10,1,1,1,2026-08
TXN0000002552,ACC0017836,124618.43,SUCCESS,2026-01-30 03:08:47,1,1,1,2026-01
TXN0000002563,ACC0002961,93869.32,SUCCESS,2026-04-07 16:17:37,1,1,1,2026-04
TXN0000002565,ACC0018225,143306.94,SUCCESS,2026-02-22 08:59:10,1,1,1,2026-02
TXN0000002566,ACC0025311,138528.77,SUCCESS,2026-03-29 00:37:45,1,1,1,2026-03
TXN0000002584,ACC0001297,17061.06,SUCCESS,2026-05-27 20:52:32,1,2,1,2026-05
TXN0000002586,ACC0003294,18033.62,SUCCESS,2026-04-13 23:53:43,1,1,1,2026-04
TXN0000002596,ACC0028404,94759.64,SUCCESS,2026-02-26 10:50:09,1,1,1,2026-02
TXN0000002598,ACC0005410,78671.39,SUCCESS,2026-02-09 09:12:38,1,1,1,2026-02
TXN0000002601,ACC0023359,139382.75,SUCCESS,2026-06-29 14:11:44,1,1,1,2026-06
TXN0000002613,ACC0001261,86679.14,SUCCESS,2026-07-20 08:15:39,1,1,1,2026-07
TXN0000002614,ACC0021093,15737.26,SUCCESS,2026-03-01 21:59:12,1,1,1,2026-03
TXN0000002619,ACC0011904,118994.66,SUCCESS,2026-06-14 05:24:58,1,1,1,2026-06
TXN0000002620,ACC0017956,72201.66,SUCCESS,2026-03-19 21:29:05,1,1,1,2026-03
TXN0000002637,ACC0027818,38293.48,SUCCESS,2026-03-29 20:21:13,1,1,1,2026-03
TXN0000002638,ACC0024678,3028.27,SUCCESS,2026-05-24 20:19:18,1,1,1,2026-05
TXN0000002649,ACC0010492,65919.04,SUCCESS,2026-08-08 14:14:06,1,1,1,2026-08
TXN0000002651,ACC0010948,91421.85,SUCCESS,2026-05-13 06:10:29,1,1,1,2026-05
TXN0000002652,ACC0010244,17619.88,SUCCESS,2026-01-30 19:27:39,1,1,1,2026-01
TXN0000002657,ACC0019227,123383.66,SUCCESS,2026-07-16 02:00:16,1,1,1,2026-07
TXN0000002658,ACC0010016,9174.2,SUCCESS,2026-06-12 15:31:58,1,1,1,2026-06
TXN0000002660,ACC0014564,110544.78,SUCCESS,2026-06-26 16:24:09,1,1,1,2026-06
TXN0000002667,ACC0001734,27970.73,SUCCESS,2026-01-22 21:54:06,1,1,1,2026-01
TXN0000002672,ACC0013421,124194.85,SUCCESS,2026-02-10 21:08:42,1,1,1,2026-02
TXN0000002676,ACC0022383,106986.66,SUCCESS,2026-06-06 05:27:42,1,1,1,2026-06
TXN0000002679,ACC0018804,57541.89,SUCCESS,2026-05-25 13:09:02,1,1,1,2026-05
TXN0000002681,ACC0024200,91637.01,SUCCESS,2026-04-21 08:47:36,1,1,1,2026-04
TXN0000002694,ACC0013952,58349.71,SUCCESS,2026-03-21 10:31:05,1,1,1,2026-03
TXN0000002698,ACC0023028,100414.06,SUCCESS,2026-04-11 03:04:52,1,1,1,2026-04
TXN0000002701,ACC0011036,63563.06,SUCCESS,2026-07-12 21:46:36,1,1,1,2026-07
TXN0000002706,ACC0028428,134896.88,SUCCESS,2026-05-18 20:19:29,1,1,1,2026-05
TXN0000002710,ACC0026393,140229.07,SUCCESS,2026-08-01 10:49:19,1,1,1,2026-08
TXN0000002711,ACC0005056,14857.1,SUCCESS,2026-01-27 19:22:35,1,1,1,2026-01
TXN0000002714,ACC0021493,85019.45,SUCCESS,2026-01-17 17:00:29,1,1,1,2026-01
TXN0000002717,ACC0004855,123302.05,SUCCESS,2026-05-08 08:22:10,1,1,1,2026-05
TXN0000002719,ACC0016396,135820.17,SUCCESS,2026-07-05 10:17:22,1,1,1,2026-07
TXN0000002720,ACC0015142,144250.03,SUCCESS,2026-01-09 08:28:46,1,1,1,2026-01
TXN0000002722,ACC0007778,54193.32,SUCCESS,2026-05-21 08:20:57,1,1,1,2026-05
TXN0000002732,ACC0007909,17909.17,SUCCESS,2026-03-04 08:27:03,1,1,1,2026-03
TXN0000002739,ACC0023070,98132.71,SUCCESS,2026-04-14 16:33:10,1,1,1,2026-04
TXN0000002742,ACC0028431,79445.1,SUCCESS,2026-02-05 06:05:24,1,1,1,2026-02
TXN0000002765,ACC0000268,43414.26,SUCCESS,2026-02-05 09:08:43,1,1,1,2026-02
TXN0000002770,ACC0018763,118355.52,SUCCESS,2026-03-19 02:46:32,1,1,1,2026-03
TXN0000002778,ACC0010608,102202.89,SUCCESS,2026-02-28 16:01:10,1,1,1,2026-02
TXN0000002781,ACC0025636,40695.86,SUCCESS,2026-03-30 00:27:22,1,1,1,2026-03
TXN0000002784,ACC0005025,14056.14,SUCCESS,2026-04-13 19:38:56,1,1,1,2026-04
TXN0000002791,ACC0025034,3472.97,SUCCESS,2026-07-20 08:21:33,1,1,1,2026-07
TXN0000002792,ACC0015986,12769.15,SUCCESS,2026-01-07 01:51:52,1,1,1,2026-01
TXN0000002810,ACC0025530,28816.15,SUCCESS,2026-03-13 06:59:00,1,1,1,2026-03
TXN0000002813,ACC0004896,62513.66,SUCCESS,2026-01-17 15:34:57,1,1,1,2026-01
TXN0000002816,ACC0020228,87749.27,SUCCESS,2026-04-13 09:49:59,1,1,1,2026-04
TXN0000002822,ACC0008053,21041.14,SUCCESS,2026-05-24 09:17:16,1,1,1,2026-05
TXN0000002824,ACC0015547,1121.0,SUCCESS,2026-08-05 12:19:40,1,2,1,2026-08
TXN0000002826,ACC0010981,99404.06,SUCCESS,2026-03-13 22:19:43,1,1,1,2026-03
TXN0000002828,ACC0023826,76966.91,SUCCESS,2026-08-02 18:12:01,1,1,1,2026-08
TXN0000002834,ACC0025358,79542.11,SUCCESS,2026-01-31 15:36:44,1,1,1,2026-01
TXN0000002852,ACC0022045,132496.29,SUCCESS,2026-03-20 13:54:06,1,1,1,2026-03
TXN0000002861,ACC0025737,13116.37,SUCCESS,2026-07-12 03:37:44,1,1,1,2026-07
TXN0000002874,ACC0014371,28866.98,SUCCESS,2026-03-19 17:45:46,1,1,1,2026-03
TXN0000002877,ACC0009564,97528.45,SUCCESS,2026-02-11 23:37:57,1,1,1,2026-02
TXN0000002894,ACC0021304,144508.88,SUCCESS,2026-02-13 00:13:19,1,1,1,2026-02
TXN0000002901,ACC0025676,26407.67,SUCCESS,2026-06-11 01:37:58,1,1,1,2026-06
TXN0000002907,ACC0009670,138096.24,SUCCESS,2026-04-09 00:42:25,1,1,1,2026-04
TXN0000002908,ACC0008407,26347.36,SUCCESS,2026-03-02 15:25:12,1,1,1,2026-03
TXN0000002910,ACC0028695,56896.79,SUCCESS,2026-04-19 11:18:27,1,1,1,2026-04
TXN0000002913,ACC0010827,95881.76,SUCCESS,2026-03-14 11:49:20,1,1,1,2026-03
TXN0000002915,ACC0015265,28249.96,SUCCESS,2026-04-01 00:12:12,1,1,1,2026-04
TXN0000002917,ACC0016560,52228.44,SUCCESS,2026-02-15 20:13:54,1,1,1,2026-02
TXN0000002919,ACC0021247,92631.11,SUCCESS,2026-07-04 23:29:09,1,1,1,2026-07
TXN0000002921,ACC0022127,14786.57,SUCCESS,2026-02-03 11:26:15,1,1,1,2026-02
TXN0000002922,ACC0009723,129222.7,SUCCESS,2026-06-12 09:05:33,1,1,1,2026-06
TXN0000002926,ACC0006350,14987.48,SUCCESS,2026-07-17 15:21:10,1,1,1,2026-07
TXN0000002930,ACC0012173,95474.74,SUCCESS,2026-05-21 21:33:28,1,1,1,2026-05
TXN0000002936,ACC0020453,140268.46,SUCCESS,2026-02-09 06:08:24,1,1,1,2026-02
TXN0000002937,ACC0027688,29923.18,SUCCESS,2026-07-22 05:56:18,1,1,1,2026-07
TXN0000002947,ACC0004476,120905.04,SUCCESS,2026-04-17 11:37:20,1,1,1,2026-04
TXN0000002953,ACC0029673,88396.2,SUCCESS,2026-01-04 19:26:22,1,1,1,2026-01
TXN0000002956,ACC0017836,43220.64,SUCCESS,2026-03-18 19:36:16,1,1,1,2026-03
TXN0000002967,ACC0007028,86859.63,SUCCESS,2026-03-16 22:30:34,1,1,1,2026-03
TXN0000002980,ACC0008095,113494.39,SUCCESS,2026-06-17 20:43:30,1,1,1,2026-06
TXN0000002983,ACC0024441,57034.22,SUCCESS,2026-01-22 13:27:56,1,1,1,2026-01
TXN0000002984,ACC0007893,106832.26,SUCCESS,2026-03-22 06:26:40,1,1,1,2026-03
TXN0000002988,ACC0029590,86203.8,SUCCESS,2026-01-09 17:24:19,1,1,1,2026-01
TXN0000002993,ACC0009511,27837.42,SUCCESS,2026-03-07 08:43:09,1,1,1,2026-03
TXN0000002997,ACC0012290,42404.77,SUCCESS,2026-01-07 21:51:56,1,1,1,2026-01
TXN0000003003,ACC0013115,8323.05,SUCCESS,2026-05-13 07:02:38,1,1,1,2026-05
TXN0000003011,ACC0003275,59188.17,SUCCESS,2026-03-28 07:11:29,1,1,1,2026-03
TXN0000003014,ACC0011377,8869.43,SUCCESS,2026-07-24 23:41:07,1,1,1,2026-07
TXN0000003018,ACC0001700,135227.68,SUCCESS,2026-05-02 18:39:30,1,1,1,2026-05
TXN0000003019,ACC0018485,70543.4,SUCCESS,2026-05-11 22:28:41,1,1,1,2026-05
TXN0000003020,ACC0005214,130279.77,SUCCESS,2026-06-29 10:54:01,1,1,1,2026-06
TXN0000003029,ACC0025411,6006.3,SUCCESS,2026-03-19 07:39:10,1,1,1,2026-03
TXN0000003046,ACC0022059,30813.23,SUCCESS,2026-01-04 07:34:11,1,1,1,2026-01
TXN0000003052,ACC0000378,81891.11,SUCCESS,2026-06-05 14:39:08,1,1,1,2026-06
TXN0000003061,ACC0014896,87062.22,SUCCESS,2026-07-09 15:18:18,1,1,1,2026-07
TXN0000003063,ACC0016100,79372.46,SUCCESS,2026-06-24 05:14:04,1,1,1,2026-06
TXN0000003072,ACC0014754,113402.31,SUCCESS,2026-06-30 04:10:09,1,1,1,2026-06
TXN0000003074,ACC0025722,16174.85,SUCCESS,2026-01-13 17:52:02,1,1,1,2026-01
TXN0000003083,ACC0015438,79822.12,SUCCESS,2026-02-23 07:05:30,1,1,1,2026-02
TXN0000003092,ACC0019162,40247.26,SUCCESS,2026-04-17 10:49:36,1,1,1,2026-04
TXN0000003095,ACC0029501,141615.74,SUCCESS,2026-04-16 14:43:12,1,1,1,2026-04
TXN0000003113,ACC0009088,94204.7,SUCCESS,2026-01-01 21:38:46,1,1,1,2026-01
TXN0000003116,ACC0013596,143727.47,SUCCESS,2026-03-25 22:55:24,1,1,1,2026-03
TXN0000003130,ACC0019386,111046.1,SUCCESS,2026-05-19 22:17:17,1,1,1,2026-05
TXN0000003131,ACC0004741,75567.99,SUCCESS,2026-01-25 00:34:37,1,1,1,2026-01
TXN0000003132,ACC0019116,103417.61,SUCCESS,2026-07-18 03:33:49,1,1,1,2026-07
TXN0000003148,ACC0000315,19387.92,SUCCESS,2026-01-06 17:34:51,1,1,1,2026-01
TXN0000003153,ACC0006847,125022.84,SUCCESS,2026-02-19 09:30:22,1,1,1,2026-02
TXN0000003158,ACC0017534,111697.14,SUCCESS,2026-07-14 10:55:22,1,1,1,2026-07
TXN0000003165,ACC0003499,2091.69,SUCCESS,2026-07-30 20:30:09,1,1,1,2026-07
TXN0000003171,ACC0026158,139880.05,SUCCESS,2026-08-06 14:33:53,1,1,1,2026-08
TXN0000003196,ACC0014067,101176.14,SUCCESS,2026-07-13 15:24:47,1,1,1,2026-07
TXN0000003199,ACC0004287,147129.07,SUCCESS,2026-05-27 10:51:30,1,1,1,2026-05
TXN0000003203,ACC0008021,39569.34,SUCCESS,2026-02-18 23:34:40,1,1,1,2026-02
TXN0000003205,ACC0015329,149173.73,SUCCESS,2026-03-17 05:34:42,1,1,1,2026-03
TXN0000003206,ACC0024129,50619.51,SUCCESS,2026-05-29 05:02:08,1,1,1,2026-05
TXN0000003235,ACC0020472,4626.78,SUCCESS,2026-03-01 15:35:21,1,1,1,2026-03
TXN0000003250,ACC0026727,9833.11,SUCCESS,2026-04-16 07:04:18,1,2,1,2026-04
TXN0000003256,ACC0014735,37926.12,SUCCESS,2026-04-15 18:27:30,1,1,1,2026-04
TXN0000003258,ACC0008492,60747.59,SUCCESS,2026-01-30 00:58:37,1,1,1,2026-01
TXN0000003260,ACC0027383,14789.45,SUCCESS,2026-01-13 09:09:42,1,1,1,2026-01
TXN0000003261,ACC0003999,13998.02,SUCCESS,2026-04-17 01:35:46,1,1,1,2026-04
TXN0000003266,ACC0019806,108415.34,SUCCESS,2026-01-23 22:15:20,1,1,1,2026-01
TXN0000003275,ACC0002842,88970.22,SUCCESS,2026-07-09 18:21:45,1,1,1,2026-07
TXN0000003278,ACC0029577,53851.88,SUCCESS,2026-05-20 01:53:21,1,1,1,2026-05
TXN0000003287,ACC0013540,56384.24,SUCCESS,2026-07-27 22:56:51,1,1,1,2026-07
TXN0000003288,ACC0026317,68225.14,SUCCESS,2026-06-07 21:25:32,1,1,1,2026-06
TXN0000003289,ACC0023069,55338.69,SUCCESS,2026-06-18 04:04:02,1,1,1,2026-06
TXN0000003296,ACC0010776,41868.11,SUCCESS,2026-04-29 05:23:29,1,1,1,2026-04
TXN0000003299,ACC0010888,107838.05,SUCCESS,2026-01-31 00:51:11,1,1,1,2026-01
TXN0000003301,ACC0007836,118062.93,SUCCESS,2026-04-04 19:33:22,1,1,1,2026-04
TXN0000003311,ACC0002630,130646.24,SUCCESS,2026-02-02 10:00:44,1,1,1,2026-02
TXN0000003313,ACC0011624,39126.19,SUCCESS,2026-07-21 08:56:56,1,1,1,2026-07
TXN0000003322,ACC0008141,120853.72,SUCCESS,2026-03-19 15:27:27,1,1,1,2026-03
TXN0000003333,ACC0013171,14804.36,SUCCESS,2026-07-02 05:08:48,1,1,1,2026-07
TXN0000003337,ACC0021210,60890.26,SUCCESS,2026-03-09 19:48:34,1,1,1,2026-03
TXN0000003338,ACC0000906,139361.24,SUCCESS,2026-06-02 04:19:55,1,1,1,2026-06
TXN0000003347,ACC0021695,83268.96,SUCCESS,2026-02-03 19:25:29,1,1,1,2026-02
TXN0000003351,ACC0006458,89343.92,SUCCESS,2026-04-10 23:31:28,1,1,1,2026-04
TXN0000003357,ACC0001590,85089.27,SUCCESS,2026-03-29 11:29:25,1,1,1,2026-03
TXN0000003364,ACC0023363,13307.12,SUCCESS,2026-06-06 21:49:30,1,1,1,2026-06
TXN0000003365,ACC0001085,66407.85,SUCCESS,2026-05-02 03:57:42,1,1,1,2026-05
TXN0000003368,ACC0013097,2078.9,SUCCESS,2026-03-26 11:42:32,1,1,1,2026-03
TXN0000003374,ACC0014970,118741.76,SUCCESS,2026-05-13 09:56:56,1,1,1,2026-05
TXN0000003376,ACC0021422,90490.6,SUCCESS,2026-06-22 18:36:17,1,1,1,2026-06
TXN0000003382,ACC0010964,3422.35,SUCCESS,2026-06-17 00:02:25,1,1,1,2026-06
TXN0000003389,ACC0023668,88921.56,SUCCESS,2026-06-05 12:08:31,1,1,1,2026-06
TXN0000003403,ACC0010675,116467.98,SUCCESS,2026-07-24 11:26:46,1,1,1,2026-07
TXN0000003407,ACC0013293,4884.4,SUCCESS,2026-03-06 11:15:03,1,1,1,2026-03
TXN0000003426,ACC0023915,10050.86,SUCCESS,2026-07-11 00:48:37,1,1,1,2026-07
TXN0000003428,ACC0007028,1160.37,SUCCESS,2026-01-10 12:08:07,1,1,1,2026-01
TXN0000003429,ACC0022453,124528.79,SUCCESS,2026-06-07 07:22:31,1,1,1,2026-06
TXN0000003431,ACC0019189,62664.28,SUCCESS,2026-07-17 23:42:08,1,1,1,2026-07
TXN0000003433,ACC0022459,66503.04,SUCCESS,2026-06-17 05:45:57,1,1,1,2026-06
TXN0000003439,ACC0026429,7456.63,SUCCESS,2026-01-06 16:41:12,1,1,1,2026-01
TXN0000003444,ACC0011909,115868.78,SUCCESS,2026-07-04 23:32:01,1,1,1,2026-07
TXN0000003451,ACC0013727,122253.13,SUCCESS,2026-03-20 04:56:52,1,1,1,2026-03
TXN0000003453,ACC0020521,107708.25,SUCCESS,2026-03-13 20:12:09,1,1,1,2026-03
TXN0000003454,ACC0028462,132095.95,SUCCESS,2026-04-08 04:17:58,1,1,1,2026-04
TXN0000003460,ACC0026444,5170.15,SUCCESS,2026-07-25 01:47:41,1,1,1,2026-07
TXN0000003463,ACC0014561,53677.8,SUCCESS,2026-04-10 14:33:06,1,1,1,2026-04
TXN0000003475,ACC0002758,116285.06,SUCCESS,2026-05-20 11:04:01,1,1,1,2026-05
TXN0000003484,ACC0028070,132969.85,SUCCESS,2026-04-16 02:31:53,1,1,1,2026-04
TXN0000003505,ACC0017677,80169.15,SUCCESS,2026-02-09 07:08:15,1,1,1,2026-02
TXN0000003511,ACC0020119,57009.29,SUCCESS,2026-02-17 06:42:00,1,1,1,2026-02
TXN0000003512,ACC0019502,139901.35,SUCCESS,2026-06-02 11:35:55,1,1,1,2026-06
TXN0000003513,ACC0017998,62994.81,SUCCESS,2026-03-03 14:03:17,1,1,1,2026-03
TXN0000003520,ACC0009017,13363.71,SUCCESS,2026-01-01 12:13:58,1,1,1,2026-01
TXN0000003523,ACC0019626,143427.12,SUCCESS,2026-06-17 20:57:34,1,1,1,2026-06
TXN0000003525,ACC0026546,88290.87,SUCCESS,2026-05-14 10:21:04,1,1,1,2026-05
TXN0000003527,ACC0009226,116301.78,SUCCESS,2026-08-01 10:37:19,1,1,1,2026-08
TXN0000003532,ACC0009232,72449.65,SUCCESS,2026-06-22 13:57:10,1,1,1,2026-06
TXN0000003536,ACC0013669,47355.71,SUCCESS,2026-03-17 13:00:49,1,1,1,2026-03
TXN0000003541,ACC0003035,129972.3,SUCCESS,2026-05-08 08:11:46,1,1,1,2026-05
TXN0000003552,ACC0017345,54307.67,SUCCESS,2026-08-01 03:55:46,1,1,1,2026-08
TXN0000003554,ACC0019595,91436.97,SUCCESS,2026-05-09 02:04:16,1,1,1,2026-05
TXN0000003556,ACC0000715,111709.7,SUCCESS,2026-06-12 19:38:07,1,1,1,2026-06
TXN0000003559,ACC0020429,35685.51,SUCCESS,2026-02-08 03:22:14,1,1,1,2026-02
TXN0000003560,ACC0011893,122262.34,SUCCESS,2026-05-04 18:41:52,1,1,1,2026-05
TXN0000003572,ACC0019047,87813.59,SUCCESS,2026-06-26 23:11:17,1,1,1,2026-06
TXN0000003573,ACC0019500,42752.99,SUCCESS,2026-04-04 13:00:20,1,1,1,2026-04
TXN0000003574,ACC0014511,23966.32,SUCCESS,2026-05-29 10:07:51,1,1,1,2026-05
TXN0000003577,ACC0016831,140708.92,SUCCESS,2026-05-05 11:56:22,1,1,1,2026-05
TXN0000003578,ACC0008839,132170.89,SUCCESS,2026-06-21 12:27:04,1,1,1,2026-06
TXN0000003587,ACC0026253,65911.24,SUCCESS,2026-01-03 10:02:22,1,1,1,2026-01
TXN0000003591,ACC0016122,40348.08,SUCCESS,2026-06-22 18:55:45,1,1,1,2026-06
TXN0000003604,ACC0015440,50751.23,SUCCESS,2026-07-24 10:01:47,1,1,1,2026-07
TXN0000003611,ACC0000980,52193.03,SUCCESS,2026-04-26 18:35:50,1,1,1,2026-04
TXN0000003612,ACC0026375,69366.73,SUCCESS,2026-01-27 18:56:38,1,1,1,2026-01
TXN0000003618,ACC0015878,112026.65,SUCCESS,2026-04-04 13:50:53,1,1,1,2026-04
TXN0000003619,ACC0003484,62440.53,SUCCESS,2026-03-16 10:45:12,1,1,1,2026-03
TXN0000003621,ACC0027634,63969.0,SUCCESS,2026-05-07 09:33:49,1,1,1,2026-05
TXN0000003623,ACC0011506,36389.92,SUCCESS,2026-06-27 01:17:18,1,1,1,2026-06
TXN0000003635,ACC0024506,111019.92,SUCCESS,2026-04-20 23:06:59,1,1,1,2026-04
TXN0000003641,ACC0016169,136540.09,SUCCESS,2026-02-24 09:03:33,1,1,1,2026-02
TXN0000003656,ACC0017480,16952.65,SUCCESS,2026-07-25 23:28:02,1,1,1,2026-07
TXN0000003663,ACC0013692,124649.07,SUCCESS,2026-02-25 20:15:33,1,1,1,2026-02
TXN0000003667,ACC0011217,90965.66,SUCCESS,2026-06-23 16:55:48,1,1,1,2026-06
TXN0000003673,ACC0025814,106199.88,SUCCESS,2026-05-07 07:15:26,1,1,1,2026-05
TXN0000003678,ACC0010803,10836.5,SUCCESS,2026-06-13 04:48:01,1,1,1,2026-06
TXN0000003682,ACC0018099,87317.5,SUCCESS,2026-06-18 07:40:10,1,1,1,2026-06
TXN0000003690,ACC0023692,51234.8,SUCCESS,2026-03-19 03:16:32,1,1,1,2026-03
TXN0000003702,ACC0002098,20578.48,SUCCESS,2026-01-29 13:09:07,1,1,1,2026-01
TXN0000003706,ACC0016255,19239.5,SUCCESS,2026-02-28 16:07:17,1,1,1,2026-02
TXN0000003721,ACC0023609,36594.87,SUCCESS,2026-03-19 22:17:28,1,1,1,2026-03
TXN0000003730,ACC0001023,40650.77,SUCCESS,2026-04-09 23:48:37,1,1,1,2026-04
TXN0000003732,ACC0028470,46918.4,SUCCESS,2026-04-02 14:19:46,1,1,1,2026-04
TXN0000003733,ACC0008725,33892.12,SUCCESS,2026-03-10 08:19:58,1,1,1,2026-03
TXN0000003743,ACC0003417,115454.47,SUCCESS,2026-05-09 21:09:31,1,1,1,2026-05
TXN0000003749,ACC0004242,145743.01,SUCCESS,2026-07-12 23:18:25,1,1,1,2026-07
TXN0000003753,ACC0007024,23760.11,SUCCESS,2026-05-19 21:52:45,1,1,1,2026-05
TXN0000003779,ACC0026713,99210.03,SUCCESS,2026-01-31 16:06:00,1,1,1,2026-01
TXN0000003786,ACC0020474,17127.36,SUCCESS,2026-05-25 13:29:13,1,1,1,2026-05
TXN0000003795,ACC0014152,143657.37,SUCCESS,2026-02-26 05:39:18,1,1,1,2026-02
TXN0000003798,ACC0025062,115419.5,SUCCESS,2026-04-11 16:53:31,1,1,1,2026-04
TXN0000003803,ACC0018185,77998.69,SUCCESS,2026-02-25 14:22:27,1,1,1,2026-02
TXN0000003808,ACC0017404,11951.29,SUCCESS,2026-06-06 12:46:31,1,1,1,2026-06
TXN0000003810,ACC0025223,19016.14,SUCCESS,2026-03-29 20:28:59,1,1,1,2026-03
TXN0000003811,ACC0019120,103209.41,SUCCESS,2026-05-10 08:16:17,1,1,1,2026-05
TXN0000003813,ACC0022620,49005.5,SUCCESS,2026-04-01 18:09:44,1,1,1,2026-04
TXN0000003816,ACC0011675,117992.62,SUCCESS,2026-06-14 17:25:24,1,1,1,2026-06
TXN0000003820,ACC0013336,67869.11,SUCCESS,2026-03-23 18:39:36,1,2,1,2026-03
TXN0000003840,ACC0027960,6380.71,SUCCESS,2026-02-13 00:56:14,1,1,1,2026-02
TXN0000003843,ACC0006727,51437.15,SUCCESS,2026-05-04 02:09:44,1,1,1,2026-05
TXN0000003846,ACC0019107,19792.09,SUCCESS,2026-05-02 23:11:21,1,1,1,2026-05
TXN0000003849,ACC0009909,10342.46,SUCCESS,2026-03-13 12:30:37,1,1,1,2026-03
TXN0000003856,ACC0017619,99345.8,SUCCESS,2026-03-09 04:20:30,1,1,1,2026-03
TXN0000003865,ACC0024099,29109.01,SUCCESS,2026-05-25 07:11:35,1,1,1,2026-05
TXN0000003876,ACC0022195,70827.08,SUCCESS,2026-03-17 02:01:12,1,1,1,2026-03
TXN0000003878,ACC0007627,37179.33,SUCCESS,2026-01-30 14:46:34,1,1,1,2026-01
TXN0000003885,ACC0024721,60334.84,SUCCESS,2026-01-09 03:39:38,1,1,1,2026-01
TXN0000003889,ACC0017046,80503.18,SUCCESS,2026-07-08 04:41:44,1,1,1,2026-07
TXN0000003892,ACC0021612,122912.92,SUCCESS,2026-04-03 21:48:06,1,1,1,2026-04
TXN0000003895,ACC0021757,137474.48,SUCCESS,2026-02-09 00:50:17,1,1,1,2026-02
TXN0000003902,ACC0003718,4656.13,SUCCESS,2026-03-15 10:10:11,1,1,1,2026-03
TXN0000003906,ACC0006259,83571.78,SUCCESS,2026-06-10 23:27:32,1,1,1,2026-06
TXN0000003915,ACC0000124,103420.63,SUCCESS,2026-07-01 03:48:58,1,1,1,2026-07
TXN0000003918,ACC0028949,76887.63,SUCCESS,2026-01-08 20:40:07,1,1,1,2026-01
TXN0000003938,ACC0008451,31330.93,SUCCESS,2026-04-13 11:54:52,1,1,1,2026-04
TXN0000003943,ACC0017436,50088.35,SUCCESS,2026-08-01 11:29:13,1,1,1,2026-08
TXN0000003944,ACC0028973,135471.81,SUCCESS,2026-06-02 14:47:18,1,1,1,2026-06
TXN0000003951,ACC0021131,135718.46,SUCCESS,2026-04-12 02:48:46,1,1,1,2026-04
TXN0000003973,ACC0000450,25096.25,SUCCESS,2026-05-25 13:13:36,1,1,1,2026-05
TXN0000003980,ACC0028934,76410.22,SUCCESS,2026-07-24 21:04:19,1,1,1,2026-07
TXN0000003986,ACC0017255,37889.17,SUCCESS,2026-04-14 09:08:14,1,1,1,2026-04
TXN0000003987,ACC0024169,14915.5,SUCCESS,2026-02-26 03:09:38,1,1,1,2026-02
TXN0000003994,ACC0021629,89717.52,SUCCESS,2026-01-06 21:21:25,1,1,1,2026-01
TXN0000004013,ACC0010765,33834.62,SUCCESS,2026-06-24 23:02:06,1,1,1,2026-06
TXN0000004020,ACC0001676,112379.54,SUCCESS,2026-01-08 15:53:25,1,1,1,2026-01
TXN0000004023,ACC0027383,67786.39,SUCCESS,2026-04-26 01:13:11,1,1,1,2026-04
TXN0000004030,ACC0022852,87139.06,SUCCESS,2026-05-30 15:46:06,1,1,1,2026-05
TXN0000004042,ACC0013758,138190.85,SUCCESS,2026-04-19 12:27:45,1,1,1,2026-04
TXN0000004052,ACC0014086,67479.88,SUCCESS,2026-03-14 13:35:40,1,1,1,2026-03
TXN0000004059,ACC0001383,49958.27,SUCCESS,2026-02-06 01:17:27,1,1,1,2026-02
TXN0000004060,ACC0017605,119008.58,SUCCESS,2026-01-08 01:25:50,1,1,1,2026-01
TXN0000004063,ACC0028077,111798.42,SUCCESS,2026-05-01 06:04:14,1,1,1,2026-05
TXN0000004068,ACC0021800,140250.81,SUCCESS,2026-04-13 17:03:43,1,1,1,2026-04
TXN0000004073,ACC0024438,65255.9,SUCCESS,2026-04-10 12:37:12,1,1,1,2026-04
TXN0000004074,ACC0028133,52134.46,SUCCESS,2026-03-08 12:39:16,1,1,1,2026-03
TXN0000004078,ACC0024622,20338.04,SUCCESS,2026-02-02 18:22:11,1,1,1,2026-02
TXN0000004086,ACC0007637,134389.4,SUCCESS,2026-05-24 11:13:05,1,1,1,2026-05
TXN0000004092,ACC0016904,14872.49,SUCCESS,2026-04-29 13:19:46,1,1,1,2026-04
TXN0000004095,ACC0012266,25454.58,SUCCESS,2026-04-07 14:17:20,1,1,1,2026-04
TXN0000004100,ACC0006609,44751.15,SUCCESS,2026-06-30 08:48:04,1,1,1,2026-06
TXN0000004121,ACC0014300,66915.65,SUCCESS,2026-07-02 14:36:22,1,1,1,2026-07
TXN0000004128,ACC0012625,143925.0,SUCCESS,2026-03-04 06:21:28,1,2,1,2026-03
TXN0000004136,ACC0025721,82713.23,SUCCESS,2026-03-21 12:03:15,1,1,1,2026-03
TXN0000004150,ACC0018272,78909.44,SUCCESS,2026-02-11 20:48:26,1,1,1,2026-02
TXN0000004151,ACC0009242,86255.47,SUCCESS,2026-06-01 01:15:37,1,1,1,2026-06
TXN0000004153,ACC0009969,56961.19,SUCCESS,2026-03-06 00:39:48,1,1,1,2026-03
TXN0000004154,ACC0014820,95224.46,SUCCESS,2026-06-05 21:50:56,1,1,1,2026-06
TXN0000004166,ACC0026868,9642.93,SUCCESS,2026-08-08 01:19:17,1,1,1,2026-08
TXN0000004175,ACC0006885,110776.66,SUCCESS,2026-07-04 05:11:53,1,1,1,2026-07
TXN0000004190,ACC0012476,127032.26,SUCCESS,2026-04-21 23:04:51,1,1,1,2026-04
TXN0000004196,ACC0026483,52588.47,SUCCESS,2026-05-18 08:52:36,1,1,1,2026-05
TXN0000004199,ACC0020058,42764.94,SUCCESS,2026-04-02 09:16:11,1,1,1,2026-04
TXN0000004216,ACC0012956,143181.27,SUCCESS,2026-05-12 05:04:33,1,1,1,2026-05
TXN0000004232,ACC0028776,83367.22,SUCCESS,2026-04-19 16:00:48,1,1,1,2026-04
TXN0000004245,ACC0021521,143141.22,SUCCESS,2026-01-02 21:46:51,1,1,1,2026-01
TXN0000004246,ACC0020048,104420.58,SUCCESS,2026-05-24 00:47:56,1,1,1,2026-05
TXN0000004247,ACC0016251,80827.27,SUCCESS,2026-03-12 00:50:03,1,1,1,2026-03
TXN0000004265,ACC0023284,1626.68,SUCCESS,2026-05-06 01:31:32,1,1,1,2026-05
TXN0000004267,ACC0009672,102259.9,SUCCESS,2026-07-10 11:57:48,1,1,1,2026-07
TXN0000004268,ACC0000340,26294.91,SUCCESS,2026-07-29 22:28:16,1,1,1,2026-07
TXN0000004274,ACC0021663,28054.03,SUCCESS,2026-03-28 16:07:47,1,1,1,2026-03
TXN0000004291,ACC0022157,48622.73,SUCCESS,2026-03-17 04:47:46,1,1,1,2026-03
TXN0000004296,ACC0009029,97095.43,SUCCESS,2026-05-05 00:55:06,1,1,1,2026-05
TXN0000004302,ACC0028147,18420.42,SUCCESS,2026-04-28 23:35:52,1,1,1,2026-04
TXN0000004306,ACC0028118,64292.35,SUCCESS,2026-01-20 18:21:02,1,1,1,2026-01
TXN0000004318,ACC0001614,105421.8,SUCCESS,2026-05-19 09:29:01,1,1,1,2026-05
TXN0000004324,ACC0018723,51376.41,SUCCESS,2026-06-16 23:33:59,1,1,1,2026-06
TXN0000004325,ACC0005751,85395.83,SUCCESS,2026-01-18 05:33:08,1,1,1,2026-01
TXN0000004326,ACC0005110,129786.24,SUCCESS,2026-05-31 18:37:05,1,1,1,2026-05
TXN0000004327,ACC0000566,37751.99,SUCCESS,2026-06-19 23:24:23,1,2,1,2026-06
TXN0000004346,ACC0000933,31251.88,SUCCESS,2026-04-16 17:19:32,1,1,1,2026-04
TXN0000004352,ACC0012197,125462.59,SUCCESS,2026-06-26 12:59:24,1,1,1,2026-06
TXN0000004353,ACC0018122,56205.95,SUCCESS,2026-05-25 04:05:03,1,1,1,2026-05
TXN0000004360,ACC0016829,53446.71,SUCCESS,2026-02-08 07:21:14,1,1,1,2026-02
TXN0000004368,ACC0001588,81037.14,SUCCESS,2026-07-19 05:45:59,1,1,1,2026-07
TXN0000004369,ACC0022229,70649.43,SUCCESS,2026-03-10 14:34:45,1,1,1,2026-03
TXN0000004371,ACC0026257,132068.62,SUCCESS,2026-03-15 08:24:48,1,1,1,2026-03
TXN0000004393,ACC0004118,109622.54,SUCCESS,2026-06-14 08:35:18,1,1,1,2026-06
TXN0000004396,ACC0023038,110532.51,SUCCESS,2026-07-27 15:15:27,1,1,1,2026-07
TXN0000004404,ACC0029896,68945.11,SUCCESS,2026-06-26 09:21:37,1,1,1,2026-06
TXN0000004408,ACC0003542,111307.2,SUCCESS,2026-07-06 06:23:19,1,1,1,2026-07
TXN0000004409,ACC0013138,36319.44,SUCCESS,2026-05-05 10:10:54,1,1,1,2026-05
TXN0000004411,ACC0009119,28490.11,SUCCESS,2026-06-12 22:05:18,1,1,1,2026-06
TXN0000004417,ACC0004732,139744.19,SUCCESS,2026-06-09 04:26:08,1,1,1,2026-06
TXN0000004420,ACC0013827,59650.66,SUCCESS,2026-04-08 23:33:09,1,1,1,2026-04
TXN0000004431,ACC0005728,91641.81,SUCCESS,2026-08-03 21:13:22,1,1,1,2026-08
TXN0000004437,ACC0016325,61214.8,SUCCESS,2026-07-22 01:54:13,1,1,1,2026-07
TXN0000004438,ACC0008593,35863.74,SUCCESS,2026-04-05 11:22:52,1,2,1,2026-04
TXN0000004440,ACC0011043,143948.02,SUCCESS,2026-01-08 22:12:41,1,2,1,2026-01
TXN0000004451,ACC0018412,97116.71,SUCCESS,2026-06-24 23:25:18,1,1,1,2026-06
TXN0000004453,ACC0005780,102561.97,SUCCESS,2026-02-06 13:11:47,1,1,1,2026-02
TXN0000004455,ACC0022847,116263.64,SUCCESS,2026-01-25 07:52:37,1,1,1,2026-01
TXN0000004459,ACC0009167,135120.83,SUCCESS,2026-05-25 17:26:48,1,1,1,2026-05
TXN0000004475,ACC0019743,91827.66,SUCCESS,2026-01-13 22:34:34,1,1,1,2026-01
TXN0000004476,ACC0008613,38635.51,SUCCESS,2026-01-17 12:57:13,1,1,1,2026-01
TXN0000004485,ACC0027094,67841.96,SUCCESS,2026-05-19 14:17:20,1,1,1,2026-05
TXN0000004487,ACC0018987,145237.71,SUCCESS,2026-01-10 16:16:31,1,1,1,2026-01
TXN0000004489,ACC0019076,95281.2,SUCCESS,2026-05-29 02:54:28,1,1,1,2026-05
TXN0000004495,ACC0006852,125321.98,SUCCESS,2026-07-16 13:22:40,1,1,1,2026-07
TXN0000004500,ACC0020463,28513.66,SUCCESS,2026-07-03 13:35:41,1,1,1,2026-07
TXN0000004509,ACC0000474,86949.79,SUCCESS,2026-05-17 19:51:56,1,1,1,2026-05
TXN0000004512,ACC0010749,20256.05,SUCCESS,2026-03-20 08:34:32,1,1,1,2026-03
TXN0000004515,ACC0007527,16797.11,SUCCESS,2026-01-30 09:13:12,1,1,1,2026-01
TXN0000004516,ACC0015842,49851.05,SUCCESS,2026-06-21 19:42:49,1,1,1,2026-06
TXN0000004520,ACC0021419,48142.86,SUCCESS,2026-06-26 17:59:34,1,1,1,2026-06
TXN0000004522,ACC0003631,121627.0,SUCCESS,2026-05-19 00:03:05,1,1,1,2026-05
TXN0000004529,ACC0027070,92812.0,SUCCESS,2026-04-12 14:25:28,1,1,1,2026-04
TXN0000004544,ACC0001997,132027.36,SUCCESS,2026-05-16 17:53:21,1,1,1,2026-05
TXN0000004556,ACC0028684,535.57,SUCCESS,2026-02-09 10:44:32,1,1,1,2026-02
TXN0000004559,ACC0010420,56885.05,SUCCESS,2026-04-12 06:17:35,1,1,1,2026-04
TXN0000004561,ACC0017701,36587.52,SUCCESS,2026-01-29 15:33:57,1,1,1,2026-01
TXN0000004566,ACC0029974,105739.85,SUCCESS,2026-01-18 17:00:08,1,1,1,2026-01
TXN0000004576,ACC0027288,54679.35,SUCCESS,2026-04-30 13:44:26,1,1,1,2026-04
TXN0000004583,ACC0001669,35889.28,SUCCESS,2026-06-18 05:44:40,1,1,1,2026-06
TXN0000004589,ACC0007103,43736.45,SUCCESS,2026-04-10 15:29:04,1,1,1,2026-04
TXN0000004600,ACC0018546,99385.55,SUCCESS,2026-07-18 20:11:18,1,1,1,2026-07
TXN0000004602,ACC0027633,97508.03,SUCCESS,2026-05-26 01:18:08,1,1,1,2026-05
TXN0000004605,ACC0026166,123941.63,SUCCESS,2026-03-23 06:05:42,1,1,1,2026-03
TXN0000004609,ACC0008667,34900.3,SUCCESS,2026-07-18 10:47:19,1,1,1,2026-07
TXN0000004618,ACC0010745,18964.41,SUCCESS,2026-04-28 06:07:19,1,1,1,2026-04
TXN0000004622,ACC0007104,67011.28,SUCCESS,2026-04-25 10:39:22,1,1,1,2026-04
TXN0000004623,ACC0017524,96853.96,SUCCESS,2026-07-26 03:11:08,1,1,1,2026-07
TXN0000004637,ACC0011309,19647.71,SUCCESS,2026-02-19 12:54:45,1,1,1,2026-02
TXN0000004638,ACC0000574,141944.26,SUCCESS,2026-06-30 23:16:38,1,1,1,2026-06
TXN0000004658,ACC0016203,69412.22,SUCCESS,2026-02-16 10:35:39,1,1,1,2026-02
TXN0000004661,ACC0012043,80966.72,SUCCESS,2026-06-09 04:03:55,1,1,1,2026-06
TXN0000004667,ACC0001792,105311.48,SUCCESS,2026-04-23 11:51:55,1,1,1,2026-04
TXN0000004672,ACC0029714,13549.78,SUCCESS,2026-07-15 19:15:41,1,1,1,2026-07
TXN0000004677,ACC0023079,79664.49,SUCCESS,2026-04-06 16:43:23,1,1,1,2026-04
TXN0000004681,ACC0003742,60518.19,SUCCESS,2026-01-21 18:19:38,1,1,1,2026-01
TXN0000004683,ACC0008959,122980.02,SUCCESS,2026-01-18 04:14:21,1,1,1,2026-01
TXN0000004685,ACC0015875,143231.25,SUCCESS,2026-03-29 11:50:02,1,1,1,2026-03
TXN0000004691,ACC0019092,15449.62,SUCCESS,2026-03-15 03:15:49,1,1,1,2026-03
TXN0000004694,ACC0020177,94309.95,SUCCESS,2026-02-12 10:50:01,1,1,1,2026-02
TXN0000004696,ACC0009818,140580.1,SUCCESS,2026-07-27 21:58:08,1,1,1,2026-07
TXN0000004700,ACC0016021,91534.56,SUCCESS,2026-01-12 12:16:52,1,1,1,2026-01
TXN0000004702,ACC0009034,118302.66,SUCCESS,2026-01-07 01:30:47,1,1,1,2026-01
TXN0000004703,ACC0020359,2548.9,SUCCESS,2026-03-29 05:47:47,1,1,1,2026-03
TXN0000004704,ACC0001744,63919.14,SUCCESS,2026-03-12 09:09:07,1,1,1,2026-03
TXN0000004705,ACC0011718,106427.97,SUCCESS,2026-06-08 16:03:51,1,1,1,2026-06
TXN0000004706,ACC0028228,12887.73,SUCCESS,2026-02-10 13:38:22,1,1,1,2026-02
TXN0000004710,ACC0010275,98261.99,SUCCESS,2026-06-29 08:41:43,1,1,1,2026-06
TXN0000004712,ACC0027176,101343.58,SUCCESS,2026-02-20 11:23:05,1,1,1,2026-02
TXN0000004716,ACC0015523,43345.3,SUCCESS,2026-01-08 08:53:14,1,1,1,2026-01
TXN0000004726,ACC0018540,68348.67,SUCCESS,2026-05-02 23:39:50,1,1,1,2026-05
TXN0000004733,ACC0007539,69234.71,SUCCESS,2026-01-20 00:31:41,1,1,1,2026-01
TXN0000004755,ACC0006129,119125.33,SUCCESS,2026-03-12 15:32:52,1,1,1,2026-03
TXN0000004758,ACC0012853,32403.54,SUCCESS,2026-06-24 10:38:50,1,1,1,2026-06
TXN0000004766,ACC0001508,121980.04,SUCCESS,2026-01-02 13:01:11,1,1,1,2026-01
TXN0000004769,ACC0013749,100714.57,SUCCESS,2026-02-17 11:53:21,1,1,1,2026-02
TXN0000004774,ACC0018048,128626.87,SUCCESS,2026-03-20 18:58:58,1,1,1,2026-03
TXN0000004779,ACC0008950,90454.97,SUCCESS,2026-05-19 17:22:51,1,1,1,2026-05
TXN0000004792,ACC0020254,56467.37,SUCCESS,2026-04-11 11:26:48,1,1,1,2026-04
TXN0000004797,ACC0009583,29766.45,SUCCESS,2026-05-06 21:14:31,1,2,1,2026-05
TXN0000004807,ACC0012742,86504.92,SUCCESS,2026-06-05 23:38:45,1,1,1,2026-06
TXN0000004809,ACC0026073,121095.11,SUCCESS,2026-03-23 16:05:35,1,1,1,2026-03
TXN0000004818,ACC0011068,82111.58,SUCCESS,2026-05-30 20:49:20,1,1,1,2026-05
TXN0000004821,ACC0029916,34823.08,SUCCESS,2026-01-09 04:18:30,1,1,1,2026-01
TXN0000004824,ACC0022380,31282.74,SUCCESS,2026-07-25 06:34:16,1,1,1,2026-07
TXN0000004827,ACC0004952,95965.24,SUCCESS,2026-04-23 12:10:08,1,1,1,2026-04
TXN0000004830,ACC0002543,86201.86,SUCCESS,2026-04-28 06:28:02,1,1,1,2026-04
TXN0000004833,ACC0013409,21283.07,SUCCESS,2026-01-09 05:10:21,1,1,1,2026-01
TXN0000004834,ACC0014909,32320.74,SUCCESS,2026-05-15 12:43:33,1,1,1,2026-05
TXN0000004843,ACC0005214,58051.48,SUCCESS,2026-06-03 07:28:01,1,1,1,2026-06
TXN0000004845,ACC0020813,148419.61,SUCCESS,2026-05-23 03:32:04,1,1,1,2026-05
TXN0000004847,ACC0024370,31232.04,SUCCESS,2026-02-22 13:20:20,1,1,1,2026-02
TXN0000004849,ACC0012259,81608.53,SUCCESS,2026-03-15 12:46:28,1,1,1,2026-03
TXN0000004866,ACC0002534,142240.71,SUCCESS,2026-01-22 20:05:16,1,1,1,2026-01
TXN0000004885,ACC0019602,142210.93,SUCCESS,2026-03-17 18:06:02,1,1,1,2026-03
TXN0000004890,ACC0015718,9733.93,SUCCESS,2026-06-22 09:02:45,1,2,1,2026-06
TXN0000004895,ACC0003524,28756.1,SUCCESS,2026-01-28 19:38:57,1,1,1,2026-01
TXN0000004896,ACC0018374,45843.52,SUCCESS,2026-04-29 14:43:10,1,1,1,2026-04
TXN0000004920,ACC0020389,118194.28,SUCCESS,2026-07-25 00:20:06,1,1,1,2026-07
TXN0000004923,ACC0009015,114411.36,SUCCESS,2026-05-24 22:51:16,1,1,1,2026-05
TXN0000004977,ACC0023818,13514.02,SUCCESS,2026-04-11 03:03:30,1,1,1,2026-04
TXN0000004979,ACC0014389,66603.31,SUCCESS,2026-05-02 12:24:39,1,1,1,2026-05
TXN0000004982,ACC0002775,73714.15,SUCCESS,2026-04-27 22:38:51,1,1,1,2026-04
TXN0000004993,ACC0022466,138374.16,SUCCESS,2026-01-21 12:23:55,1,1,1,2026-01
TXN0000005003,ACC0025909,26014.39,SUCCESS,2026-07-02 10:27:55,1,1,1,2026-07
TXN0000005016,ACC0024724,120483.83,SUCCESS,2026-05-07 22:23:48,1,1,1,2026-05
TXN0000005023,ACC0013197,51177.05,SUCCESS,2026-05-20 15:38:34,1,2,1,2026-05
TXN0000005033,ACC0013869,81375.78,SUCCESS,2026-07-03 17:48:55,1,1,1,2026-07
TXN0000005036,ACC0008346,22971.53,SUCCESS,2026-02-24 10:30:39,1,1,1,2026-02
TXN0000005038,ACC0007084,6206.35,SUCCESS,2026-07-27 02:26:55,1,1,1,2026-07
TXN0000005047,ACC0008009,121287.35,SUCCESS,2026-06-17 21:57:02,1,1,1,2026-06
TXN0000005055,ACC0001113,30191.76,SUCCESS,2026-01-10 12:58:02,1,1,1,2026-01
TXN0000005058,ACC0012200,64916.88,SUCCESS,2026-03-23 05:55:03,1,1,1,2026-03
TXN0000005064,ACC0029223,45884.48,SUCCESS,2026-08-08 00:01:45,1,1,1,2026-08
TXN0000005081,ACC0001778,27519.26,SUCCESS,2026-05-10 13:22:16,1,1,1,2026-05
TXN0000005082,ACC0010118,30011.08,SUCCESS,2026-01-03 15:36:45,1,1,1,2026-01
TXN0000005088,ACC0023956,37930.46,SUCCESS,2026-07-16 23:20:30,1,1,1,2026-07
TXN0000005091,ACC0000237,58894.79,SUCCESS,2026-04-06 14:59:36,1,1,1,2026-04
TXN0000005092,ACC0026617,143420.98,SUCCESS,2026-01-28 00:52:53,1,1,1,2026-01
TXN0000005104,ACC0028912,49816.83,SUCCESS,2026-02-19 05:08:34,1,1,1,2026-02
TXN0000005106,ACC0007934,122921.45,SUCCESS,2026-03-21 07:11:45,1,1,1,2026-03
TXN0000005108,ACC0029652,32040.35,SUCCESS,2026-07-28 09:21:13,1,1,1,2026-07
TXN0000005110,ACC0013835,108880.54,SUCCESS,2026-07-08 05:46:12,1,1,1,2026-07
TXN0000005115,ACC0019203,116586.11,SUCCESS,2026-02-17 09:54:36,1,1,1,2026-02
TXN0000005129,ACC0002914,146359.32,SUCCESS,2026-02-24 17:51:29,1,1,1,2026-02
TXN0000005133,ACC0018794,77348.54,SUCCESS,2026-07-19 03:51:30,1,1,1,2026-07
TXN0000005135,ACC0017498,81590.07,SUCCESS,2026-01-26 00:51:36,1,1,1,2026-01
TXN0000005141,ACC0025024,78187.35,SUCCESS,2026-07-08 08:40:45,1,1,1,2026-07
TXN0000005142,ACC0021361,112160.77,SUCCESS,2026-08-01 22:59:11,1,1,1,2026-08
TXN0000005143,ACC0029172,87681.19,SUCCESS,2026-07-04 23:50:52,1,1,1,2026-07
TXN0000005147,ACC0009465,33538.85,SUCCESS,2026-02-12 21:54:10,1,1,1,2026-02
TXN0000005153,ACC0029612,54193.54,SUCCESS,2026-07-17 09:58:45,1,1,1,2026-07
TXN0000005157,ACC0017976,63052.43,SUCCESS,2026-05-10 15:15:29,1,1,1,2026-05
TXN0000005161,ACC0027353,56321.53,SUCCESS,2026-06-17 09:12:27,1,1,1,2026-06
TXN0000005177,ACC0001756,32129.14,SUCCESS,2026-01-01 14:14:38,1,1,1,2026-01
TXN0000005193,ACC0025603,68888.39,SUCCESS,2026-01-19 23:52:30,1,1,1,2026-01
TXN0000005196,ACC0020885,13228.62,SUCCESS,2026-05-14 23:19:42,1,1,1,2026-05
TXN0000005202,ACC0007190,48423.13,SUCCESS,2026-07-22 05:28:39,1,1,1,2026-07
TXN0000005215,ACC0000891,28279.46,SUCCESS,2026-01-17 23:56:24,1,1,1,2026-01
TXN0000005222,ACC0006816,18539.34,SUCCESS,2026-01-07 16:44:26,1,1,1,2026-01
TXN0000005227,ACC0019787,22276.99,SUCCESS,2026-04-17 01:18:29,1,1,1,2026-04
TXN0000005228,ACC0009933,56041.06,SUCCESS,2026-04-15 23:33:57,1,1,1,2026-04
TXN0000005241,ACC0027841,27296.8,SUCCESS,2026-04-22 19:54:55,1,1,1,2026-04
TXN0000005245,ACC0026587,37106.23,SUCCESS,2026-05-01 13:23:06,1,1,1,2026-05
TXN0000005249,ACC0010759,63090.98,SUCCESS,2026-06-14 07:56:39,1,1,1,2026-06
TXN0000005251,ACC0017219,66886.92,SUCCESS,2026-07-12 23:49:02,1,1,1,2026-07
TXN0000005253,ACC0003262,98643.33,SUCCESS,2026-08-06 18:53:49,1,1,1,2026-08
TXN0000005259,ACC0020280,41277.1,SUCCESS,2026-01-20 09:16:11,1,1,1,2026-01
TXN0000005261,ACC0020666,122401.19,SUCCESS,2026-04-04 02:45:48,1,1,1,2026-04
TXN0000005264,ACC0028032,5512.33,SUCCESS,2026-05-25 12:02:01,1,1,1,2026-05
TXN0000005266,ACC0018826,22111.72,SUCCESS,2026-02-17 11:07:37,1,1,1,2026-02
TXN0000005270,ACC0027676,107282.14,SUCCESS,2026-06-21 00:57:49,1,1,1,2026-06
TXN0000005277,ACC0014834,121618.36,SUCCESS,2026-01-28 10:29:10,1,1,1,2026-01
TXN0000005284,ACC0008580,42394.51,SUCCESS,2026-07-10 07:57:49,1,1,1,2026-07
TXN0000005287,ACC0022326,145920.36,SUCCESS,2026-01-22 13:57:35,1,1,1,2026-01
TXN0000005290,ACC0012054,14265.76,SUCCESS,2026-06-26 10:17:25,1,1,1,2026-06
TXN0000005292,ACC0000817,99206.75,SUCCESS,2026-05-28 12:06:26,1,1,1,2026-05
TXN0000005295,ACC0002942,123384.08,SUCCESS,2026-01-22 11:28:38,1,1,1,2026-01
TXN0000005298,ACC0012163,66334.5,SUCCESS,2026-07-11 16:39:51,1,1,1,2026-07
TXN0000005308,ACC0004007,137459.26,SUCCESS,2026-03-19 21:16:51,1,1,1,2026-03
TXN0000005320,ACC0013288,22298.66,SUCCESS,2026-07-30 06:54:21,1,1,1,2026-07
TXN0000005334,ACC0016887,67939.8,SUCCESS,2026-05-31 07:19:13,1,1,1,2026-05
TXN0000005340,ACC0010578,131146.08,SUCCESS,2026-05-30 01:24:51,1,1,1,2026-05
TXN0000005350,ACC0014531,110041.98,SUCCESS,2026-04-05 12:38:38,1,1,1,2026-04
TXN0000005358,ACC0017202,20057.94,SUCCESS,2026-01-20 15:42:41,1,1,1,2026-01
TXN0000005363,ACC0017645,70280.44,SUCCESS,2026-05-02 10:49:21,1,1,1,2026-05
TXN0000005384,ACC0024233,110443.54,SUCCESS,2026-01-25 03:08:34,1,1,1,2026-01
TXN0000005411,ACC0010715,126852.69,SUCCESS,2026-02-13 20:51:04,1,1,1,2026-02
TXN0000005420,ACC0028939,121717.83,SUCCESS,2026-05-17 02:17:46,1,1,1,2026-05
TXN0000005425,ACC0029435,90028.53,SUCCESS,2026-04-20 02:54:31,1,1,1,2026-04
TXN0000005430,ACC0012240,125238.78,SUCCESS,2026-03-14 00:25:15,1,1,1,2026-03
TXN0000005435,ACC0012788,119365.09,SUCCESS,2026-04-30 09:18:48,1,1,1,2026-04
TXN0000005436,ACC0012871,30715.18,SUCCESS,2026-06-10 11:50:17,1,1,1,2026-06
TXN0000005439,ACC0013317,52347.14,SUCCESS,2026-08-05 10:28:50,1,1,1,2026-08
TXN0000005445,ACC0000790,21793.72,SUCCESS,2026-01-27 06:25:14,1,1,1,2026-01
TXN0000005448,ACC0018938,123881.49,SUCCESS,2026-07-27 21:00:56,1,1,1,2026-07
TXN0000005451,ACC0006691,127708.19,SUCCESS,2026-04-24 19:05:12,1,1,1,2026-04
TXN0000005452,ACC0029838,41344.04,SUCCESS,2026-04-01 18:28:52,1,1,1,2026-04
TXN0000005456,ACC0005541,126974.49,SUCCESS,2026-08-01 11:28:29,1,1,1,2026-08
TXN0000005462,ACC0001747,61049.03,SUCCESS,2026-07-08 23:58:10,1,1,1,2026-07
TXN0000005475,ACC0006662,139337.85,SUCCESS,2026-07-26 19:34:08,1,1,1,2026-07
TXN0000005480,ACC0004997,17160.12,SUCCESS,2026-07-11 12:37:30,1,1,1,2026-07
TXN0000005483,ACC0024970,78013.91,SUCCESS,2026-03-18 15:53:30,1,1,1,2026-03
TXN0000005488,ACC0028249,132412.78,SUCCESS,2026-06-24 02:02:07,1,1,1,2026-06
TXN0000005500,ACC0008581,80664.51,SUCCESS,2026-06-28 01:17:15,1,1,1,2026-06
TXN0000005501,ACC0016118,77350.53,SUCCESS,2026-04-07 10:44:14,1,2,1,2026-04
TXN0000005512,ACC0014720,111340.42,SUCCESS,2026-07-15 19:01:56,1,1,1,2026-07
TXN0000005524,ACC0016812,118267.98,SUCCESS,2026-02-14 22:08:30,1,1,1,2026-02
TXN0000005528,ACC0013069,142493.93,SUCCESS,2026-06-13 01:33:25,1,1,1,2026-06
TXN0000005533,ACC0017783,23451.73,SUCCESS,2026-02-12 11:30:34,1,1,1,2026-02
TXN0000005537,ACC0007316,117716.51,SUCCESS,2026-02-08 05:14:52,1,1,1,2026-02
TXN0000005542,ACC0006810,57156.91,SUCCESS,2026-06-01 16:43:51,1,1,1,2026-06
TXN0000005564,ACC0002161,141454.94,SUCCESS,2026-04-19 20:18:19,1,1,1,2026-04
TXN0000005567,ACC0027308,92013.22,SUCCESS,2026-07-14 18:15:01,1,2,1,2026-07
TXN0000005571,ACC0027125,112582.11,SUCCESS,2026-04-08 13:18:04,1,1,1,2026-04
TXN0000005585,ACC0022794,75158.24,SUCCESS,2026-04-10 21:37:25,1,1,1,2026-04
TXN0000005589,ACC0029512,76360.06,SUCCESS,2026-06-10 04:19:44,1,1,1,2026-06
TXN0000005595,ACC0009769,109645.87,SUCCESS,2026-06-03 23:07:26,1,1,1,2026-06
TXN0000005604,ACC0021276,96050.53,SUCCESS,2026-07-20 16:43:01,1,1,1,2026-07
TXN0000005606,ACC0025368,119547.21,SUCCESS,2026-03-13 10:47:50,1,1,1,2026-03
TXN0000005622,ACC0004361,84442.05,SUCCESS,2026-03-02 09:59:43,1,1,1,2026-03
TXN0000005623,ACC0012475,129851.66,SUCCESS,2026-04-12 12:07:12,1,1,1,2026-04
TXN0000005630,ACC0014242,4524.35,SUCCESS,2026-06-08 18:25:13,1,1,1,2026-06
TXN0000005633,ACC0029376,71722.91,SUCCESS,2026-01-10 02:33:07,1,1,1,2026-01
TXN0000005635,ACC0020971,81519.99,SUCCESS,2026-06-07 23:49:00,1,1,1,2026-06
TXN0000005638,ACC0028650,83572.7,SUCCESS,2026-03-16 08:29:04,1,1,1,2026-03
TXN0000005639,ACC0028202,52574.72,SUCCESS,2026-02-18 07:53:50,1,1,1,2026-02
TXN0000005640,ACC0016245,141941.82,SUCCESS,2026-01-09 21:13:23,1,1,1,2026-01
TXN0000005652,ACC0008601,78550.81,SUCCESS,2026-07-10 11:42:03,1,1,1,2026-07
TXN0000005654,ACC0021679,142115.57,SUCCESS,2026-01-05 21:13:21,1,1,1,2026-01
TXN0000005655,ACC0016170,88697.04,SUCCESS,2026-05-16 20:03:34,1,1,1,2026-05
TXN0000005675,ACC0028641,3425.24,SUCCESS,2026-05-06 04:32:35,1,1,1,2026-05
TXN0000005681,ACC0011134,81601.19,SUCCESS,2026-03-06 17:56:05,1,1,1,2026-03
TXN0000005682,ACC0007187,55074.36,SUCCESS,2026-07-27 23:45:03,1,1,1,2026-07
TXN0000005697,ACC0023407,26990.27,SUCCESS,2026-07-21 15:33:20,1,1,1,2026-07
TXN0000005709,ACC0024794,144678.21,SUCCESS,2026-03-18 08:13:59,1,1,1,2026-03
TXN0000005711,ACC0006134,134971.94,SUCCESS,2026-06-16 13:31:40,1,1,1,2026-06
TXN0000005716,ACC0007822,126532.73,SUCCESS,2026-01-20 01:37:43,1,1,1,2026-01
TXN0000005718,ACC0010817,85158.56,SUCCESS,2026-04-04 20:57:06,1,1,1,2026-04
TXN0000005720,ACC0017450,29493.8,SUCCESS,2026-07-30 00:00:33,1,1,1,2026-07
TXN0000005721,ACC0004214,140009.24,SUCCESS,2026-03-17 02:23:39,1,1,1,2026-03
TXN0000005728,ACC0018065,655.19,SUCCESS,2026-08-06 17:09:05,1,1,1,2026-08
TXN0000005730,ACC0007363,129808.37,SUCCESS,2026-03-21 19:38:51,1,1,1,2026-03
TXN0000005735,ACC0018545,103408.98,SUCCESS,2026-06-05 13:58:24,1,1,1,2026-06
TXN0000005737,ACC0011355,3572.36,SUCCESS,2026-04-18 02:06:03,1,1,1,2026-04
TXN0000005739,ACC0025106,118687.19,SUCCESS,2026-01-25 17:46:33,1,1,1,2026-01
TXN0000005750,ACC0020701,35172.95,SUCCESS,2026-08-03 07:19:38,1,1,1,2026-08
TXN0000005753,ACC0029146,123342.01,SUCCESS,2026-03-16 10:40:33,1,1,1,2026-03
TXN0000005756,ACC0027813,104732.86,SUCCESS,2026-03-24 14:56:07,1,1,1,2026-03
TXN0000005762,ACC0014323,105719.96,SUCCESS,2026-05-05 12:14:29,1,1,1,2026-05
TXN0000005765,ACC0017965,99088.5,SUCCESS,2026-07-04 03:24:30,1,1,1,2026-07
TXN0000005767,ACC0008633,46545.15,SUCCESS,2026-03-24 02:35:49,1,1,1,2026-03
TXN0000005770,ACC0020222,2867.16,SUCCESS,2026-06-02 08:42:53,1,1,1,2026-06
TXN0000005771,ACC0000500,129567.18,SUCCESS,2026-03-24 22:16:05,1,1,1,2026-03
TXN0000005774,ACC0026118,34201.74,SUCCESS,2026-04-03 23:14:52,1,1,1,2026-04
TXN0000005778,ACC0011745,10949.41,SUCCESS,2026-07-29 21:52:00,1,1,1,2026-07
TXN0000005782,ACC0000794,65878.6,SUCCESS,2026-07-05 13:04:34,1,1,1,2026-07
TXN0000005795,ACC0006630,26013.2,SUCCESS,2026-06-25 05:12:39,1,1,1,2026-06
TXN0000005806,ACC0022961,110026.44,SUCCESS,2026-01-01 06:35:40,1,1,1,2026-01
TXN0000005808,ACC0018368,32763.55,SUCCESS,2026-06-07 21:16:53,1,1,1,2026-06
TXN0000005810,ACC0015396,137430.14,SUCCESS,2026-06-14 14:38:59,1,1,1,2026-06
TXN0000005814,ACC0012537,108596.94,SUCCESS,2026-05-02 19:14:57,1,1,1,2026-05
TXN0000005819,ACC0017089,2731.72,SUCCESS,2026-02-23 11:14:50,1,1,1,2026-02
TXN0000005820,ACC0019497,37381.53,SUCCESS,2026-06-24 18:56:58,1,1,1,2026-06
TXN0000005846,ACC0018216,83082.28,SUCCESS,2026-07-29 06:05:24,1,1,1,2026-07
TXN0000005857,ACC0028240,98158.75,SUCCESS,2026-03-09 19:18:02,1,1,1,2026-03
TXN0000005862,ACC0006280,101049.44,SUCCESS,2026-07-01 22:20:25,1,1,1,2026-07
TXN0000005863,ACC0004528,3918.9,SUCCESS,2026-08-02 07:11:10,1,1,1,2026-08
TXN0000005864,ACC0024863,42279.65,SUCCESS,2026-02-08 14:13:18,1,1,1,2026-02
TXN0000005874,ACC0022644,120713.43,SUCCESS,2026-05-22 20:03:11,1,1,1,2026-05
TXN0000005877,ACC0018585,55050.51,SUCCESS,2026-03-18 21:55:52,1,1,1,2026-03
TXN0000005878,ACC0019287,114937.04,SUCCESS,2026-06-07 19:53:47,1,1,1,2026-06
TXN0000005884,ACC0025101,104781.36,SUCCESS,2026-03-27 19:37:00,1,1,1,2026-03
TXN0000005885,ACC0010327,41855.29,SUCCESS,2026-04-29 16:03:46,1,1,1,2026-04
TXN0000005890,ACC0009278,20097.68,SUCCESS,2026-01-03 16:17:34,1,1,1,2026-01
TXN0000005899,ACC0015267,97715.43,SUCCESS,2026-05-29 06:39:54,1,1,1,2026-05
TXN0000005901,ACC0005012,71537.2,SUCCESS,2026-03-19 08:07:51,1,1,1,2026-03
TXN0000005904,ACC0014054,110668.78,SUCCESS,2026-01-27 00:21:50,1,1,1,2026-01
TXN0000005905,ACC0006663,110333.83,SUCCESS,2026-02-04 13:28:58,1,1,1,2026-02
TXN0000005914,ACC0008447,40835.48,SUCCESS,2026-01-03 23:22:54,1,1,1,2026-01
TXN0000005924,ACC0026334,30309.65,SUCCESS,2026-06-12 00:44:23,1,1,1,2026-06
TXN0000005925,ACC0001376,113118.86,SUCCESS,2026-03-04 13:20:58,1,2,1,2026-03
TXN0000005927,ACC0029005,142422.79,SUCCESS,2026-05-08 14:44:57,1,1,1,2026-05
TXN0000005928,ACC0008672,36318.28,SUCCESS,2026-03-23 01:55:26,1,1,1,2026-03
TXN0000005935,ACC0014312,81188.52,SUCCESS,2026-07-23 18:03:14,1,1,1,2026-07
TXN0000005947,ACC0006226,14108.62,SUCCESS,2026-01-12 22:03:11,1,1,1,2026-01
TXN0000005954,ACC0010677,37357.43,SUCCESS,2026-01-22 11:45:02,1,1,1,2026-01
TXN0000005959,ACC0012219,3568.91,SUCCESS,2026-03-23 20:49:29,1,1,1,2026-03
TXN0000005961,ACC0001568,27317.33,SUCCESS,2026-06-20 10:16:07,1,1,1,2026-06
TXN0000005962,ACC0002383,13719.51,SUCCESS,2026-06-18 00:41:19,1,1,1,2026-06
TXN0000005963,ACC0015082,104952.12,SUCCESS,2026-06-07 04:19:13,1,1,1,2026-06
TXN0000005976,ACC0018899,11216.06,SUCCESS,2026-03-21 21:46:21,1,1,1,2026-03
TXN0000005984,ACC0004309,130033.84,SUCCESS,2026-05-30 15:48:46,1,1,1,2026-05
TXN0000006006,ACC0008129,59348.28,SUCCESS,2026-02-22 12:04:17,1,1,1,2026-02
TXN0000006008,ACC0012602,26236.57,SUCCESS,2026-04-07 01:49:07,1,1,1,2026-04
TXN0000006010,ACC0000527,36508.36,SUCCESS,2026-04-22 04:11:20,1,1,1,2026-04
TXN0000006024,ACC0010079,42092.39,SUCCESS,2026-06-25 17:00:59,1,1,1,2026-06
TXN0000006027,ACC0003295,110049.78,SUCCESS,2026-07-24 14:05:35,1,1,1,2026-07
TXN0000006033,ACC0026916,108961.89,SUCCESS,2026-07-28 11:53:40,1,1,1,2026-07
TXN0000006035,ACC0001594,78000.75,SUCCESS,2026-01-18 12:25:17,1,1,1,2026-01
TXN0000006040,ACC0021178,7524.68,SUCCESS,2026-07-15 21:47:33,1,1,1,2026-07
TXN0000006043,ACC0019242,24995.6,SUCCESS,2026-04-22 00:31:35,1,1,1,2026-04
TXN0000006045,ACC0029376,71077.63,SUCCESS,2026-01-20 10:52:13,1,2,1,2026-01
TXN0000006049,ACC0020856,44081.26,SUCCESS,2026-06-18 21:49:42,1,1,1,2026-06
TXN0000006052,ACC0006992,37852.24,SUCCESS,2026-04-08 06:01:50,1,1,1,2026-04
TXN0000006056,ACC0008038,73318.69,SUCCESS,2026-04-07 11:44:37,1,1,1,2026-04
TXN0000006057,ACC0018831,76441.98,SUCCESS,2026-02-17 02:10:11,1,1,1,2026-02
TXN0000006061,ACC0026920,72116.16,SUCCESS,2026-07-08 06:39:12,1,1,1,2026-07
TXN0000006067,ACC0025626,7359.61,SUCCESS,2026-01-15 19:34:51,1,1,1,2026-01
TXN0000006068,ACC0006171,125402.63,SUCCESS,2026-07-02 22:55:34,1,2,1,2026-07
TXN0000006069,ACC0007863,118082.04,SUCCESS,2026-01-12 13:26:59,1,1,1,2026-01
TXN0000006074,ACC0023429,120774.07,SUCCESS,2026-07-31 22:54:47,1,1,1,2026-07
TXN0000006076,ACC0021037,1841.14,SUCCESS,2026-03-04 00:24:35,1,1,1,2026-03
TXN0000006079,ACC0001966,122348.69,SUCCESS,2026-06-29 11:55:07,1,1,1,2026-06
TXN0000006090,ACC0013308,8526.22,SUCCESS,2026-07-20 08:10:47,1,1,1,2026-07
TXN0000006091,ACC0015998,140299.93,SUCCESS,2026-02-17 02:14:38,1,1,1,2026-02
TXN0000006093,ACC0017360,92831.16,SUCCESS,2026-03-05 14:32:59,1,1,1,2026-03
TXN0000006119,ACC0021271,24991.74,SUCCESS,2026-04-17 22:55:25,1,1,1,2026-04
TXN0000006121,ACC0000852,44368.91,SUCCESS,2026-04-25 18:36:22,1,1,1,2026-04
TXN0000006122,ACC0017001,64511.21,SUCCESS,2026-02-26 12:15:20,1,1,1,2026-02
TXN0000006139,ACC0004302,14736.39,SUCCESS,2026-05-16 21:20:45,1,1,1,2026-05
TXN0000006146,ACC0010084,48181.51,SUCCESS,2026-05-13 21:52:26,1,1,1,2026-05
TXN0000006149,ACC0007093,64795.28,SUCCESS,2026-05-24 06:42:33,1,1,1,2026-05
TXN0000006158,ACC0009984,34825.99,SUCCESS,2026-06-20 19:07:21,1,1,1,2026-06
TXN0000006160,ACC0024414,49549.2,SUCCESS,2026-08-03 14:44:53,1,1,1,2026-08
TXN0000006161,ACC0011762,120937.13,SUCCESS,2026-01-18 21:12:22,1,1,1,2026-01
TXN0000006165,ACC0012989,97286.04,SUCCESS,2026-02-14 00:01:40,1,1,1,2026-02
TXN0000006173,ACC0021993,24734.83,SUCCESS,2026-04-28 23:49:25,1,1,1,2026-04
TXN0000006179,ACC0006640,22443.8,SUCCESS,2026-05-12 10:59:16,1,1,1,2026-05
TXN0000006185,ACC0010903,42475.09,SUCCESS,2026-03-26 22:26:02,1,1,1,2026-03
TXN0000006189,ACC0008167,135810.77,SUCCESS,2026-03-07 17:44:28,1,1,1,2026-03
TXN0000006191,ACC0009116,63054.11,SUCCESS,2026-06-02 22:03:22,1,1,1,2026-06
TXN0000006195,ACC0029026,62739.58,SUCCESS,2026-05-05 07:02:32,1,1,1,2026-05
TXN0000006204,ACC0002874,118139.16,SUCCESS,2026-07-10 12:15:51,1,1,1,2026-07
TXN0000006208,ACC0028525,24326.73,SUCCESS,2026-05-16 14:05:17,1,1,1,2026-05
TXN0000006223,ACC0017122,120065.55,SUCCESS,2026-06-15 12:02:23,1,1,1,2026-06
TXN0000006234,ACC0018110,127049.81,SUCCESS,2026-07-13 00:24:21,1,1,1,2026-07
TXN0000006235,ACC0013374,126793.98,SUCCESS,2026-02-19 17:54:21,1,1,1,2026-02
TXN0000006240,ACC0002515,115042.13,SUCCESS,2026-08-06 02:28:02,1,1,1,2026-08
TXN0000006243,ACC0026233,5901.46,SUCCESS,2026-04-15 07:17:20,1,1,1,2026-04
TXN0000006244,ACC0006430,119983.64,SUCCESS,2026-02-23 06:09:44,1,1,1,2026-02
TXN0000006254,ACC0011857,60412.84,SUCCESS,2026-01-28 03:17:21,1,1,1,2026-01
TXN0000006258,ACC0016674,110256.92,SUCCESS,2026-05-23 16:02:50,1,1,1,2026-05
TXN0000006278,ACC0027598,59114.28,SUCCESS,2026-01-03 21:39:00,1,1,1,2026-01
TXN0000006290,ACC0025212,67761.11,SUCCESS,2026-05-03 15:50:33,1,1,1,2026-05
TXN0000006295,ACC0023059,89684.87,SUCCESS,2026-07-30 07:38:03,1,1,1,2026-07
TXN0000006296,ACC0002342,98512.27,SUCCESS,2026-02-16 19:45:05,1,1,1,2026-02
TXN0000006311,ACC0008240,127948.4,SUCCESS,2026-03-31 08:17:35,1,2,1,2026-03
TXN0000006318,ACC0018299,115236.64,SUCCESS,2026-04-09 15:58:51,1,1,1,2026-04
TXN0000006325,ACC0025892,100389.88,SUCCESS,2026-04-04 07:15:38,1,1,1,2026-04
TXN0000006327,ACC0013149,29214.47,SUCCESS,2026-04-02 05:53:10,1,1,1,2026-04
TXN0000006341,ACC0009993,7251.09,SUCCESS,2026-04-30 08:08:08,1,1,1,2026-04
TXN0000006342,ACC0009667,114024.8,SUCCESS,2026-06-09 14:11:15,1,1,1,2026-06
TXN0000006343,ACC0004217,130701.75,SUCCESS,2026-02-19 19:52:23,1,1,1,2026-02
TXN0000006350,ACC0000037,60441.31,SUCCESS,2026-07-05 06:16:45,1,1,1,2026-07
TXN0000006354,ACC0024382,50414.07,SUCCESS,2026-07-14 22:26:54,1,1,1,2026-07
TXN0000006358,ACC0018411,146391.54,SUCCESS,2026-08-07 05:47:03,1,1,1,2026-08
TXN0000006359,ACC0023535,22642.93,SUCCESS,2026-03-09 04:21:43,1,1,1,2026-03
TXN0000006368,ACC0024966,53809.51,SUCCESS,2026-03-02 17:43:04,1,1,1,2026-03
TXN0000006369,ACC0029526,107904.97,SUCCESS,2026-02-01 23:06:09,1,1,1,2026-02
TXN0000006382,ACC0029113,15335.96,SUCCESS,2026-03-21 00:15:26,1,1,1,2026-03
TXN0000006387,ACC0005571,142486.22,SUCCESS,2026-03-22 18:22:13,1,1,1,2026-03
TXN0000006392,ACC0023048,32083.5,SUCCESS,2026-06-20 04:23:00,1,1,1,2026-06
TXN0000006402,ACC0002441,127.8,SUCCESS,2026-07-06 06:26:26,1,1,1,2026-07
TXN0000006403,ACC0027433,45061.68,SUCCESS,2026-05-26 20:13:39,1,1,1,2026-05
TXN0000006411,ACC0019379,103266.96,SUCCESS,2026-01-29 22:48:15,1,1,1,2026-01
TXN0000006414,ACC0006667,86895.02,SUCCESS,2026-03-31 22:17:39,1,1,1,2026-03
TXN0000006418,ACC0004639,94625.65,SUCCESS,2026-05-19 05:59:52,1,1,1,2026-05
TXN0000006420,ACC0005779,6160.78,SUCCESS,2026-03-19 23:56:19,1,1,1,2026-03
TXN0000006421,ACC0028036,92265.56,SUCCESS,2026-06-25 08:16:05,1,1,1,2026-06
TXN0000006424,ACC0011413,33351.84,SUCCESS,2026-07-22 00:05:42,1,1,1,2026-07
TXN0000006429,ACC0022711,105050.14,SUCCESS,2026-04-24 02:50:34,1,1,1,2026-04
TXN0000006434,ACC0027986,66299.3,SUCCESS,2026-03-01 05:42:58,1,1,1,2026-03
TXN0000006435,ACC0018913,13230.7,SUCCESS,2026-03-13 07:51:56,1,1,1,2026-03
TXN0000006440,ACC0012352,52140.89,SUCCESS,2026-02-26 08:35:20,1,1,1,2026-02
TXN0000006442,ACC0016935,34238.86,SUCCESS,2026-05-12 20:24:23,1,1,1,2026-05
TXN0000006443,ACC0028104,140248.48,SUCCESS,2026-07-29 10:01:11,1,1,1,2026-07
TXN0000006449,ACC0028700,114127.17,SUCCESS,2026-04-17 21:48:41,1,1,1,2026-04
TXN0000006450,ACC0021055,42739.7,SUCCESS,2026-06-22 02:27:26,1,1,1,2026-06
TXN0000006463,ACC0013352,21587.15,SUCCESS,2026-02-09 22:20:06,1,1,1,2026-02
TXN0000006466,ACC0023737,121347.77,SUCCESS,2026-07-24 10:38:13,1,1,1,2026-07
TXN0000006472,ACC0019097,147867.94,SUCCESS,2026-03-16 01:55:41,1,1,1,2026-03
TXN0000006473,ACC0026040,104535.7,SUCCESS,2026-02-15 21:48:29,1,1,1,2026-02
TXN0000006484,ACC0014941,56759.05,SUCCESS,2026-07-14 07:27:31,1,1,1,2026-07
TXN0000006503,ACC0010079,29492.45,SUCCESS,2026-05-05 01:26:37,1,1,1,2026-05
TXN0000006511,ACC0029053,97877.19,SUCCESS,2026-05-19 05:13:07,1,1,1,2026-05
TXN0000006512,ACC0008642,115269.8,SUCCESS,2026-04-01 07:32:35,1,1,1,2026-04
TXN0000006518,ACC0002124,24688.64,SUCCESS,2026-06-06 09:33:32,1,1,1,2026-06
TXN0000006523,ACC0003476,48237.13,SUCCESS,2026-06-08 13:33:07,1,1,1,2026-06
TXN0000006527,ACC0000166,73965.67,SUCCESS,2026-01-17 16:54:33,1,1,1,2026-01
TXN0000006529,ACC0023563,121502.54,SUCCESS,2026-05-15 17:39:03,1,1,1,2026-05
TXN0000006531,ACC0009127,84385.94,SUCCESS,2026-02-01 10:11:25,1,1,1,2026-02
TXN0000006536,ACC0015893,33230.74,SUCCESS,2026-03-06 09:05:10,1,1,1,2026-03
TXN0000006539,ACC0029668,49026.98,SUCCESS,2026-01-16 08:46:12,1,1,1,2026-01
TXN0000006544,ACC0004084,78005.34,SUCCESS,2026-01-09 23:27:40,1,1,1,2026-01
TXN0000006545,ACC0023931,13299.99,SUCCESS,2026-06-01 23:03:11,1,1,1,2026-06
TXN0000006551,ACC0014694,30452.66,SUCCESS,2026-06-27 09:49:18,1,1,1,2026-06
TXN0000006558,ACC0009247,100337.27,SUCCESS,2026-05-21 22:40:59,1,1,1,2026-05
TXN0000006576,ACC0013922,66690.5,SUCCESS,2026-01-01 09:58:12,1,1,1,2026-01
TXN0000006582,ACC0011337,138505.77,SUCCESS,2026-05-04 00:23:56,1,1,1,2026-05
TXN0000006583,ACC0027157,36695.07,SUCCESS,2026-02-07 13:15:59,1,1,1,2026-02
TXN0000006592,ACC0014894,47200.79,SUCCESS,2026-05-21 04:52:10,1,1,1,2026-05
TXN0000006595,ACC0013242,56173.49,SUCCESS,2026-07-30 10:24:57,1,1,1,2026-07
TXN0000006600,ACC0017600,38892.48,SUCCESS,2026-03-27 12:13:29,1,1,1,2026-03
TXN0000006601,ACC0014392,56026.59,SUCCESS,2026-01-29 14:18:01,1,1,1,2026-01
TXN0000006605,ACC0005042,42065.3,SUCCESS,2026-01-15 00:06:33,1,1,1,2026-01
TXN0000006607,ACC0021028,138408.82,SUCCESS,2026-02-08 03:24:43,1,1,1,2026-02
TXN0000006609,ACC0020874,59496.01,SUCCESS,2026-04-10 04:08:18,1,1,1,2026-04
TXN0000006611,ACC0012590,147300.88,SUCCESS,2026-06-27 11:10:10,1,1,1,2026-06
TXN0000006612,ACC0001094,123598.56,SUCCESS,2026-01-23 17:02:03,1,1,1,2026-01
TXN0000006613,ACC0021743,27174.32,SUCCESS,2026-07-01 04:42:29,1,1,1,2026-07
TXN0000006625,ACC0004223,67207.61,SUCCESS,2026-04-21 23:38:04,1,1,1,2026-04
TXN0000006627,ACC0003774,97491.48,SUCCESS,2026-06-02 19:03:19,1,1,1,2026-06
TXN0000006630,ACC0024502,95741.87,SUCCESS,2026-02-16 18:26:41,1,1,1,2026-02
TXN0000006633,ACC0019679,97993.25,SUCCESS,2026-03-21 01:04:23,1,1,1,2026-03
TXN0000006637,ACC0003324,147414.48,SUCCESS,2026-06-01 14:47:12,1,2,1,2026-06
TXN0000006641,ACC0026567,90124.55,SUCCESS,2026-01-05 00:33:26,1,1,1,2026-01
TXN0000006643,ACC0029596,71511.7,SUCCESS,2026-01-17 13:48:31,1,1,1,2026-01
TXN0000006644,ACC0029100,28330.89,SUCCESS,2026-06-29 11:43:31,1,1,1,2026-06
TXN0000006654,ACC0028465,26183.0,SUCCESS,2026-04-08 19:13:02,1,1,1,2026-04
TXN0000006657,ACC0006013,31092.81,SUCCESS,2026-06-11 06:22:48,1,1,1,2026-06
TXN0000006670,ACC0018425,66084.56,SUCCESS,2026-04-29 16:10:53,1,1,1,2026-04
TXN0000006671,ACC0027305,62561.65,SUCCESS,2026-07-28 22:07:35,1,1,1,2026-07
TXN0000006672,ACC0013891,107014.42,SUCCESS,2026-03-31 21:18:24,1,1,1,2026-03
TXN0000006676,ACC0028782,64154.95,SUCCESS,2026-06-29 05:59:20,1,1,1,2026-06
TXN0000006688,ACC0022500,117481.75,SUCCESS,2026-06-24 16:02:16,1,1,1,2026-06
TXN0000006699,ACC0012677,102988.14,SUCCESS,2026-05-30 23:15:11,1,1,1,2026-05
TXN0000006703,ACC0013547,88966.63,SUCCESS,2026-04-22 13:49:52,1,1,1,2026-04
TXN0000006705,ACC0002507,42868.34,SUCCESS,2026-01-05 23:58:53,1,1,1,2026-01
TXN0000006715,ACC0005264,136145.25,SUCCESS,2026-07-01 17:30:46,1,1,1,2026-07
TXN0000006720,ACC0012099,3444.31,SUCCESS,2026-04-21 18:49:11,1,1,1,2026-04
TXN0000006721,ACC0002214,3883.5,SUCCESS,2026-02-21 00:28:29,1,1,1,2026-02
TXN0000006726,ACC0005770,75073.07,SUCCESS,2026-04-22 21:53:28,1,1,1,2026-04
TXN0000006731,ACC0011496,27021.67,SUCCESS,2026-06-28 08:14:34,1,1,1,2026-06
TXN0000006738,ACC0006335,66357.51,SUCCESS,2026-03-17 19:32:49,1,1,1,2026-03
TXN0000006748,ACC0002142,73792.63,SUCCESS,2026-03-13 14:55:18,1,2,1,2026-03
TXN0000006754,ACC0024759,130161.62,SUCCESS,2026-02-07 12:22:14,1,2,1,2026-02
TXN0000006762,ACC0004450,42472.65,SUCCESS,2026-07-06 15:34:23,1,1,1,2026-07
TXN0000006764,ACC0004508,56745.19,SUCCESS,2026-08-01 13:13:50,1,1,1,2026-08
TXN0000006765,ACC0008817,51765.75,SUCCESS,2026-03-10 22:03:07,1,1,1,2026-03
TXN0000006768,ACC0024692,128175.91,SUCCESS,2026-01-04 09:46:32,1,1,1,2026-01
TXN0000006770,ACC0014928,80936.13,SUCCESS,2026-01-15 00:26:45,1,1,1,2026-01
TXN0000006782,ACC0028922,120630.49,SUCCESS,2026-01-29 02:05:44,1,1,1,2026-01
TXN0000006784,ACC0014087,120303.81,SUCCESS,2026-04-25 03:55:28,1,1,1,2026-04
TXN0000006796,ACC0013158,38267.75,SUCCESS,2026-05-24 18:02:04,1,1,1,2026-05
TXN0000006819,ACC0023073,60189.32,SUCCESS,2026-01-31 12:09:54,1,1,1,2026-01
TXN0000006824,ACC0022638,80486.26,SUCCESS,2026-06-27 17:28:36,1,1,1,2026-06
TXN0000006826,ACC0016442,137432.53,SUCCESS,2026-02-22 02:32:19,1,1,1,2026-02
TXN0000006831,ACC0000555,148793.53,SUCCESS,2026-07-27 05:39:41,1,1,1,2026-07
TXN0000006838,ACC0005096,147970.99,SUCCESS,2026-02-25 02:00:33,1,1,1,2026-02
TXN0000006846,ACC0010971,146497.96,SUCCESS,2026-06-27 19:47:48,1,1,1,2026-06
TXN0000006849,ACC0026499,124747.58,SUCCESS,2026-06-01 23:30:39,1,1,1,2026-06
TXN0000006853,ACC0006006,57783.35,SUCCESS,2026-04-15 03:06:25,1,1,1,2026-04
TXN0000006861,ACC0002667,59609.51,SUCCESS,2026-05-23 23:52:31,1,1,1,2026-05
TXN0000006898,ACC0004224,111737.85,SUCCESS,2026-05-27 05:58:53,1,1,1,2026-05
TXN0000006906,ACC0013135,568.36,SUCCESS,2026-01-14 17:00:50,1,1,1,2026-01
TXN0000006912,ACC0013759,30738.49,SUCCESS,2026-06-08 20:21:32,1,1,1,2026-06
TXN0000006920,ACC0001652,84293.01,SUCCESS,2026-06-11 12:03:47,1,1,1,2026-06
TXN0000006931,ACC0024421,12898.23,SUCCESS,2026-06-28 11:49:47,1,1,1,2026-06
TXN0000006933,ACC0029560,43887.48,SUCCESS,2026-01-03 12:04:30,1,1,1,2026-01
TXN0000006940,ACC0026090,107608.11,SUCCESS,2026-08-06 23:53:43,1,1,1,2026-08
TXN0000006942,ACC0029768,15504.73,SUCCESS,2026-05-07 16:16:15,1,1,1,2026-05
TXN0000006943,ACC0005014,128303.94,SUCCESS,2026-03-18 09:39:02,1,1,1,2026-03
TXN0000006951,ACC0012513,506.68,SUCCESS,2026-01-02 23:09:39,1,1,1,2026-01
TXN0000006956,ACC0003074,22442.22,SUCCESS,2026-06-30 18:30:37,1,1,1,2026-06
TXN0000006958,ACC0016822,18705.59,SUCCESS,2026-07-09 07:04:42,1,1,1,2026-07
TXN0000006967,ACC0007085,53664.12,SUCCESS,2026-06-28 11:36:17,1,1,1,2026-06
TXN0000006971,ACC0025210,139085.65,SUCCESS,2026-07-04 09:30:36,1,1,1,2026-07
TXN0000006973,ACC0013597,17332.02,SUCCESS,2026-08-01 09:28:01,1,1,1,2026-08
TXN0000006974,ACC0003571,126119.19,SUCCESS,2026-01-13 17:06:07,1,1,1,2026-01
TXN0000006977,ACC0027865,42265.53,SUCCESS,2026-06-26 03:31:56,1,1,1,2026-06
TXN0000006984,ACC0001274,37519.18,SUCCESS,2026-04-09 00:55:13,1,1,1,2026-04
TXN0000006986,ACC0018809,12886.95,SUCCESS,2026-05-12 10:49:05,1,1,1,2026-05
TXN0000006996,ACC0021033,101531.57,SUCCESS,2026-05-26 20:39:19,1,1,1,2026-05
TXN0000007002,ACC0017378,107578.49,SUCCESS,2026-01-23 09:13:47,1,1,1,2026-01
TXN0000007009,ACC0019609,110285.5,SUCCESS,2026-07-15 16:58:35,1,1,1,2026-07
TXN0000007010,ACC0009353,88111.08,SUCCESS,2026-05-15 17:28:20,1,1,1,2026-05
TXN0000007013,ACC0026051,33148.58,SUCCESS,2026-02-23 11:23:28,1,1,1,2026-02
TXN0000007017,ACC0014934,61156.3,SUCCESS,2026-02-18 14:58:52,1,1,1,2026-02
TXN0000007028,ACC0010234,21541.55,SUCCESS,2026-05-20 04:11:40,1,1,1,2026-05
TXN0000007035,ACC0014067,92764.76,SUCCESS,2026-03-01 16:32:18,1,1,1,2026-03
TXN0000007037,ACC0025108,54131.63,SUCCESS,2026-06-16 19:25:21,1,1,1,2026-06
TXN0000007048,ACC0015528,113825.4,SUCCESS,2026-02-12 13:24:20,1,1,1,2026-02
TXN0000007051,ACC0005472,21283.27,SUCCESS,2026-06-25 11:56:26,1,1,1,2026-06
TXN0000007054,ACC0000342,30123.97,SUCCESS,2026-03-13 16:17:05,1,1,1,2026-03
TXN0000007057,ACC0015475,50783.94,SUCCESS,2026-03-23 06:25:14,1,1,1,2026-03
TXN0000007062,ACC0014154,94671.1,SUCCESS,2026-03-08 07:49:12,1,1,1,2026-03
TXN0000007068,ACC0027925,53000.37,SUCCESS,2026-01-05 13:58:38,1,1,1,2026-01
TXN0000007081,ACC0026448,50141.34,SUCCESS,2026-03-12 01:01:05,1,1,1,2026-03
TXN0000007083,ACC0001880,23780.62,SUCCESS,2026-04-01 02:43:16,1,1,1,2026-04
TXN0000007087,ACC0024351,18193.85,SUCCESS,2026-07-13 22:12:16,1,1,1,2026-07
TXN0000007109,ACC0017830,127487.02,SUCCESS,2026-06-02 21:17:20,1,1,1,2026-06
TXN0000007115,ACC0015024,80050.91,SUCCESS,2026-03-06 12:45:54,1,1,1,2026-03
TXN0000007125,ACC0000606,97898.65,SUCCESS,2026-05-17 10:34:56,1,1,1,2026-05
TXN0000007134,ACC0022744,10160.41,SUCCESS,2026-01-18 08:48:03,1,1,1,2026-01
TXN0000007135,ACC0007365,66202.12,SUCCESS,2026-08-05 15:39:54,1,1,1,2026-08
TXN0000007136,ACC0029780,48792.59,SUCCESS,2026-08-01 09:19:22,1,1,1,2026-08
TXN0000007142,ACC0016158,26782.35,SUCCESS,2026-05-23 15:23:07,1,1,1,2026-05
TXN0000007144,ACC0007058,99251.86,SUCCESS,2026-06-12 15:08:19,1,1,1,2026-06
TXN0000007151,ACC0029320,55457.29,SUCCESS,2026-07-04 13:34:11,1,1,1,2026-07
TXN0000007169,ACC0010721,27157.37,SUCCESS,2026-04-07 08:31:13,1,1,1,2026-04
TXN0000007178,ACC0017882,26636.79,SUCCESS,2026-03-21 05:33:37,1,1,1,2026-03
TXN0000007188,ACC0003963,23328.92,SUCCESS,2026-06-14 05:33:50,1,1,1,2026-06
TXN0000007194,ACC0000692,112186.01,SUCCESS,2026-03-06 11:53:47,1,1,1,2026-03
TXN0000007201,ACC0011075,48575.01,SUCCESS,2026-06-11 09:39:09,1,1,1,2026-06
TXN0000007207,ACC0016111,88174.65,SUCCESS,2026-03-15 03:38:04,1,1,1,2026-03
TXN0000007216,ACC0022710,27730.19,SUCCESS,2026-01-07 18:38:52,1,1,1,2026-01
TXN0000007223,ACC0019949,23729.39,SUCCESS,2026-04-01 20:46:25,1,1,1,2026-04
TXN0000007224,ACC0004128,97757.42,SUCCESS,2026-01-29 19:07:10,1,1,1,2026-01
TXN0000007227,ACC0021506,72206.12,SUCCESS,2026-06-08 01:05:22,1,1,1,2026-06
TXN0000007230,ACC0010517,39711.75,SUCCESS,2026-01-22 14:57:54,1,1,1,2026-01
TXN0000007236,ACC0004174,81838.61,SUCCESS,2026-03-24 01:03:09,1,1,1,2026-03
TXN0000007239,ACC0019256,93048.85,SUCCESS,2026-02-10 08:28:53,1,1,1,2026-02
TXN0000007242,ACC0013944,10388.87,SUCCESS,2026-02-20 09:40:12,1,1,1,2026-02
TXN0000007250,ACC0004145,66042.17,SUCCESS,2026-08-08 17:21:00,1,1,1,2026-08
TXN0000007253,ACC0015546,77611.69,SUCCESS,2026-04-14 02:13:49,1,1,1,2026-04
TXN0000007262,ACC0028879,116412.75,SUCCESS,2026-02-15 09:27:47,1,1,1,2026-02
TXN0000007300,ACC0016756,6579.14,SUCCESS,2026-02-01 13:02:17,1,1,1,2026-02
TXN0000007309,ACC0009618,73455.17,SUCCESS,2026-07-20 17:50:19,1,1,1,2026-07
TXN0000007313,ACC0011326,41608.62,SUCCESS,2026-07-23 07:57:26,1,2,1,2026-07
TXN0000007324,ACC0010351,137444.82,SUCCESS,2026-04-22 18:23:59,1,1,1,2026-04
TXN0000007325,ACC0005585,37612.04,SUCCESS,2026-04-05 20:10:54,1,1,1,2026-04
TXN0000007327,ACC0006232,48741.33,SUCCESS,2026-06-08 13:37:01,1,1,1,2026-06
TXN0000007342,ACC0026843,87104.34,SUCCESS,2026-05-31 00:47:21,1,1,1,2026-05
TXN0000007347,ACC0016212,72014.99,SUCCESS,2026-05-10 05:54:47,1,1,1,2026-05
TXN0000007355,ACC0012935,59297.67,SUCCESS,2026-06-12 02:18:20,1,1,1,2026-06
TXN0000007360,ACC0015568,66385.83,SUCCESS,2026-04-04 07:27:05,1,1,1,2026-04
TXN0000007367,ACC0011244,108328.5,SUCCESS,2026-01-15 03:14:27,1,1,1,2026-01
TXN0000007374,ACC0006261,127424.83,SUCCESS,2026-04-23 10:05:09,1,1,1,2026-04
TXN0000007381,ACC0022028,81142.54,SUCCESS,2026-03-05 03:41:39,1,1,1,2026-03
TXN0000007396,ACC0017323,4531.16,SUCCESS,2026-05-25 12:04:44,1,1,1,2026-05
TXN0000007400,ACC0014655,69880.73,SUCCESS,2026-01-24 05:34:39,1,1,1,2026-01
TXN0000007401,ACC0018956,42769.6,SUCCESS,2026-04-22 09:49:01,1,1,1,2026-04
TXN0000007403,ACC0008186,12014.43,SUCCESS,2026-03-30 10:59:11,1,1,1,2026-03
TXN0000007405,ACC0012531,80873.8,SUCCESS,2026-01-13 04:49:28,1,1,1,2026-01
TXN0000007412,ACC0002113,67208.7,SUCCESS,2026-03-18 18:08:59,1,1,1,2026-03
TXN0000007423,ACC0019090,137881.79,SUCCESS,2026-02-01 01:47:27,1,1,1,2026-02
TXN0000007429,ACC0024850,44224.36,SUCCESS,2026-02-27 16:11:38,1,1,1,2026-02
TXN0000007435,ACC0006570,142229.97,SUCCESS,2026-01-02 08:42:23,1,1,1,2026-01
TXN0000007438,ACC0017934,11992.52,SUCCESS,2026-03-23 11:50:57,1,1,1,2026-03
TXN0000007441,ACC0020221,24189.98,SUCCESS,2026-02-06 05:43:38,1,1,1,2026-02
TXN0000007450,ACC0002448,69689.63,SUCCESS,2026-03-22 16:10:44,1,1,1,2026-03
TXN0000007460,ACC0005699,50112.37,SUCCESS,2026-08-02 20:31:03,1,1,1,2026-08
TXN0000007463,ACC0002615,90635.51,SUCCESS,2026-06-15 01:49:58,1,1,1,2026-06
TXN0000007486,ACC0003208,68025.11,SUCCESS,2026-01-30 08:19:22,1,1,1,2026-01
TXN0000007499,ACC0014890,13209.81,SUCCESS,2026-03-05 18:33:56,1,1,1,2026-03
TXN0000007510,ACC0020113,37339.89,SUCCESS,2026-01-12 15:50:49,1,1,1,2026-01
TXN0000007511,ACC0012137,78558.49,SUCCESS,2026-03-22 19:48:59,1,1,1,2026-03
TXN0000007520,ACC0016677,30681.52,SUCCESS,2026-03-27 03:50:55,1,1,1,2026-03
TXN0000007530,ACC0016102,27051.63,SUCCESS,2026-07-26 10:43:56,1,1,1,2026-07
TXN0000007532,ACC0006872,135292.86,SUCCESS,2026-05-31 19:46:06,1,1,1,2026-05
TXN0000007543,ACC0024674,53722.58,SUCCESS,2026-04-07 12:21:56,1,1,1,2026-04
TXN0000007544,ACC0022700,42099.54,SUCCESS,2026-06-18 12:33:35,1,1,1,2026-06
TXN0000007547,ACC0028381,11258.47,SUCCESS,2026-02-11 02:23:45,1,1,1,2026-02
TXN0000007549,ACC0009248,88969.53,SUCCESS,2026-04-03 15:47:33,1,1,1,2026-04
TXN0000007551,ACC0023593,38225.42,SUCCESS,2026-02-07 14:43:34,1,1,1,2026-02
TXN0000007553,ACC0005120,120993.53,SUCCESS,2026-01-10 19:00:08,1,1,1,2026-01
TXN0000007555,ACC0018317,95445.41,SUCCESS,2026-05-11 20:21:37,1,1,1,2026-05
TXN0000007559,ACC0020224,34596.77,SUCCESS,2026-01-09 10:04:52,1,1,1,2026-01
TXN0000007566,ACC0026199,2898.86,SUCCESS,2026-04-14 00:40:51,1,1,1,2026-04
TXN0000007574,ACC0021258,35859.97,SUCCESS,2026-05-07 00:35:31,1,1,1,2026-05
TXN0000007584,ACC0024131,103955.43,SUCCESS,2026-05-14 14:15:26,1,1,1,2026-05
TXN0000007590,ACC0023195,109743.18,SUCCESS,2026-02-15 00:18:43,1,1,1,2026-02
TXN0000007621,ACC0026630,112820.79,SUCCESS,2026-04-09 11:36:13,1,1,1,2026-04
TXN0000007629,ACC0004475,126010.63,SUCCESS,2026-07-25 17:25:30,1,1,1,2026-07
TXN0000007632,ACC0013542,122055.0,SUCCESS,2026-05-17 19:54:54,1,1,1,2026-05
TXN0000007635,ACC0024018,122340.26,SUCCESS,2026-07-03 18:56:19,1,1,1,2026-07
TXN0000007653,ACC0027499,54276.6,SUCCESS,2026-02-06 21:27:39,1,1,1,2026-02
TXN0000007657,ACC0000497,23200.74,SUCCESS,2026-01-09 06:47:11,1,1,1,2026-01
TXN0000007661,ACC0028843,125941.02,SUCCESS,2026-03-15 01:34:01,1,1,1,2026-03
TXN0000007663,ACC0009879,138911.02,SUCCESS,2026-01-13 21:16:32,1,1,1,2026-01
TXN0000007671,ACC0018187,28828.75,SUCCESS,2026-03-29 11:30:04,1,1,1,2026-03
TXN0000007673,ACC0016348,66058.69,SUCCESS,2026-04-23 18:21:21,1,1,1,2026-04
TXN0000007678,ACC0016662,119589.61,SUCCESS,2026-04-14 15:11:31,1,1,1,2026-04
TXN0000007679,ACC0020868,105134.95,SUCCESS,2026-07-04 10:09:14,1,1,1,2026-07
TXN0000007682,ACC0006670,76909.18,SUCCESS,2026-04-09 04:41:02,1,1,1,2026-04
TXN0000007690,ACC0001846,15914.05,SUCCESS,2026-01-17 17:08:28,1,1,1,2026-01
TXN0000007704,ACC0013267,2940.42,SUCCESS,2026-03-28 01:41:53,1,1,1,2026-03
TXN0000007706,ACC0012071,113846.87,SUCCESS,2026-06-08 21:36:22,1,1,1,2026-06
TXN0000007707,ACC0012796,93784.12,SUCCESS,2026-06-24 06:58:36,1,1,1,2026-06
TXN0000007709,ACC0005668,25797.86,SUCCESS,2026-02-05 16:02:59,1,1,1,2026-02
TXN0000007710,ACC0002347,93661.32,SUCCESS,2026-04-03 23:09:47,1,1,1,2026-04
TXN0000007711,ACC0003231,72694.6,SUCCESS,2026-01-10 01:39:59,1,1,1,2026-01
TXN0000007714,ACC0028116,144228.8,SUCCESS,2026-02-21 12:32:38,1,1,1,2026-02
TXN0000007718,ACC0005852,139946.75,SUCCESS,2026-06-03 06:47:24,1,1,1,2026-06
TXN0000007725,ACC0023134,48753.76,SUCCESS,2026-03-03 03:39:35,1,1,1,2026-03
TXN0000007735,ACC0029415,96053.85,SUCCESS,2026-05-05 11:36:10,1,1,1,2026-05
TXN0000007736,ACC0017532,71989.8,SUCCESS,2026-05-11 18:52:26,1,1,1,2026-05
TXN0000007745,ACC0026785,120660.36,SUCCESS,2026-02-23 09:00:58,1,1,1,2026-02
TXN0000007752,ACC0002892,128110.64,SUCCESS,2026-07-05 11:29:02,1,1,1,2026-07
TXN0000007761,ACC0009873,115175.1,SUCCESS,2026-05-16 21:10:26,1,1,1,2026-05
TXN0000007773,ACC0016032,100030.16,SUCCESS,2026-01-19 16:25:59,1,1,1,2026-01
TXN0000007781,ACC0010801,74753.73,SUCCESS,2026-03-05 16:50:04,1,1,1,2026-03
TXN0000007791,ACC0017940,141654.1,SUCCESS,2026-05-16 13:35:23,1,1,1,2026-05
TXN0000007803,ACC0027591,46359.78,SUCCESS,2026-05-01 18:16:44,1,1,1,2026-05
TXN0000007813,ACC0000381,120202.37,SUCCESS,2026-04-21 23:34:56,1,1,1,2026-04
TXN0000007820,ACC0018305,78624.28,SUCCESS,2026-06-22 12:22:54,1,1,1,2026-06
TXN0000007821,ACC0012048,89446.94,SUCCESS,2026-07-31 01:08:34,1,1,1,2026-07
TXN0000007828,ACC0012224,70279.92,SUCCESS,2026-05-12 06:46:05,1,1,1,2026-05
TXN0000007835,ACC0020764,136705.44,SUCCESS,2026-04-01 17:10:42,1,1,1,2026-04
TXN0000007838,ACC0026236,44116.65,SUCCESS,2026-02-14 15:54:44,1,1,1,2026-02
TXN0000007840,ACC0022807,57249.61,SUCCESS,2026-01-28 20:32:49,1,1,1,2026-01
TXN0000007854,ACC0023913,17421.05,SUCCESS,2026-07-13 14:44:32,1,1,1,2026-07
TXN0000007858,ACC0015898,80072.92,SUCCESS,2026-03-10 10:52:26,1,1,1,2026-03
TXN0000007864,ACC0018529,147874.74,SUCCESS,2026-06-24 08:53:24,1,1,1,2026-06
TXN0000007871,ACC0006021,63288.91,SUCCESS,2026-08-03 17:39:05,1,1,1,2026-08
TXN0000007881,ACC0024002,60748.79,SUCCESS,2026-06-01 22:34:57,1,1,1,2026-06
TXN0000007884,ACC0022168,17484.49,SUCCESS,2026-05-09 19:15:38,1,1,1,2026-05
TXN0000007889,ACC0017541,40290.54,SUCCESS,2026-08-07 23:12:48,1,1,1,2026-08
TXN0000007904,ACC0026052,82597.79,SUCCESS,2026-07-01 04:37:29,1,1,1,2026-07
TXN0000007906,ACC0018836,28065.16,SUCCESS,2026-02-11 06:46:15,1,1,1,2026-02
TXN0000007915,ACC0013446,35630.06,SUCCESS,2026-07-18 03:13:18,1,1,1,2026-07
TXN0000007918,ACC0013422,126238.41,SUCCESS,2026-05-23 08:28:40,1,1,1,2026-05
TXN0000007925,ACC0003049,113314.0,SUCCESS,2026-01-07 11:16:13,1,1,1,2026-01
TXN0000007927,ACC0022085,61410.66,SUCCESS,2026-03-26 16:50:46,1,1,1,2026-03
TXN0000007939,ACC0009772,37226.4,SUCCESS,2026-06-22 15:17:15,1,1,1,2026-06
TXN0000007941,ACC0026832,52152.95,SUCCESS,2026-03-17 19:04:17,1,1,1,2026-03
TXN0000007950,ACC0013912,126972.55,SUCCESS,2026-04-02 06:23:29,1,1,1,2026-04
TXN0000007951,ACC0000733,42284.87,SUCCESS,2026-01-29 07:41:39,1,1,1,2026-01
TXN0000007954,ACC0016777,106733.5,SUCCESS,2026-05-22 11:54:15,1,1,1,2026-05
TXN0000007971,ACC0010654,95839.67,SUCCESS,2026-08-05 02:50:32,1,1,1,2026-08
TXN0000007974,ACC0022214,123131.22,SUCCESS,2026-06-04 10:24:12,1,1,1,2026-06
TXN0000007988,ACC0024871,112458.82,SUCCESS,2026-04-27 18:52:07,1,1,1,2026-04
TXN0000008002,ACC0014678,85294.55,SUCCESS,2026-04-05 21:18:17,1,1,1,2026-04
TXN0000008006,ACC0015507,137203.06,SUCCESS,2026-02-06 05:56:11,1,1,1,2026-02
TXN0000008011,ACC0022666,19564.08,SUCCESS,2026-04-27 05:14:38,1,1,1,2026-04
TXN0000008012,ACC0023319,47250.01,SUCCESS,2026-03-20 08:48:27,1,1,1,2026-03
TXN0000008023,ACC0016086,917.62,SUCCESS,2026-07-14 02:53:30,1,1,1,2026-07
TXN0000008030,ACC0012497,38824.04,SUCCESS,2026-05-12 05:58:19,1,1,1,2026-05
TXN0000008031,ACC0009202,60386.28,SUCCESS,2026-05-28 08:52:38,1,1,1,2026-05
TXN0000008040,ACC0014919,84546.09,SUCCESS,2026-06-27 16:28:01,1,1,1,2026-06
TXN0000008041,ACC0016662,39227.29,SUCCESS,2026-02-21 17:17:17,1,2,1,2026-02
TXN0000008045,ACC0020158,115349.83,SUCCESS,2026-04-24 08:37:13,1,1,1,2026-04
TXN0000008048,ACC0007046,48392.39,SUCCESS,2026-06-26 03:19:32,1,1,1,2026-06
TXN0000008051,ACC0009620,12962.64,SUCCESS,2026-05-31 16:58:09,1,1,1,2026-05
TXN0000008060,ACC0029112,123935.11,SUCCESS,2026-01-14 05:45:42,1,1,1,2026-01
TXN0000008067,ACC0028993,16617.81,SUCCESS,2026-02-18 06:46:07,1,1,1,2026-02
TXN0000008079,ACC0007665,93435.79,SUCCESS,2026-04-18 23:13:13,1,1,1,2026-04
TXN0000008088,ACC0007652,63171.75,SUCCESS,2026-08-02 13:44:41,1,1,1,2026-08
TXN0000008093,ACC0025584,25413.15,SUCCESS,2026-07-26 19:04:47,1,1,1,2026-07
TXN0000008094,ACC0027417,134237.99,SUCCESS,2026-03-15 04:17:10,1,1,1,2026-03
TXN0000008099,ACC0025653,12888.22,SUCCESS,2026-03-09 05:57:48,1,1,1,2026-03
TXN0000008102,ACC0012948,71656.75,SUCCESS,2026-07-27 01:15:23,1,1,1,2026-07
TXN0000008105,ACC0018240,107021.13,SUCCESS,2026-06-16 08:03:46,1,1,1,2026-06
TXN0000008108,ACC0028037,36971.57,SUCCESS,2026-05-21 14:18:02,1,1,1,2026-05
TXN0000008116,ACC0016678,11344.19,SUCCESS,2026-02-16 16:16:18,1,1,1,2026-02
TXN0000008119,ACC0019557,117770.53,SUCCESS,2026-07-02 00:54:53,1,1,1,2026-07
TXN0000008139,ACC0014780,20612.52,SUCCESS,2026-03-11 08:41:54,1,1,1,2026-03
TXN0000008146,ACC0002570,57943.85,SUCCESS,2026-05-01 09:56:09,1,1,1,2026-05
TXN0000008151,ACC0022535,104553.77,SUCCESS,2026-01-10 16:16:53,1,1,1,2026-01
TXN0000008169,ACC0028210,9040.56,SUCCESS,2026-06-07 23:55:52,1,1,1,2026-06
TXN0000008176,ACC0013018,11455.87,SUCCESS,2026-04-06 10:42:58,1,1,1,2026-04
TXN0000008183,ACC0022061,97362.59,SUCCESS,2026-04-03 17:48:03,1,1,1,2026-04
TXN0000008188,ACC0021981,79225.31,SUCCESS,2026-03-12 21:01:37,1,1,1,2026-03
TXN0000008189,ACC0017186,147633.4,SUCCESS,2026-07-23 10:38:28,1,1,1,2026-07
TXN0000008193,ACC0016876,125488.9,SUCCESS,2026-04-24 17:44:30,1,1,1,2026-04
TXN0000008195,ACC0027477,12054.78,SUCCESS,2026-01-03 01:58:09,1,1,1,2026-01
TXN0000008204,ACC0007355,43478.42,SUCCESS,2026-03-23 16:43:49,1,1,1,2026-03
TXN0000008205,ACC0028620,89172.61,SUCCESS,2026-04-09 18:52:47,1,1,1,2026-04
TXN0000008207,ACC0008135,17192.26,SUCCESS,2026-02-18 14:11:24,1,1,1,2026-02
TXN0000008222,ACC0021045,52741.91,SUCCESS,2026-02-20 12:03:03,1,1,1,2026-02
TXN0000008226,ACC0024981,55832.85,SUCCESS,2026-07-31 07:02:54,1,1,1,2026-07
TXN0000008228,ACC0023527,31310.2,SUCCESS,2026-06-10 18:48:29,1,1,1,2026-06
TXN0000008241,ACC0003094,76959.14,SUCCESS,2026-05-27 09:02:10,1,1,1,2026-05
TXN0000008242,ACC0013684,149296.5,SUCCESS,2026-05-04 05:18:47,1,1,1,2026-05
TXN0000008250,ACC0003176,16382.9,SUCCESS,2026-04-09 01:07:46,1,1,1,2026-04
TXN0000008264,ACC0025864,25184.7,SUCCESS,2026-04-29 04:46:27,1,1,1,2026-04
TXN0000008272,ACC0023933,18966.8,SUCCESS,2026-06-15 00:22:36,1,1,1,2026-06
TXN0000008277,ACC0020730,118165.21,SUCCESS,2026-02-04 11:36:38,1,1,1,2026-02
TXN0000008289,ACC0014128,141813.53,SUCCESS,2026-05-29 07:00:40,1,1,1,2026-05
TXN0000008298,ACC0003575,17325.5,SUCCESS,2026-06-25 10:53:01,1,1,1,2026-06
TXN0000008305,ACC0022878,108332.16,SUCCESS,2026-08-01 03:43:54,1,1,1,2026-08
TXN0000008308,ACC0001324,148593.76,SUCCESS,2026-02-18 18:21:07,1,1,1,2026-02
TXN0000008316,ACC0014879,121614.65,SUCCESS,2026-02-16 07:43:10,1,1,1,2026-02
TXN0000008319,ACC0021339,148837.33,SUCCESS,2026-05-01 21:42:55,1,1,1,2026-05
TXN0000008328,ACC0019117,42249.37,SUCCESS,2026-04-24 13:35:55,1,1,1,2026-04
TXN0000008339,ACC0026497,13540.47,SUCCESS,2026-07-14 16:54:40,1,1,1,2026-07
TXN0000008352,ACC0028326,45910.74,SUCCESS,2026-02-21 22:35:38,1,1,1,2026-02
TXN0000008361,ACC0015643,52507.53,SUCCESS,2026-05-02 09:17:35,1,1,1,2026-05
TXN0000008362,ACC0002976,138730.56,SUCCESS,2026-06-21 00:09:57,1,1,1,2026-06
TXN0000008365,ACC0022359,79692.39,SUCCESS,2026-01-10 15:29:05,1,1,1,2026-01
TXN0000008369,ACC0028272,137984.44,SUCCESS,2026-03-24 03:45:37,1,1,1,2026-03
TXN0000008373,ACC0018291,139272.95,SUCCESS,2026-01-16 15:08:41,1,1,1,2026-01
TXN0000008380,ACC0029920,44023.43,SUCCESS,2026-06-26 12:56:36,1,1,1,2026-06
TXN0000008383,ACC0001291,114862.83,SUCCESS,2026-06-15 22:47:29,1,1,1,2026-06
TXN0000008393,ACC0005971,4188.32,SUCCESS,2026-08-02 02:19:26,1,1,1,2026-08
TXN0000008402,ACC0011084,76108.58,SUCCESS,2026-07-15 15:37:36,1,1,1,2026-07
TXN0000008403,ACC0022997,15522.13,SUCCESS,2026-01-19 11:26:25,1,1,1,2026-01
TXN0000008406,ACC0013511,142710.11,SUCCESS,2026-07-26 19:19:34,1,1,1,2026-07
TXN0000008408,ACC0016626,103671.36,SUCCESS,2026-01-11 16:59:08,1,1,1,2026-01
TXN0000008416,ACC0024277,145808.08,SUCCESS,2026-07-14 15:09:43,1,1,1,2026-07
TXN0000008417,ACC0004184,33691.35,SUCCESS,2026-03-21 09:26:42,1,1,1,2026-03
TXN0000008423,ACC0020929,45703.4,SUCCESS,2026-01-18 00:26:19,1,1,1,2026-01
TXN0000008425,ACC0007491,98196.62,SUCCESS,2026-01-15 12:55:47,1,1,1,2026-01
TXN0000008428,ACC0015133,63207.08,SUCCESS,2026-04-12 23:35:51,1,1,1,2026-04
TXN0000008431,ACC0028561,74686.44,SUCCESS,2026-04-22 16:38:46,1,1,1,2026-04
TXN0000008433,ACC0002646,102059.14,SUCCESS,2026-05-15 10:38:28,1,1,1,2026-05
TXN0000008435,ACC0007963,148574.89,SUCCESS,2026-05-06 23:38:59,1,1,1,2026-05
TXN0000008436,ACC0015451,127033.33,SUCCESS,2026-07-02 23:15:56,1,1,1,2026-07
TXN0000008444,ACC0028214,69897.82,SUCCESS,2026-04-05 20:04:18,1,1,1,2026-04
TXN0000008447,ACC0019292,25358.96,SUCCESS,2026-01-05 17:28:39,1,1,1,2026-01
TXN0000008450,ACC0009110,81613.86,SUCCESS,2026-04-22 19:29:37,1,1,1,2026-04
TXN0000008460,ACC0001990,120588.73,SUCCESS,2026-01-21 02:45:51,1,1,1,2026-01
TXN0000008461,ACC0025102,50999.29,SUCCESS,2026-05-21 05:45:42,1,1,1,2026-05
TXN0000008466,ACC0026306,63606.86,SUCCESS,2026-01-09 10:42:45,1,1,1,2026-01
TXN0000008468,ACC0024499,15482.13,SUCCESS,2026-02-28 20:26:21,1,1,1,2026-02
TXN0000008478,ACC0012489,12996.51,SUCCESS,2026-06-24 09:17:06,1,1,1,2026-06
TXN0000008493,ACC0015949,14634.02,SUCCESS,2026-04-07 11:55:24,1,1,1,2026-04
TXN0000008495,ACC0017825,57552.45,SUCCESS,2026-01-10 15:58:21,1,1,1,2026-01
TXN0000008513,ACC0024077,108372.22,SUCCESS,2026-03-24 01:17:11,1,1,1,2026-03
TXN0000008520,ACC0006279,113620.54,SUCCESS,2026-04-18 18:32:53,1,1,1,2026-04
TXN0000008534,ACC0017093,102682.01,SUCCESS,2026-07-11 19:04:18,1,1,1,2026-07
TXN0000008535,ACC0019500,83454.18,SUCCESS,2026-05-08 13:15:21,1,1,1,2026-05
TXN0000008545,ACC0000701,127385.37,SUCCESS,2026-03-11 09:38:43,1,1,1,2026-03
TXN0000008562,ACC0027350,147672.06,SUCCESS,2026-07-15 06:07:39,1,1,1,2026-07
TXN0000008565,ACC0008053,102618.48,SUCCESS,2026-04-16 19:57:30,1,1,1,2026-04
TXN0000008572,ACC0020539,133062.92,SUCCESS,2026-06-26 10:06:40,1,1,1,2026-06
TXN0000008578,ACC0027955,49117.46,SUCCESS,2026-05-03 13:27:02,1,1,1,2026-05
TXN0000008582,ACC0007438,31448.73,SUCCESS,2026-01-24 07:05:12,1,1,1,2026-01
TXN0000008588,ACC0022735,95336.51,SUCCESS,2026-01-08 16:59:16,1,1,1,2026-01
TXN0000008591,ACC0014018,104027.41,SUCCESS,2026-04-30 10:20:57,1,1,1,2026-04
TXN0000008594,ACC0004229,28591.27,SUCCESS,2026-03-18 15:48:36,1,1,1,2026-03
TXN0000008600,ACC0018165,17509.67,SUCCESS,2026-05-20 05:53:21,1,1,1,2026-05
TXN0000008602,ACC0003403,135133.53,SUCCESS,2026-06-03 14:21:16,1,1,1,2026-06
TXN0000008603,ACC0005990,4954.98,SUCCESS,2026-01-30 12:02:59,1,1,1,2026-01
TXN0000008615,ACC0029085,19401.01,SUCCESS,2026-02-12 12:04:04,1,1,1,2026-02
TXN0000008620,ACC0003616,97539.17,SUCCESS,2026-07-08 07:38:05,1,1,1,2026-07
TXN0000008626,ACC0020117,21869.88,SUCCESS,2026-04-24 15:29:49,1,1,1,2026-04
TXN0000008630,ACC0019203,17156.62,SUCCESS,2026-06-12 16:03:23,1,1,1,2026-06
TXN0000008636,ACC0015031,115918.88,SUCCESS,2026-05-06 18:29:50,1,1,1,2026-05
TXN0000008641,ACC0005996,93385.28,SUCCESS,2026-01-07 22:24:35,1,1,1,2026-01
TXN0000008642,ACC0018650,23515.2,SUCCESS,2026-04-22 02:49:34,1,1,1,2026-04
TXN0000008643,ACC0020022,129744.65,SUCCESS,2026-01-13 05:00:56,1,1,1,2026-01
TXN0000008654,ACC0003616,31292.99,SUCCESS,2026-02-24 10:11:43,1,1,1,2026-02
TXN0000008657,ACC0009455,91065.69,SUCCESS,2026-07-02 21:23:11,1,1,1,2026-07
TXN0000008676,ACC0009230,144403.76,SUCCESS,2026-01-21 04:33:46,1,1,1,2026-01
TXN0000008677,ACC0023069,12830.95,SUCCESS,2026-07-08 01:12:54,1,1,1,2026-07
TXN0000008686,ACC0007282,85758.43,SUCCESS,2026-05-28 14:02:08,1,1,1,2026-05
TXN0000008689,ACC0013093,35377.92,SUCCESS,2026-05-19 21:30:09,1,1,1,2026-05
TXN0000008696,ACC0000880,34772.47,SUCCESS,2026-05-11 04:29:02,1,1,1,2026-05
TXN0000008697,ACC0014824,33115.71,SUCCESS,2026-04-05 05:08:58,1,1,1,2026-04
TXN0000008705,ACC0003618,24257.41,SUCCESS,2026-06-20 00:02:49,1,1,1,2026-06
TXN0000008718,ACC0001866,55504.23,SUCCESS,2026-03-27 18:04:38,1,1,1,2026-03
TXN0000008721,ACC0003841,140822.34,SUCCESS,2026-03-25 01:28:34,1,1,1,2026-03
TXN0000008722,ACC0003855,29300.9,SUCCESS,2026-01-19 11:53:37,1,1,1,2026-01
TXN0000008731,ACC0015136,96062.13,SUCCESS,2026-02-26 23:12:33,1,1,1,2026-02
TXN0000008732,ACC0006099,110979.43,SUCCESS,2026-05-14 06:00:09,1,1,1,2026-05
TXN0000008738,ACC0025045,44306.87,SUCCESS,2026-06-21 05:35:40,1,1,1,2026-06
TXN0000008740,ACC0023907,117798.1,SUCCESS,2026-05-12 04:38:08,1,1,1,2026-05
TXN0000008747,ACC0003809,109498.52,SUCCESS,2026-05-31 16:57:39,1,1,1,2026-05
TXN0000008752,ACC0029858,65796.05,SUCCESS,2026-03-31 15:46:11,1,1,1,2026-03
TXN0000008766,ACC0024411,26337.74,SUCCESS,2026-03-03 00:00:20,1,1,1,2026-03
TXN0000008777,ACC0027534,10150.42,SUCCESS,2026-08-07 05:14:24,1,1,1,2026-08
TXN0000008780,ACC0006699,45673.93,SUCCESS,2026-05-18 23:14:58,1,1,1,2026-05
TXN0000008781,ACC0005679,71904.41,SUCCESS,2026-03-30 22:41:36,1,1,1,2026-03
TXN0000008786,ACC0024663,127726.86,SUCCESS,2026-02-20 21:28:38,1,1,1,2026-02
TXN0000008787,ACC0016798,91676.93,SUCCESS,2026-02-26 04:16:47,1,1,1,2026-02
TXN0000008791,ACC0018529,59720.3,SUCCESS,2026-02-11 02:33:01,1,1,1,2026-02
TXN0000008797,ACC0009492,56124.12,SUCCESS,2026-02-03 00:33:21,1,1,1,2026-02
TXN0000008806,ACC0002364,74869.66,SUCCESS,2026-08-08 10:21:57,1,1,1,2026-08
TXN0000008811,ACC0012436,98856.17,SUCCESS,2026-04-05 21:00:30,1,1,1,2026-04
TXN0000008812,ACC0002111,5424.22,SUCCESS,2026-04-06 07:51:30,1,1,1,2026-04
TXN0000008834,ACC0003990,71576.4,SUCCESS,2026-03-29 00:34:02,1,1,1,2026-03
TXN0000008835,ACC0008472,32966.6,SUCCESS,2026-07-06 07:39:08,1,1,1,2026-07
TXN0000008849,ACC0013344,59771.32,SUCCESS,2026-07-08 02:46:16,1,1,1,2026-07
TXN0000008851,ACC0029139,147896.8,SUCCESS,2026-01-25 04:39:24,1,1,1,2026-01
TXN0000008859,ACC0026898,12792.72,SUCCESS,2026-06-21 09:13:42,1,1,1,2026-06
TXN0000008867,ACC0011194,58605.9,SUCCESS,2026-05-07 12:32:58,1,1,1,2026-05
TXN0000008874,ACC0011051,42039.47,SUCCESS,2026-04-24 10:07:19,1,1,1,2026-04
TXN0000008880,ACC0004432,91944.17,SUCCESS,2026-03-29 23:18:51,1,1,1,2026-03
TXN0000008881,ACC0002796,107924.04,SUCCESS,2026-04-07 17:43:51,1,1,1,2026-04
TXN0000008882,ACC0006012,6619.5,SUCCESS,2026-01-31 02:10:21,1,1,1,2026-01
TXN0000008884,ACC0017512,108877.69,SUCCESS,2026-01-14 03:30:57,1,1,1,2026-01
TXN0000008889,ACC0002532,61736.67,SUCCESS,2026-04-24 15:45:14,1,1,1,2026-04
TXN0000008894,ACC0012992,102160.44,SUCCESS,2026-05-22 03:32:48,1,1,1,2026-05
TXN0000008905,ACC0009604,64886.63,SUCCESS,2026-07-28 16:58:27,1,1,1,2026-07
TXN0000008911,ACC0025090,101142.4,SUCCESS,2026-07-31 06:58:30,1,1,1,2026-07
TXN0000008913,ACC0005685,62448.15,SUCCESS,2026-03-04 05:37:17,1,1,1,2026-03
TXN0000008924,ACC0024418,121971.36,SUCCESS,2026-05-05 20:34:06,1,1,1,2026-05
TXN0000008929,ACC0024193,42467.8,SUCCESS,2026-06-12 09:34:34,1,1,1,2026-06
TXN0000008933,ACC0004206,65923.31,SUCCESS,2026-03-19 01:58:25,1,1,1,2026-03
TXN0000008935,ACC0013175,83300.43,SUCCESS,2026-08-08 10:46:20,1,1,1,2026-08
TXN0000008937,ACC0009375,51381.77,SUCCESS,2026-07-05 01:49:44,1,1,1,2026-07
TXN0000008944,ACC0027521,66343.48,SUCCESS,2026-01-01 12:29:20,1,1,1,2026-01
TXN0000008946,ACC0005927,79730.85,SUCCESS,2026-01-02 17:53:30,1,1,1,2026-01
TXN0000008951,ACC0003137,69226.82,SUCCESS,2026-04-11 12:19:19,1,1,1,2026-04
TXN0000008952,ACC0010972,53804.89,SUCCESS,2026-03-09 09:22:50,1,1,1,2026-03
TXN0000008958,ACC0016448,45921.64,SUCCESS,2026-04-14 19:58:40,1,1,1,2026-04
TXN0000008960,ACC0002197,35157.75,SUCCESS,2026-04-15 14:46:02,1,1,1,2026-04
TXN0000008966,ACC0013688,101027.69,SUCCESS,2026-04-06 02:41:45,1,1,1,2026-04
TXN0000008970,ACC0001475,73613.34,SUCCESS,2026-01-14 10:00:42,1,1,1,2026-01
TXN0000008973,ACC0008000,104147.13,SUCCESS,2026-07-02 12:25:43,1,1,1,2026-07
TXN0000008979,ACC0017267,13984.79,SUCCESS,2026-01-18 16:10:59,1,1,1,2026-01
TXN0000008984,ACC0029381,118585.2,SUCCESS,2026-05-16 19:07:26,1,1,1,2026-05
TXN0000008990,ACC0013271,13299.11,SUCCESS,2026-06-08 08:29:51,1,1,1,2026-06
TXN0000008992,ACC0004895,79564.01,SUCCESS,2026-04-07 15:26:53,1,1,1,2026-04
TXN0000008999,ACC0013727,113517.02,SUCCESS,2026-01-13 17:43:59,1,1,1,2026-01
TXN0000009002,ACC0029935,78306.8,SUCCESS,2026-02-20 04:13:15,1,1,1,2026-02
TXN0000009003,ACC0013798,146993.6,SUCCESS,2026-06-08 12:53:46,1,1,1,2026-06
TXN0000009005,ACC0010433,136112.1,SUCCESS,2026-07-15 14:51:08,1,1,1,2026-07
TXN0000009007,ACC0021307,8644.78,SUCCESS,2026-06-19 06:25:31,1,1,1,2026-06
TXN0000009008,ACC0027447,47009.12,SUCCESS,2026-06-30 22:03:25,1,1,1,2026-06
TXN0000009016,ACC0020936,29070.55,SUCCESS,2026-06-14 10:17:34,1,1,1,2026-06
TXN0000009032,ACC0025364,26023.44,SUCCESS,2026-07-29 19:16:08,1,1,1,2026-07
TXN0000009037,ACC0019227,123207.43,SUCCESS,2026-02-23 04:22:19,1,1,1,2026-02
TXN0000009070,ACC0014508,100769.29,SUCCESS,2026-07-09 12:41:06,1,1,1,2026-07
TXN0000009076,ACC0014100,106925.35,SUCCESS,2026-05-17 14:30:23,1,1,1,2026-05
TXN0000009078,ACC0025645,144143.07,SUCCESS,2026-02-24 20:50:11,1,1,1,2026-02
TXN0000009087,ACC0001007,55952.04,SUCCESS,2026-06-20 18:01:08,1,1,1,2026-06
TXN0000009088,ACC0027631,136142.32,SUCCESS,2026-03-28 03:52:17,1,1,1,2026-03
TXN0000009097,ACC0003828,126795.95,SUCCESS,2026-05-19 15:22:09,1,1,1,2026-05
TXN0000009101,ACC0014734,47507.66,SUCCESS,2026-06-04 13:10:48,1,1,1,2026-06
TXN0000009105,ACC0003991,60997.0,SUCCESS,2026-08-04 03:25:14,1,1,1,2026-08
TXN0000009107,ACC0009110,83417.02,SUCCESS,2026-01-06 21:22:57,1,1,1,2026-01
TXN0000009119,ACC0001718,79472.55,SUCCESS,2026-05-21 16:54:18,1,1,1,2026-05
TXN0000009131,ACC0005773,140101.18,SUCCESS,2026-03-23 01:38:00,1,1,1,2026-03
TXN0000009136,ACC0000999,121464.46,SUCCESS,2026-03-28 05:56:29,1,1,1,2026-03
TXN0000009137,ACC0024916,15845.1,SUCCESS,2026-03-22 11:12:19,1,1,1,2026-03
TXN0000009150,ACC0025207,75577.81,SUCCESS,2026-01-16 04:54:19,1,1,1,2026-01
TXN0000009154,ACC0016147,89575.12,SUCCESS,2026-03-18 22:10:26,1,1,1,2026-03
TXN0000009160,ACC0000574,102248.03,SUCCESS,2026-01-21 21:59:16,1,1,1,2026-01
TXN0000009165,ACC0012914,131154.7,SUCCESS,2026-07-21 06:04:47,1,1,1,2026-07
TXN0000009168,ACC0024552,66518.74,SUCCESS,2026-01-07 03:54:23,1,1,1,2026-01
TXN0000009173,ACC0002632,72748.68,SUCCESS,2026-05-28 18:49:38,1,1,1,2026-05
TXN0000009180,ACC0000245,26888.29,SUCCESS,2026-07-11 07:00:30,1,1,1,2026-07
TXN0000009183,ACC0004573,36740.65,SUCCESS,2026-05-14 14:29:28,1,1,1,2026-05
TXN0000009184,ACC0013167,39016.36,SUCCESS,2026-02-12 16:55:19,1,1,1,2026-02
TXN0000009186,ACC0028847,141177.78,SUCCESS,2026-06-19 11:44:14,1,1,1,2026-06
TXN0000009198,ACC0021331,82572.84,SUCCESS,2026-02-26 05:08:51,1,1,1,2026-02
TXN0000009199,ACC0017097,13395.17,SUCCESS,2026-07-01 08:03:10,1,1,1,2026-07
TXN0000009204,ACC0013022,49624.58,SUCCESS,2026-02-04 01:36:20,1,1,1,2026-02
TXN0000009207,ACC0022592,103126.46,SUCCESS,2026-03-10 00:57:00,1,1,1,2026-03
TXN0000009208,ACC0020494,8877.29,SUCCESS,2026-02-15 22:36:54,1,1,1,2026-02
TXN0000009216,ACC0024460,90877.38,SUCCESS,2026-03-26 03:54:34,1,1,1,2026-03
TXN0000009218,ACC0014768,64815.68,SUCCESS,2026-03-14 08:23:33,1,1,1,2026-03
TXN0000009219,ACC0028300,125796.92,SUCCESS,2026-06-29 01:59:51,1,1,1,2026-06
TXN0000009222,ACC0012671,35896.44,SUCCESS,2026-05-28 04:15:42,1,1,1,2026-05
TXN0000009232,ACC0013532,28754.27,SUCCESS,2026-02-25 18:10:14,1,1,1,2026-02
TXN0000009241,ACC0006231,46704.0,SUCCESS,2026-02-22 11:19:21,1,1,1,2026-02
TXN0000009243,ACC0003606,21910.17,SUCCESS,2026-01-31 01:28:16,1,1,1,2026-01
TXN0000009246,ACC0008576,111802.71,SUCCESS,2026-02-09 21:02:12,1,1,1,2026-02
TXN0000009249,ACC0018859,39106.67,SUCCESS,2026-05-05 23:11:40,1,1,1,2026-05
TXN0000009256,ACC0006377,65543.97,SUCCESS,2026-03-16 16:08:38,1,1,1,2026-03
TXN0000009279,ACC0026632,107112.28,SUCCESS,2026-01-05 07:37:39,1,1,1,2026-01
TXN0000009283,ACC0027337,103194.33,SUCCESS,2026-07-09 13:26:53,1,1,1,2026-07
TXN0000009290,ACC0021192,57454.1,SUCCESS,2026-05-16 03:28:31,1,1,1,2026-05
TXN0000009310,ACC0023393,18783.02,SUCCESS,2026-06-01 17:48:48,1,1,1,2026-06
TXN0000009317,ACC0024002,144015.56,SUCCESS,2026-07-05 08:04:36,1,1,1,2026-07
TXN0000009326,ACC0020577,119815.17,SUCCESS,2026-01-26 11:22:51,1,1,1,2026-01
TXN0000009332,ACC0023575,75521.68,SUCCESS,2026-06-16 05:08:13,1,1,1,2026-06
TXN0000009338,ACC0020999,58553.8,SUCCESS,2026-02-09 06:53:23,1,1,1,2026-02
TXN0000009346,ACC0004160,38126.83,SUCCESS,2026-07-27 14:36:14,1,1,1,2026-07
TXN0000009353,ACC0026858,8671.76,SUCCESS,2026-08-01 13:41:42,1,1,1,2026-08
TXN0000009354,ACC0019691,55618.35,SUCCESS,2026-04-11 22:03:55,1,1,1,2026-04
TXN0000009361,ACC0021895,85343.58,SUCCESS,2026-05-26 23:30:47,1,1,1,2026-05
TXN0000009380,ACC0020499,113387.08,SUCCESS,2026-05-07 02:52:17,1,1,1,2026-05
TXN0000009385,ACC0006844,103.68,SUCCESS,2026-03-08 16:43:58,1,1,1,2026-03
TXN0000009394,ACC0028142,123344.1,SUCCESS,2026-03-06 13:00:33,1,1,1,2026-03
TXN0000009400,ACC0016381,83754.67,SUCCESS,2026-07-14 06:24:57,1,1,1,2026-07
TXN0000009410,ACC0007970,141842.68,SUCCESS,2026-01-28 23:52:23,1,1,1,2026-01
TXN0000009416,ACC0003114,4357.45,SUCCESS,2026-07-23 08:37:51,1,1,1,2026-07
TXN0000009417,ACC0015214,73839.21,SUCCESS,2026-05-12 08:36:19,1,1,1,2026-05
TXN0000009420,ACC0000187,31690.94,SUCCESS,2026-06-22 01:41:08,1,1,1,2026-06
TXN0000009429,ACC0026002,147639.18,SUCCESS,2026-03-22 08:29:46,1,1,1,2026-03
TXN0000009436,ACC0004965,38746.27,SUCCESS,2026-01-19 13:01:17,1,1,1,2026-01
TXN0000009437,ACC0010808,104697.83,SUCCESS,2026-07-18 04:28:36,1,1,1,2026-07
TXN0000009452,ACC0013283,137414.4,SUCCESS,2026-01-01 14:58:01,1,1,1,2026-01
TXN0000009456,ACC0026398,44489.0,SUCCESS,2026-05-29 01:03:26,1,1,1,2026-05
TXN0000009457,ACC0017206,12792.12,SUCCESS,2026-08-02 20:29:13,1,1,1,2026-08
TXN0000009461,ACC0017729,130148.09,SUCCESS,2026-01-01 21:01:04,1,1,1,2026-01
TXN0000009471,ACC0029843,70662.48,SUCCESS,2026-01-24 21:26:03,1,1,1,2026-01
TXN0000009473,ACC0001736,34035.83,SUCCESS,2026-06-17 18:29:46,1,1,1,2026-06
TXN0000009474,ACC0022871,57157.44,SUCCESS,2026-06-05 21:56:42,1,1,1,2026-06
TXN0000009477,ACC0026300,31188.79,SUCCESS,2026-01-25 07:29:51,1,1,1,2026-01
TXN0000009492,ACC0027706,9865.73,SUCCESS,2026-04-07 05:39:12,1,1,1,2026-04
TXN0000009493,ACC0017689,13098.17,SUCCESS,2026-06-03 19:53:35,1,1,1,2026-06
TXN0000009502,ACC0024896,70170.59,SUCCESS,2026-02-18 11:15:19,1,1,1,2026-02
TXN0000009509,ACC0018620,126163.26,SUCCESS,2026-02-23 02:25:39,1,1,1,2026-02
TXN0000009510,ACC0025953,13597.82,SUCCESS,2026-06-05 04:33:50,1,1,1,2026-06
TXN0000009513,ACC0028115,97993.11,SUCCESS,2026-04-26 19:09:32,1,2,1,2026-04
TXN0000009521,ACC0019865,70868.17,SUCCESS,2026-04-25 15:49:52,1,1,1,2026-04
TXN0000009528,ACC0004917,49417.6,SUCCESS,2026-04-08 05:06:01,1,1,1,2026-04
TXN0000009535,ACC0016806,105496.91,SUCCESS,2026-06-09 17:48:33,1,1,1,2026-06
TXN0000009543,ACC0008908,3501.1,SUCCESS,2026-07-14 23:27:33,1,1,1,2026-07
TXN0000009544,ACC0004415,89686.54,SUCCESS,2026-07-20 00:41:22,1,1,1,2026-07
TXN0000009558,ACC0000781,50648.17,SUCCESS,2026-06-29 14:37:11,1,1,1,2026-06
TXN0000009562,ACC0022721,100390.75,SUCCESS,2026-01-31 02:24:36,1,1,1,2026-01
TXN0000009565,ACC0029096,99808.42,SUCCESS,2026-03-25 13:37:29,1,1,1,2026-03
TXN0000009580,ACC0005821,89519.63,SUCCESS,2026-01-06 22:48:21,1,1,1,2026-01
TXN0000009586,ACC0013837,93866.04,SUCCESS,2026-02-21 19:06:43,1,1,1,2026-02
TXN0000009587,ACC0009049,6087.6,SUCCESS,2026-01-25 11:22:48,1,1,1,2026-01
TXN0000009591,ACC0024233,15890.71,SUCCESS,2026-03-23 06:43:17,1,1,1,2026-03
TXN0000009593,ACC0021123,10836.56,SUCCESS,2026-04-28 03:03:21,1,1,1,2026-04
TXN0000009594,ACC0005992,50483.0,SUCCESS,2026-01-28 02:58:59,1,1,1,2026-01
TXN0000009597,ACC0017517,36901.5,SUCCESS,2026-04-29 11:20:49,1,1,1,2026-04
TXN0000009612,ACC0011192,19626.2,SUCCESS,2026-03-21 10:27:54,1,1,1,2026-03
TXN0000009613,ACC0007934,145298.69,SUCCESS,2026-08-01 14:27:58,1,1,1,2026-08
TXN0000009615,ACC0022438,18920.89,SUCCESS,2026-07-16 12:21:26,1,1,1,2026-07
TXN0000009625,ACC0013773,130861.44,SUCCESS,2026-05-02 20:42:47,1,1,1,2026-05
TXN0000009629,ACC0022072,91749.62,SUCCESS,2026-05-04 23:11:18,1,1,1,2026-05
TXN0000009647,ACC0024769,83255.16,SUCCESS,2026-01-08 19:30:08,1,1,1,2026-01
TXN0000009649,ACC0006757,56976.23,SUCCESS,2026-01-13 09:19:21,1,1,1,2026-01
TXN0000009651,ACC0015981,44899.59,SUCCESS,2026-05-29 22:55:51,1,1,1,2026-05
TXN0000009652,ACC0026014,60586.45,SUCCESS,2026-01-22 21:25:40,1,1,1,2026-01
TXN0000009669,ACC0008712,86166.39,SUCCESS,2026-03-11 00:43:17,1,1,1,2026-03
TXN0000009671,ACC0003083,71234.84,SUCCESS,2026-03-14 03:14:24,1,1,1,2026-03
TXN0000009672,ACC0028285,59279.9,SUCCESS,2026-05-25 16:12:26,1,1,1,2026-05
TXN0000009673,ACC0015763,27750.98,SUCCESS,2026-08-08 13:05:49,1,1,1,2026-08
TXN0000009675,ACC0017578,87584.16,SUCCESS,2026-05-08 02:47:26,1,1,1,2026-05
TXN0000009676,ACC0023180,95449.98,SUCCESS,2026-01-12 02:35:36,1,1,1,2026-01
TXN0000009677,ACC0026580,11332.58,SUCCESS,2026-03-08 07:31:11,1,1,1,2026-03
TXN0000009679,ACC0018102,131070.89,SUCCESS,2026-03-17 00:58:24,1,1,1,2026-03
TXN0000009681,ACC0000632,90265.2,SUCCESS,2026-05-31 17:11:54,1,2,1,2026-05
TXN0000009682,ACC0009462,149725.78,SUCCESS,2026-01-20 03:48:13,1,1,1,2026-01
TXN0000009687,ACC0019721,106564.72,SUCCESS,2026-07-20 19:53:05,1,1,1,2026-07
TXN0000009690,ACC0016570,52100.86,SUCCESS,2026-08-01 09:35:57,1,1,1,2026-08
TXN0000009694,ACC0019089,97913.41,SUCCESS,2026-07-13 04:50:10,1,1,1,2026-07
TXN0000009704,ACC0027618,6806.65,SUCCESS,2026-06-08 23:02:07,1,1,1,2026-06
TXN0000009705,ACC0017887,4606.01,SUCCESS,2026-03-11 03:01:42,1,1,1,2026-03
TXN0000009711,ACC0020141,135902.02,SUCCESS,2026-03-26 21:49:52,1,1,1,2026-03
TXN0000009719,ACC0017857,48024.39,SUCCESS,2026-03-14 19:24:33,1,1,1,2026-03
TXN0000009720,ACC0008556,131040.13,SUCCESS,2026-01-31 07:14:02,1,1,1,2026-01
TXN0000009726,ACC0028432,85852.47,SUCCESS,2026-05-06 12:33:22,1,2,1,2026-05
TXN0000009732,ACC0014953,75123.35,SUCCESS,2026-01-18 14:18:54,1,1,1,2026-01
TXN0000009735,ACC0009884,42696.95,SUCCESS,2026-07-10 19:01:42,1,1,1,2026-07
TXN0000009737,ACC0007629,107525.57,SUCCESS,2026-05-17 13:40:57,1,1,1,2026-05
TXN0000009746,ACC0009852,1392.17,SUCCESS,2026-04-17 02:16:52,1,1,1,2026-04
TXN0000009750,ACC0012169,73850.32,SUCCESS,2026-04-29 02:57:35,1,1,1,2026-04
TXN0000009752,ACC0008557,24355.2,SUCCESS,2026-02-08 17:29:08,1,1,1,2026-02
TXN0000009756,ACC0000965,88033.53,SUCCESS,2026-05-08 23:04:14,1,1,1,2026-05
TXN0000009762,ACC0010605,78733.21,SUCCESS,2026-04-01 09:32:13,1,1,1,2026-04
TXN0000009763,ACC0011240,140847.43,SUCCESS,2026-04-02 01:35:32,1,1,1,2026-04
TXN0000009765,ACC0009248,78694.75,SUCCESS,2026-01-10 08:31:25,1,1,1,2026-01
TXN0000009770,ACC0005175,98540.15,SUCCESS,2026-05-24 04:04:26,1,1,1,2026-05
TXN0000009779,ACC0025162,54536.52,SUCCESS,2026-02-18 03:20:22,1,1,1,2026-02
TXN0000009782,ACC0024923,136296.8,SUCCESS,2026-01-03 07:06:13,1,1,1,2026-01
TXN0000009783,ACC0011695,26089.6,SUCCESS,2026-05-23 10:25:32,1,1,1,2026-05
TXN0000009788,ACC0000621,23210.7,SUCCESS,2026-02-20 16:01:33,1,1,1,2026-02
TXN0000009790,ACC0023747,22564.82,SUCCESS,2026-06-13 13:42:31,1,1,1,2026-06
TXN0000009791,ACC0027916,98053.8,SUCCESS,2026-04-01 08:29:41,1,1,1,2026-04
TXN0000009801,ACC0005239,94832.39,SUCCESS,2026-01-05 13:37:16,1,1,1,2026-01
TXN0000009810,ACC0029399,38394.88,SUCCESS,2026-05-09 21:33:31,1,1,1,2026-05
TXN0000009814,ACC0016320,958.23,SUCCESS,2026-08-03 14:33:42,1,1,1,2026-08
TXN0000009818,ACC0029774,10493.88,SUCCESS,2026-06-19 12:33:31,1,1,1,2026-06
TXN0000009822,ACC0007142,73438.58,SUCCESS,2026-05-05 14:42:09,1,1,1,2026-05
TXN0000009825,ACC0003946,28473.9,SUCCESS,2026-04-20 10:22:54,1,1,1,2026-04
TXN0000009835,ACC0012609,94550.13,SUCCESS,2026-05-07 05:18:22,1,1,1,2026-05
TXN0000009839,ACC0003298,120594.28,SUCCESS,2026-01-26 22:01:20,1,1,1,2026-01
TXN0000009843,ACC0022258,147035.42,SUCCESS,2026-08-01 03:32:15,1,1,1,2026-08
TXN0000009848,ACC0026671,100179.52,SUCCESS,2026-03-11 01:17:57,1,1,1,2026-03
TXN0000009853,ACC0023223,51211.16,SUCCESS,2026-03-11 13:07:56,1,1,1,2026-03
TXN0000009863,ACC0014457,110229.67,SUCCESS,2026-05-29 03:18:13,1,1,1,2026-05
TXN0000009870,ACC0008194,122480.76,SUCCESS,2026-01-03 19:50:19,1,1,1,2026-01
TXN0000009890,ACC0006731,43295.8,SUCCESS,2026-05-20 11:06:51,1,1,1,2026-05
TXN0000009891,ACC0006392,142054.61,SUCCESS,2026-03-19 01:19:26,1,1,1,2026-03
TXN0000009898,ACC0005683,107328.39,SUCCESS,2026-03-31 04:58:35,1,1,1,2026-03
TXN0000009908,ACC0012334,42298.27,SUCCESS,2026-04-13 22:00:46,1,1,1,2026-04
TXN0000009921,ACC0005559,149128.7,SUCCESS,2026-01-13 07:26:33,1,1,1,2026-01
TXN0000009923,ACC0023299,25394.92,SUCCESS,2026-05-18 18:00:44,1,1,1,2026-05
TXN0000009926,ACC0005426,104775.63,SUCCESS,2026-03-12 03:41:07,1,1,1,2026-03
TXN0000009927,ACC0019362,106724.3,SUCCESS,2026-03-07 23:23:26,1,1,1,2026-03
TXN0000009936,ACC0005317,147917.62,SUCCESS,2026-05-21 11:50:22,1,1,1,2026-05
TXN0000009941,ACC0008857,33168.29,SUCCESS,2026-03-02 01:27:55,1,1,1,2026-03
TXN0000009943,ACC0005610,108499.97,SUCCESS,2026-08-04 07:32:48,1,2,1,2026-08
TXN0000009944,ACC0025304,131723.73,SUCCESS,2026-07-18 11:05:18,1,1,1,2026-07
TXN0000009957,ACC0003912,125642.32,SUCCESS,2026-01-11 19:19:54,1,1,1,2026-01
TXN0000009973,ACC0017780,70786.07,SUCCESS,2026-02-15 01:35:48,1,1,1,2026-02
TXN0000009978,ACC0019132,63123.11,SUCCESS,2026-07-23 05:17:51,1,1,1,2026-07
TXN0000009981,ACC0018057,127127.45,SUCCESS,2026-06-07 10:41:36,1,1,1,2026-06
TXN0000009988,ACC0014400,129145.4,SUCCESS,2026-07-01 15:18:00,1,1,1,2026-07
TXN0000009994,ACC0019456,77271.86,SUCCESS,2026-06-12 04:25:30,1,1,1,2026-06
TXN0000010002,ACC0018006,34424.93,SUCCESS,2026-02-20 10:31:04,1,1,1,2026-02
TXN0000010004,ACC0020758,113509.35,SUCCESS,2026-03-30 04:49:36,1,1,1,2026-03
TXN0000010005,ACC0023863,30048.99,SUCCESS,2026-06-14 23:02:10,1,1,1,2026-06
TXN0000010006,ACC0002015,93158.26,SUCCESS,2026-03-30 13:59:39,1,1,1,2026-03
TXN0000010014,ACC0021932,119057.85,SUCCESS,2026-07-23 22:11:23,1,1,1,2026-07
TXN0000010015,ACC0025872,124602.91,SUCCESS,2026-07-15 07:45:47,1,1,1,2026-07
TXN0000010029,ACC0014354,42883.78,SUCCESS,2026-04-04 10:56:02,1,1,1,2026-04
TXN0000010039,ACC0013097,94860.4,SUCCESS,2026-03-06 22:31:57,1,1,1,2026-03
TXN0000010049,ACC0012837,125526.41,SUCCESS,2026-04-24 10:44:41,1,1,1,2026-04
TXN0000010053,ACC0023882,61887.43,SUCCESS,2026-07-03 00:44:37,1,1,1,2026-07
TXN0000010074,ACC0014012,70802.37,SUCCESS,2026-07-30 21:58:33,1,1,1,2026-07
TXN0000010076,ACC0012849,95994.45,SUCCESS,2026-06-05 02:53:02,1,1,1,2026-06
TXN0000010105,ACC0011715,101388.66,SUCCESS,2026-01-11 08:57:54,1,1,1,2026-01
TXN0000010107,ACC0023418,102769.78,SUCCESS,2026-03-24 14:57:41,1,1,1,2026-03
TXN0000010108,ACC0024183,38799.73,SUCCESS,2026-02-25 10:13:25,1,1,1,2026-02
TXN0000010110,ACC0001489,97944.14,SUCCESS,2026-04-15 16:51:19,1,1,1,2026-04
TXN0000010112,ACC0024069,45421.26,SUCCESS,2026-05-26 21:32:42,1,1,1,2026-05
TXN0000010122,ACC0022949,9823.92,SUCCESS,2026-01-19 19:26:10,1,1,1,2026-01
TXN0000010123,ACC0020136,35286.98,SUCCESS,2026-01-03 21:54:56,1,1,1,2026-01
TXN0000010124,ACC0021696,5555.77,SUCCESS,2026-06-23 11:05:02,1,1,1,2026-06
TXN0000010126,ACC0013440,63036.43,SUCCESS,2026-02-18 19:30:11,1,1,1,2026-02
TXN0000010129,ACC0024541,145607.3,SUCCESS,2026-04-16 08:30:21,1,1,1,2026-04
TXN0000010135,ACC0023177,62575.13,SUCCESS,2026-04-22 23:09:59,1,1,1,2026-04
TXN0000010141,ACC0005414,137271.18,SUCCESS,2026-02-18 04:59:22,1,1,1,2026-02
TXN0000010146,ACC0014129,419.47,SUCCESS,2026-07-23 07:40:31,1,1,1,2026-07
TXN0000010148,ACC0003871,131965.58,SUCCESS,2026-01-05 17:19:27,1,1,1,2026-01
TXN0000010149,ACC0025507,61358.96,SUCCESS,2026-02-10 07:55:02,1,1,1,2026-02
TXN0000010151,ACC0020950,86860.27,SUCCESS,2026-07-01 05:13:10,1,2,1,2026-07
TXN0000010152,ACC0017876,127702.5,SUCCESS,2026-04-23 05:54:35,1,1,1,2026-04
TXN0000010154,ACC0003229,148293.77,SUCCESS,2026-03-12 02:31:58,1,1,1,2026-03
TXN0000010163,ACC0020331,140593.57,SUCCESS,2026-07-02 11:34:21,1,1,1,2026-07
TXN0000010180,ACC0002853,94048.86,SUCCESS,2026-01-22 23:45:12,1,2,1,2026-01
TXN0000010184,ACC0017236,40976.98,SUCCESS,2026-07-20 03:47:09,1,1,1,2026-07
TXN0000010185,ACC0008216,61614.82,SUCCESS,2026-03-30 03:28:05,1,1,1,2026-03
TXN0000010187,ACC0026326,68093.84,SUCCESS,2026-02-19 16:37:42,1,1,1,2026-02
TXN0000010189,ACC0021107,117238.71,SUCCESS,2026-01-03 11:31:54,1,1,1,2026-01
TXN0000010196,ACC0027773,23068.22,SUCCESS,2026-02-28 22:35:36,1,1,1,2026-02
TXN0000010197,ACC0004850,22970.76,SUCCESS,2026-03-15 08:05:59,1,1,1,2026-03
TXN0000010199,ACC0003579,118808.62,SUCCESS,2026-03-09 12:15:09,1,1,1,2026-03
TXN0000010209,ACC0029981,42405.25,SUCCESS,2026-01-28 04:57:36,1,1,1,2026-01
TXN0000010215,ACC0009228,112466.89,SUCCESS,2026-04-04 12:14:55,1,1,1,2026-04
TXN0000010218,ACC0023419,22989.33,SUCCESS,2026-03-10 05:42:12,1,1,1,2026-03
TXN0000010220,ACC0027203,64335.9,SUCCESS,2026-07-30 17:31:35,1,1,1,2026-07
TXN0000010221,ACC0015315,117857.94,SUCCESS,2026-02-26 13:59:06,1,1,1,2026-02
TXN0000010227,ACC0026147,49054.0,SUCCESS,2026-04-28 18:46:59,1,1,1,2026-04
TXN0000010235,ACC0012039,43141.29,SUCCESS,2026-05-22 10:14:17,1,1,1,2026-05
TXN0000010243,ACC0016801,38504.0,SUCCESS,2026-04-03 01:59:04,1,1,1,2026-04
TXN0000010244,ACC0017251,138129.02,SUCCESS,2026-02-11 07:19:22,1,1,1,2026-02
TXN0000010245,ACC0029012,81179.82,SUCCESS,2026-03-15 08:19:00,1,1,1,2026-03
TXN0000010246,ACC0000898,100558.43,SUCCESS,2026-07-26 13:52:00,1,1,1,2026-07
TXN0000010247,ACC0002933,49654.05,SUCCESS,2026-05-22 03:04:43,1,1,1,2026-05
TXN0000010253,ACC0006957,22502.08,SUCCESS,2026-04-20 16:06:37,1,1,1,2026-04
TXN0000010258,ACC0009074,23302.08,SUCCESS,2026-04-08 22:53:00,1,1,1,2026-04
TXN0000010259,ACC0016448,66729.8,SUCCESS,2026-03-07 10:22:51,1,1,1,2026-03
TXN0000010265,ACC0016672,35962.26,SUCCESS,2026-05-10 08:57:11,1,1,1,2026-05
TXN0000010266,ACC0024586,99220.79,SUCCESS,2026-01-16 02:41:58,1,1,1,2026-01
TXN0000010274,ACC0001709,10754.42,SUCCESS,2026-05-26 22:24:47,1,1,1,2026-05
TXN0000010275,ACC0009500,70192.15,SUCCESS,2026-05-04 11:25:51,1,1,1,2026-05
TXN0000010286,ACC0016960,7329.15,SUCCESS,2026-03-26 01:20:05,1,1,1,2026-03
TXN0000010288,ACC0025189,69749.38,SUCCESS,2026-02-03 02:33:21,1,1,1,2026-02
TXN0000010293,ACC0002962,112638.01,SUCCESS,2026-03-29 07:12:46,1,1,1,2026-03
TXN0000010304,ACC0013707,121646.78,SUCCESS,2026-06-26 09:57:47,1,1,1,2026-06
TXN0000010305,ACC0018779,18574.91,SUCCESS,2026-07-27 09:47:52,1,1,1,2026-07
TXN0000010306,ACC0023185,81019.07,SUCCESS,2026-07-03 18:10:51,1,1,1,2026-07
TXN0000010313,ACC0027722,136153.38,SUCCESS,2026-03-19 20:57:19,1,1,1,2026-03
TXN0000010314,ACC0027841,49436.67,SUCCESS,2026-01-16 04:34:57,1,1,1,2026-01
TXN0000010318,ACC0026734,147304.59,SUCCESS,2026-07-30 02:45:46,1,1,1,2026-07
TXN0000010320,ACC0012285,128437.63,SUCCESS,2026-06-28 11:38:36,1,1,1,2026-06
TXN0000010328,ACC0008990,62523.25,SUCCESS,2026-07-13 09:18:03,1,1,1,2026-07
TXN0000010337,ACC0023528,81144.12,SUCCESS,2026-04-12 09:47:14,1,1,1,2026-04
TXN0000010340,ACC0016444,12724.79,SUCCESS,2026-01-03 14:33:51,1,1,1,2026-01
TXN0000010346,ACC0023650,82750.59,SUCCESS,2026-02-18 00:00:19,1,1,1,2026-02
TXN0000010355,ACC0027291,7095.39,SUCCESS,2026-01-10 22:42:10,1,1,1,2026-01
TXN0000010356,ACC0004827,121719.79,SUCCESS,2026-01-03 11:49:32,1,1,1,2026-01
TXN0000010358,ACC0016837,108620.97,SUCCESS,2026-01-24 04:38:50,1,1,1,2026-01
TXN0000010363,ACC0005522,123091.28,SUCCESS,2026-08-07 13:33:38,1,1,1,2026-08
TXN0000010369,ACC0002046,14470.84,SUCCESS,2026-03-26 17:35:58,1,1,1,2026-03
TXN0000010370,ACC0027431,36069.34,SUCCESS,2026-03-06 23:52:38,1,1,1,2026-03
TXN0000010377,ACC0025967,122874.74,SUCCESS,2026-06-09 02:48:22,1,1,1,2026-06
TXN0000010385,ACC0017013,91431.61,SUCCESS,2026-01-08 12:44:26,1,1,1,2026-01
TXN0000010405,ACC0024291,43878.5,SUCCESS,2026-02-15 11:37:05,1,1,1,2026-02
TXN0000010411,ACC0006051,55261.98,SUCCESS,2026-07-18 14:36:45,1,1,1,2026-07
TXN0000010416,ACC0012503,118533.2,SUCCESS,2026-07-16 09:27:39,1,1,1,2026-07
TXN0000010420,ACC0026974,116481.41,SUCCESS,2026-05-13 15:02:25,1,1,1,2026-05
TXN0000010421,ACC0026350,46171.19,SUCCESS,2026-04-24 01:00:31,1,1,1,2026-04
TXN0000010436,ACC0013636,148027.78,SUCCESS,2026-01-26 18:14:38,1,1,1,2026-01
TXN0000010439,ACC0024244,116986.82,SUCCESS,2026-02-11 19:10:27,1,1,1,2026-02
TXN0000010442,ACC0026012,57385.87,SUCCESS,2026-01-14 00:28:18,1,1,1,2026-01
TXN0000010445,ACC0015663,86172.07,SUCCESS,2026-01-08 23:29:59,1,1,1,2026-01
TXN0000010462,ACC0007259,124609.58,SUCCESS,2026-06-19 13:01:58,1,1,1,2026-06
TXN0000010465,ACC0009016,29519.59,SUCCESS,2026-02-07 00:04:38,1,1,1,2026-02
TXN0000010483,ACC0009093,25526.08,SUCCESS,2026-05-25 04:33:14,1,1,1,2026-05
TXN0000010491,ACC0013894,12274.35,SUCCESS,2026-04-08 11:50:41,1,1,1,2026-04
TXN0000010495,ACC0026669,81790.78,SUCCESS,2026-07-14 17:03:47,1,1,1,2026-07
TXN0000010497,ACC0024669,35306.68,SUCCESS,2026-05-28 06:45:28,1,1,1,2026-05
TXN0000010505,ACC0013356,76431.66,SUCCESS,2026-05-07 12:32:36,1,1,1,2026-05
TXN0000010508,ACC0020318,26836.34,SUCCESS,2026-02-20 19:37:37,1,1,1,2026-02
TXN0000010509,ACC0012173,87122.36,SUCCESS,2026-06-05 12:18:53,1,1,1,2026-06
TXN0000010511,ACC0005610,21742.83,SUCCESS,2026-04-02 00:16:34,1,1,1,2026-04
TXN0000010524,ACC0018802,36335.92,SUCCESS,2026-06-23 03:14:11,1,1,1,2026-06
TXN0000010531,ACC0026405,77069.1,SUCCESS,2026-02-04 12:12:20,1,1,1,2026-02
TXN0000010533,ACC0027930,110590.05,SUCCESS,2026-05-09 02:34:17,1,1,1,2026-05
TXN0000010541,ACC0002693,143918.78,SUCCESS,2026-02-22 05:06:30,1,1,1,2026-02
TXN0000010542,ACC0006909,114987.71,SUCCESS,2026-06-27 08:38:17,1,1,1,2026-06
TXN0000010544,ACC0012992,107822.54,SUCCESS,2026-01-27 15:11:05,1,1,1,2026-01
TXN0000010547,ACC0016619,110038.73,SUCCESS,2026-02-21 09:18:45,1,1,1,2026-02
TXN0000010556,ACC0012912,135709.22,SUCCESS,2026-03-24 08:35:31,1,1,1,2026-03
TXN0000010562,ACC0002830,127864.67,SUCCESS,2026-05-02 16:40:19,1,1,1,2026-05
TXN0000010564,ACC0005123,73400.17,SUCCESS,2026-05-25 12:37:18,1,1,1,2026-05
TXN0000010567,ACC0005403,428.94,SUCCESS,2026-04-28 01:00:28,1,1,1,2026-04
TXN0000010571,ACC0014425,85206.1,SUCCESS,2026-04-17 00:42:13,1,1,1,2026-04
TXN0000010574,ACC0009055,122119.09,SUCCESS,2026-07-25 03:18:39,1,1,1,2026-07
TXN0000010579,ACC0005120,55266.5,SUCCESS,2026-04-30 20:04:58,1,1,1,2026-04
TXN0000010580,ACC0023479,59709.8,SUCCESS,2026-01-15 02:27:41,1,1,1,2026-01
TXN0000010583,ACC0026485,36432.61,SUCCESS,2026-05-03 02:29:41,1,1,1,2026-05
TXN0000010588,ACC0010668,125962.17,SUCCESS,2026-06-12 05:49:49,1,1,1,2026-06
TXN0000010590,ACC0005798,123349.23,SUCCESS,2026-02-20 23:07:56,1,1,1,2026-02
TXN0000010596,ACC0015251,130186.67,SUCCESS,2026-06-22 14:34:13,1,1,1,2026-06
TXN0000010605,ACC0022761,96395.94,SUCCESS,2026-02-12 23:03:53,1,1,1,2026-02
TXN0000010609,ACC0002996,13004.66,SUCCESS,2026-06-02 17:54:10,1,1,1,2026-06
TXN0000010614,ACC0014127,93022.29,SUCCESS,2026-07-01 01:54:52,1,1,1,2026-07
TXN0000010620,ACC0019159,44132.38,SUCCESS,2026-02-04 09:56:44,1,1,1,2026-02
TXN0000010625,ACC0010778,57899.01,SUCCESS,2026-03-20 11:57:47,1,1,1,2026-03
TXN0000010641,ACC0014778,60115.69,SUCCESS,2026-08-03 03:39:45,1,1,1,2026-08
TXN0000010642,ACC0004091,43538.67,SUCCESS,2026-03-13 21:40:36,1,1,1,2026-03
TXN0000010645,ACC0005251,143572.62,SUCCESS,2026-05-24 13:31:13,1,1,1,2026-05
TXN0000010646,ACC0022307,250.57,SUCCESS,2026-02-15 15:50:43,1,1,1,2026-02
TXN0000010647,ACC0026200,111488.46,SUCCESS,2026-02-12 09:31:09,1,1,1,2026-02
TXN0000010650,ACC0004701,48549.02,SUCCESS,2026-08-04 00:57:19,1,1,1,2026-08
TXN0000010651,ACC0015487,130789.63,SUCCESS,2026-04-04 18:30:05,1,1,1,2026-04
TXN0000010683,ACC0017538,49981.17,SUCCESS,2026-02-03 10:39:03,1,1,1,2026-02
TXN0000010688,ACC0024663,108588.15,SUCCESS,2026-03-16 17:01:24,1,1,1,2026-03
TXN0000010701,ACC0018885,98868.98,SUCCESS,2026-05-27 10:49:18,1,1,1,2026-05
TXN0000010706,ACC0015723,136942.28,SUCCESS,2026-03-06 20:33:18,1,1,1,2026-03
TXN0000010712,ACC0017796,97084.69,SUCCESS,2026-06-07 00:01:53,1,1,1,2026-06
TXN0000010717,ACC0012131,149154.66,SUCCESS,2026-04-27 06:21:34,1,2,1,2026-04
TXN0000010721,ACC0013450,120876.66,SUCCESS,2026-08-07 00:18:49,1,1,1,2026-08
TXN0000010722,ACC0015156,110708.99,SUCCESS,2026-08-06 20:06:14,1,1,1,2026-08
TXN0000010725,ACC0011472,57789.21,SUCCESS,2026-07-16 23:54:20,1,1,1,2026-07
TXN0000010733,ACC0020824,11166.48,SUCCESS,2026-05-27 04:22:12,1,1,1,2026-05
TXN0000010739,ACC0013649,29335.61,SUCCESS,2026-05-23 06:07:06,1,1,1,2026-05
TXN0000010749,ACC0001408,101429.06,SUCCESS,2026-01-27 08:29:55,1,1,1,2026-01
TXN0000010755,ACC0014114,74733.74,SUCCESS,2026-05-13 20:34:01,1,1,1,2026-05
TXN0000010760,ACC0007863,105207.93,SUCCESS,2026-04-23 08:43:32,1,1,1,2026-04
TXN0000010761,ACC0016576,19686.35,SUCCESS,2026-03-17 16:45:57,1,1,1,2026-03
TXN0000010763,ACC0016129,93710.14,SUCCESS,2026-02-20 12:03:55,1,1,1,2026-02
TXN0000010764,ACC0009643,48553.12,SUCCESS,2026-04-09 03:57:18,1,1,1,2026-04
TXN0000010768,ACC0016716,88990.82,SUCCESS,2026-03-02 06:39:21,1,1,1,2026-03
TXN0000010776,ACC0013361,70680.51,SUCCESS,2026-02-04 03:33:34,1,1,1,2026-02
TXN0000010778,ACC0018678,114472.28,SUCCESS,2026-08-07 18:42:20,1,1,1,2026-08
TXN0000010787,ACC0023361,54806.95,SUCCESS,2026-04-10 08:03:44,1,1,1,2026-04
TXN0000010803,ACC0015065,37598.1,SUCCESS,2026-07-26 08:43:14,1,1,1,2026-07
TXN0000010810,ACC0021603,119608.97,SUCCESS,2026-02-19 00:20:44,1,1,1,2026-02
TXN0000010816,ACC0011352,16983.85,SUCCESS,2026-05-27 08:57:59,1,1,1,2026-05
TXN0000010818,ACC0025169,13274.61,SUCCESS,2026-04-24 21:21:37,1,1,1,2026-04
TXN0000010819,ACC0020274,106946.0,SUCCESS,2026-02-20 11:45:46,1,1,1,2026-02
TXN0000010821,ACC0010677,65582.37,SUCCESS,2026-04-10 04:40:59,1,1,1,2026-04
TXN0000010826,ACC0020190,41325.83,SUCCESS,2026-01-15 09:06:23,1,1,1,2026-01
TXN0000010831,ACC0006862,123025.57,SUCCESS,2026-03-17 15:10:55,1,1,1,2026-03
TXN0000010845,ACC0015277,114933.3,SUCCESS,2026-05-30 00:04:19,1,1,1,2026-05
TXN0000010853,ACC0012897,16653.3,SUCCESS,2026-07-09 12:28:31,1,1,1,2026-07
TXN0000010854,ACC0003001,54522.16,SUCCESS,2026-06-09 19:08:45,1,1,1,2026-06
TXN0000010860,ACC0012333,96766.16,SUCCESS,2026-03-04 10:37:29,1,1,1,2026-03
TXN0000010862,ACC0006092,79369.26,SUCCESS,2026-02-05 17:46:02,1,1,1,2026-02
TXN0000010872,ACC0012579,3567.39,SUCCESS,2026-05-11 20:42:57,1,1,1,2026-05
TXN0000010873,ACC0028589,45898.36,SUCCESS,2026-02-20 22:14:07,1,1,1,2026-02
TXN0000010875,ACC0005722,28780.43,SUCCESS,2026-04-02 16:02:19,1,1,1,2026-04
TXN0000010878,ACC0021176,71749.34,SUCCESS,2026-02-08 02:29:59,1,1,1,2026-02
TXN0000010897,ACC0023868,48751.0,SUCCESS,2026-01-05 08:41:25,1,1,1,2026-01
TXN0000010903,ACC0019711,93735.66,SUCCESS,2026-07-08 09:02:05,1,1,1,2026-07
TXN0000010905,ACC0010253,121475.26,SUCCESS,2026-03-29 21:21:07,1,1,1,2026-03
TXN0000010910,ACC0028625,80996.7,SUCCESS,2026-02-02 07:40:32,1,1,1,2026-02
TXN0000010918,ACC0000168,64084.31,SUCCESS,2026-01-01 10:21:57,1,1,1,2026-01
TXN0000010919,ACC0001860,106259.09,SUCCESS,2026-02-10 13:08:34,1,1,1,2026-02
TXN0000010922,ACC0002040,113222.64,SUCCESS,2026-01-01 11:52:54,1,1,1,2026-01
TXN0000010923,ACC0009101,34664.18,SUCCESS,2026-07-02 22:49:32,1,1,1,2026-07
TXN0000010924,ACC0023861,132139.18,SUCCESS,2026-05-02 15:45:41,1,1,1,2026-05
TXN0000010925,ACC0009948,74475.42,SUCCESS,2026-05-23 06:55:27,1,1,1,2026-05
TXN0000010930,ACC0007576,102137.45,SUCCESS,2026-01-09 20:03:53,1,1,1,2026-01
TXN0000010936,ACC0010792,73434.13,SUCCESS,2026-02-28 01:31:31,1,1,1,2026-02
TXN0000010937,ACC0004134,57742.51,SUCCESS,2026-05-14 01:46:47,1,1,1,2026-05
TXN0000010943,ACC0020987,103128.83,SUCCESS,2026-02-16 10:04:29,1,1,1,2026-02
TXN0000010946,ACC0019346,53947.35,SUCCESS,2026-05-14 23:51:48,1,1,1,2026-05
TXN0000010952,ACC0019018,136476.94,SUCCESS,2026-06-01 17:08:50,1,1,1,2026-06
TXN0000010958,ACC0005618,23395.32,SUCCESS,2026-03-15 05:52:09,1,1,1,2026-03
TXN0000010966,ACC0022084,106848.92,SUCCESS,2026-07-07 15:08:42,1,1,1,2026-07
TXN0000010967,ACC0022965,126432.75,SUCCESS,2026-07-30 08:12:35,1,1,1,2026-07
TXN0000010968,ACC0003584,16068.63,SUCCESS,2026-03-31 12:25:32,1,1,1,2026-03
TXN0000010972,ACC0006659,103405.53,SUCCESS,2026-06-11 04:29:39,1,1,1,2026-06
TXN0000010974,ACC0021801,96325.28,SUCCESS,2026-06-29 16:05:28,1,1,1,2026-06
TXN0000010977,ACC0014454,124708.2,SUCCESS,2026-07-21 02:15:14,1,1,1,2026-07
TXN0000010979,ACC0011075,144972.82,SUCCESS,2026-01-28 21:23:31,1,1,1,2026-01
TXN0000010983,ACC0027763,113412.69,SUCCESS,2026-06-04 03:20:01,1,1,1,2026-06
TXN0000010997,ACC0016894,133672.67,SUCCESS,2026-06-01 16:41:50,1,1,1,2026-06
TXN0000011014,ACC0020806,115108.83,SUCCESS,2026-06-26 21:05:13,1,2,1,2026-06
TXN0000011035,ACC0025425,111383.21,SUCCESS,2026-04-17 20:46:29,1,1,1,2026-04
TXN0000011038,ACC0013761,108312.88,SUCCESS,2026-05-06 15:29:09,1,1,1,2026-05
TXN0000011047,ACC0017572,140021.23,SUCCESS,2026-01-14 06:01:49,1,1,1,2026-01
TXN0000011049,ACC0004857,78756.29,SUCCESS,2026-07-20 01:06:00,1,1,1,2026-07
TXN0000011058,ACC0024244,42002.56,SUCCESS,2026-04-25 02:23:10,1,1,1,2026-04
TXN0000011061,ACC0014346,83359.54,SUCCESS,2026-04-10 17:29:17,1,1,1,2026-04
TXN0000011065,ACC0016193,2419.17,SUCCESS,2026-01-08 15:28:49,1,1,1,2026-01
TXN0000011072,ACC0015483,120541.85,SUCCESS,2026-06-12 15:03:53,1,1,1,2026-06
TXN0000011073,ACC0018635,84160.2,SUCCESS,2026-01-26 07:45:39,1,1,1,2026-01
TXN0000011074,ACC0027813,46495.71,SUCCESS,2026-07-20 16:30:47,1,1,1,2026-07
TXN0000011078,ACC0024579,68267.88,SUCCESS,2026-05-06 04:11:19,1,1,1,2026-05
TXN0000011093,ACC0013565,91113.52,SUCCESS,2026-07-14 07:32:07,1,1,1,2026-07
TXN0000011111,ACC0021931,17940.35,SUCCESS,2026-07-14 20:02:45,1,1,1,2026-07
TXN0000011114,ACC0011106,45449.94,SUCCESS,2026-04-25 10:05:11,1,1,1,2026-04
TXN0000011115,ACC0015430,80211.81,SUCCESS,2026-07-14 17:31:59,1,1,1,2026-07
TXN0000011118,ACC0001233,23647.91,SUCCESS,2026-07-31 23:09:55,1,1,1,2026-07
TXN0000011122,ACC0005680,8712.73,SUCCESS,2026-06-10 13:26:07,1,1,1,2026-06
TXN0000011123,ACC0012431,78660.53,SUCCESS,2026-03-24 17:59:38,1,1,1,2026-03
TXN0000011128,ACC0018742,72326.28,SUCCESS,2026-02-28 17:23:07,1,1,1,2026-02
TXN0000011130,ACC0013783,40090.12,SUCCESS,2026-04-28 01:18:48,1,1,1,2026-04
TXN0000011135,ACC0017441,95311.83,SUCCESS,2026-06-25 13:51:18,1,1,1,2026-06
TXN0000011137,ACC0012882,95865.6,SUCCESS,2026-05-30 16:05:26,1,1,1,2026-05
TXN0000011138,ACC0012793,66001.92,SUCCESS,2026-01-08 13:24:24,1,1,1,2026-01
TXN0000011144,ACC0009925,34531.31,SUCCESS,2026-06-11 22:35:28,1,1,1,2026-06
TXN0000011150,ACC0004304,7462.53,SUCCESS,2026-01-06 14:36:57,1,1,1,2026-01
TXN0000011159,ACC0002004,106669.63,SUCCESS,2026-02-18 09:42:45,1,1,1,2026-02
TXN0000011167,ACC0026646,110820.54,SUCCESS,2026-01-23 04:01:25,1,1,1,2026-01
TXN0000011175,ACC0009067,148961.61,SUCCESS,2026-04-14 03:16:10,1,1,1,2026-04
TXN0000011178,ACC0012422,75251.77,SUCCESS,2026-03-08 16:09:46,1,1,1,2026-03
TXN0000011179,ACC0010096,19420.63,SUCCESS,2026-06-24 12:04:42,1,1,1,2026-06
TXN0000011186,ACC0006268,93392.57,SUCCESS,2026-01-27 00:22:15,1,1,1,2026-01
TXN0000011189,ACC0001019,146260.16,SUCCESS,2026-03-16 16:17:21,1,1,1,2026-03
TXN0000011192,ACC0028652,66185.54,SUCCESS,2026-04-20 22:35:30,1,1,1,2026-04
TXN0000011198,ACC0006905,147070.52,SUCCESS,2026-05-15 09:57:07,1,1,1,2026-05
TXN0000011203,ACC0000853,69676.59,SUCCESS,2026-02-01 22:52:13,1,1,1,2026-02
TXN0000011205,ACC0028547,60556.86,SUCCESS,2026-01-13 15:32:59,1,1,1,2026-01
TXN0000011206,ACC0026499,74698.36,SUCCESS,2026-04-12 18:10:21,1,1,1,2026-04
TXN0000011210,ACC0003218,1967.24,SUCCESS,2026-04-24 18:46:35,1,1,1,2026-04
TXN0000011216,ACC0021279,73782.75,SUCCESS,2026-05-23 07:07:03,1,1,1,2026-05
TXN0000011222,ACC0020420,43435.82,SUCCESS,2026-03-24 09:18:41,1,1,1,2026-03
TXN0000011239,ACC0028783,131585.5,SUCCESS,2026-07-07 00:14:19,1,1,1,2026-07
TXN0000011259,ACC0001541,134495.14,SUCCESS,2026-04-30 10:59:34,1,1,1,2026-04
TXN0000011261,ACC0024689,12916.43,SUCCESS,2026-06-07 13:24:41,1,1,1,2026-06
TXN0000011264,ACC0015357,11434.96,SUCCESS,2026-02-15 13:18:22,1,1,1,2026-02
TXN0000011278,ACC0028386,239.98,SUCCESS,2026-04-03 20:50:25,1,1,1,2026-04
TXN0000011285,ACC0028456,27809.46,SUCCESS,2026-07-25 11:27:54,1,1,1,2026-07
TXN0000011287,ACC0004836,73969.35,SUCCESS,2026-07-29 10:42:34,1,2,1,2026-07
TXN0000011288,ACC0008481,44280.97,SUCCESS,2026-05-23 21:44:03,1,1,1,2026-05
TXN0000011307,ACC0005281,119333.2,SUCCESS,2026-01-24 09:24:31,1,1,1,2026-01
TXN0000011308,ACC0023215,105005.76,SUCCESS,2026-07-12 22:19:35,1,1,1,2026-07
TXN0000011318,ACC0019600,138535.92,SUCCESS,2026-04-29 04:14:26,1,1,1,2026-04
TXN0000011328,ACC0027318,91646.84,SUCCESS,2026-05-03 04:44:44,1,1,1,2026-05
TXN0000011330,ACC0022652,130542.0,SUCCESS,2026-02-26 21:30:40,1,1,1,2026-02
TXN0000011332,ACC0018220,20789.04,SUCCESS,2026-06-08 17:49:34,1,1,1,2026-06
TXN0000011333,ACC0006068,111911.08,SUCCESS,2026-02-11 17:57:07,1,1,1,2026-02
TXN0000011337,ACC0001234,72349.59,SUCCESS,2026-02-26 02:27:17,1,1,1,2026-02
TXN0000011338,ACC0013425,5998.5,SUCCESS,2026-05-21 06:22:19,1,1,1,2026-05
TXN0000011351,ACC0005144,8197.91,SUCCESS,2026-06-13 07:15:14,1,1,1,2026-06
TXN0000011353,ACC0028848,95168.8,SUCCESS,2026-02-19 20:16:39,1,1,1,2026-02
TXN0000011358,ACC0018672,124955.98,SUCCESS,2026-02-15 17:30:41,1,1,1,2026-02
TXN0000011360,ACC0002724,144278.88,SUCCESS,2026-06-01 01:45:06,1,1,1,2026-06
TXN0000011361,ACC0000165,34067.78,SUCCESS,2026-04-06 02:41:17,1,1,1,2026-04
TXN0000011367,ACC0002747,92554.09,SUCCESS,2026-04-12 00:35:08,1,1,1,2026-04
TXN0000011371,ACC0003906,14020.21,SUCCESS,2026-01-22 21:38:47,1,1,1,2026-01
TXN0000011376,ACC0022344,109029.18,SUCCESS,2026-05-11 12:58:38,1,1,1,2026-05
TXN0000011380,ACC0029149,113322.02,SUCCESS,2026-05-09 17:30:32,1,1,1,2026-05
TXN0000011383,ACC0018044,82788.35,SUCCESS,2026-04-05 09:04:19,1,1,1,2026-04
TXN0000011385,ACC0003772,101108.06,SUCCESS,2026-05-25 16:05:46,1,1,1,2026-05
TXN0000011391,ACC0022227,72673.94,SUCCESS,2026-03-21 19:51:41,1,1,1,2026-03
TXN0000011402,ACC0018129,42947.21,SUCCESS,2026-03-03 10:56:23,1,1,1,2026-03
TXN0000011403,ACC0004302,77877.54,SUCCESS,2026-04-14 01:40:51,1,1,1,2026-04
TXN0000011405,ACC0025645,103040.4,SUCCESS,2026-06-27 19:57:36,1,1,1,2026-06
TXN0000011406,ACC0020421,15277.11,SUCCESS,2026-06-22 17:00:29,1,1,1,2026-06
TXN0000011408,ACC0022237,61074.34,SUCCESS,2026-07-24 04:28:44,1,1,1,2026-07
TXN0000011417,ACC0001602,138901.81,SUCCESS,2026-02-04 08:15:47,1,1,1,2026-02
TXN0000011421,ACC0023037,124690.87,SUCCESS,2026-03-03 22:37:09,1,1,1,2026-03
TXN0000011443,ACC0009870,24125.33,SUCCESS,2026-06-18 08:18:28,1,1,1,2026-06
TXN0000011449,ACC0024775,99503.17,SUCCESS,2026-01-31 12:56:32,1,1,1,2026-01
TXN0000011454,ACC0027662,122757.88,SUCCESS,2026-06-06 20:05:05,1,1,1,2026-06
TXN0000011456,ACC0003143,70546.49,SUCCESS,2026-02-16 00:23:00,1,1,1,2026-02
TXN0000011466,ACC0013840,128622.27,SUCCESS,2026-05-09 02:47:07,1,1,1,2026-05
TXN0000011467,ACC0028842,89680.75,SUCCESS,2026-07-30 13:55:46,1,1,1,2026-07
TXN0000011472,ACC0028568,147776.64,SUCCESS,2026-04-26 08:03:55,1,1,1,2026-04
TXN0000011473,ACC0000275,43536.92,SUCCESS,2026-02-20 02:02:08,1,1,1,2026-02
TXN0000011478,ACC0014084,21431.68,SUCCESS,2026-05-01 18:54:42,1,1,1,2026-05
TXN0000011482,ACC0009922,9258.08,SUCCESS,2026-05-03 06:17:20,1,1,1,2026-05
TXN0000011501,ACC0013740,43995.18,SUCCESS,2026-06-18 19:24:59,1,1,1,2026-06
TXN0000011506,ACC0010552,139899.63,SUCCESS,2026-08-04 07:45:16,1,1,1,2026-08
TXN0000011515,ACC0006937,98801.18,SUCCESS,2026-06-03 01:21:43,1,1,1,2026-06
TXN0000011518,ACC0014371,29535.32,SUCCESS,2026-02-04 12:45:32,1,2,1,2026-02
TXN0000011526,ACC0019832,51562.36,SUCCESS,2026-06-21 01:58:15,1,1,1,2026-06
TXN0000011528,ACC0012865,31538.81,SUCCESS,2026-07-24 16:58:27,1,1,1,2026-07
TXN0000011531,ACC0007314,133507.55,SUCCESS,2026-01-08 21:02:08,1,1,1,2026-01
TXN0000011532,ACC0007572,101382.95,SUCCESS,2026-02-26 05:37:37,1,1,1,2026-02
TXN0000011539,ACC0019068,75052.7,SUCCESS,2026-03-07 06:59:28,1,1,1,2026-03
TXN0000011541,ACC0020650,45295.44,SUCCESS,2026-05-03 13:34:58,1,1,1,2026-05
TXN0000011543,ACC0008866,132137.8,SUCCESS,2026-03-01 11:29:20,1,1,1,2026-03
TXN0000011544,ACC0025111,24478.36,SUCCESS,2026-02-08 03:59:12,1,1,1,2026-02
TXN0000011547,ACC0012866,9819.3,SUCCESS,2026-04-07 23:02:18,1,1,1,2026-04
TXN0000011550,ACC0023542,75538.37,SUCCESS,2026-06-22 04:53:01,1,1,1,2026-06
TXN0000011553,ACC0020891,76441.31,SUCCESS,2026-02-17 18:12:22,1,1,1,2026-02
TXN0000011558,ACC0018494,86038.37,SUCCESS,2026-01-21 17:21:21,1,1,1,2026-01
TXN0000011565,ACC0011268,92186.65,SUCCESS,2026-08-07 03:49:53,1,1,1,2026-08
TXN0000011578,ACC0022592,80212.4,SUCCESS,2026-02-16 04:15:37,1,1,1,2026-02
TXN0000011584,ACC0011918,145771.66,SUCCESS,2026-06-29 09:09:30,1,1,1,2026-06
TXN0000011591,ACC0017671,51021.06,SUCCESS,2026-05-20 01:48:06,1,1,1,2026-05
TXN0000011612,ACC0026809,7652.21,SUCCESS,2026-02-13 08:44:55,1,1,1,2026-02
TXN0000011626,ACC0014272,133706.43,SUCCESS,2026-01-07 11:52:50,1,1,1,2026-01
TXN0000011630,ACC0029661,124813.22,SUCCESS,2026-05-04 13:10:26,1,1,1,2026-05
TXN0000011643,ACC0017699,87742.75,SUCCESS,2026-08-06 21:24:24,1,1,1,2026-08
TXN0000011646,ACC0001487,55685.4,SUCCESS,2026-04-27 21:02:34,1,1,1,2026-04
TXN0000011647,ACC0011932,92125.58,SUCCESS,2026-05-03 03:16:07,1,1,1,2026-05
TXN0000011651,ACC0018546,123331.31,SUCCESS,2026-05-18 22:37:49,1,1,1,2026-05
TXN0000011657,ACC0028829,8039.93,SUCCESS,2026-01-24 19:54:17,1,1,1,2026-01
TXN0000011658,ACC0028472,75028.54,SUCCESS,2026-05-25 22:18:37,1,1,1,2026-05
TXN0000011663,ACC0009359,28323.39,SUCCESS,2026-05-15 16:56:42,1,1,1,2026-05
TXN0000011664,ACC0017800,86323.85,SUCCESS,2026-02-03 12:23:50,1,1,1,2026-02
TXN0000011672,ACC0008593,89254.04,SUCCESS,2026-02-05 11:40:37,1,1,1,2026-02
TXN0000011673,ACC0017136,10860.66,SUCCESS,2026-04-02 00:48:22,1,1,1,2026-04
TXN0000011676,ACC0003422,55908.86,SUCCESS,2026-06-28 02:36:29,1,1,1,2026-06
TXN0000011678,ACC0023942,54636.51,SUCCESS,2026-04-07 03:20:09,1,2,1,2026-04
TXN0000011681,ACC0014220,32481.03,SUCCESS,2026-02-09 14:33:52,1,1,1,2026-02
TXN0000011683,ACC0015324,87512.65,SUCCESS,2026-06-02 11:35:06,1,2,1,2026-06
TXN0000011685,ACC0017313,63041.06,SUCCESS,2026-01-24 17:58:31,1,2,1,2026-01
TXN0000011688,ACC0000990,1009.62,SUCCESS,2026-04-07 02:20:18,1,1,1,2026-04
TXN0000011692,ACC0000324,113227.95,SUCCESS,2026-06-11 23:18:44,1,1,1,2026-06
TXN0000011701,ACC0018119,23580.82,SUCCESS,2026-04-16 17:08:31,1,1,1,2026-04
TXN0000011706,ACC0012065,5066.23,SUCCESS,2026-08-07 04:01:11,1,1,1,2026-08
TXN0000011708,ACC0021197,60462.3,SUCCESS,2026-07-04 07:03:02,1,1,1,2026-07
TXN0000011714,ACC0000243,95483.52,SUCCESS,2026-01-05 03:13:47,1,1,1,2026-01
TXN0000011721,ACC0005709,85472.66,SUCCESS,2026-01-29 16:14:24,1,1,1,2026-01
TXN0000011729,ACC0011375,145564.55,SUCCESS,2026-06-22 22:12:31,1,1,1,2026-06
TXN0000011737,ACC0017028,49555.56,SUCCESS,2026-07-04 12:07:48,1,1,1,2026-07
TXN0000011741,ACC0002814,148559.5,SUCCESS,2026-06-29 00:53:43,1,1,1,2026-06
TXN0000011747,ACC0026292,71881.6,SUCCESS,2026-01-06 11:56:59,1,1,1,2026-01
TXN0000011752,ACC0002774,84131.6,SUCCESS,2026-01-29 22:12:11,1,1,1,2026-01
TXN0000011754,ACC0005755,127776.22,SUCCESS,2026-05-21 10:33:52,1,1,1,2026-05
TXN0000011760,ACC0023015,61447.98,SUCCESS,2026-04-27 10:57:07,1,1,1,2026-04
TXN0000011765,ACC0022191,30415.99,SUCCESS,2026-01-21 02:28:22,1,1,1,2026-01
TXN0000011766,ACC0029860,8116.8,SUCCESS,2026-06-29 08:39:49,1,1,1,2026-06
TXN0000011768,ACC0023812,38495.09,SUCCESS,2026-06-09 03:27:19,1,1,1,2026-06
TXN0000011769,ACC0000350,101718.18,SUCCESS,2026-08-01 04:15:02,1,1,1,2026-08
TXN0000011793,ACC0009628,141253.15,SUCCESS,2026-04-02 00:06:40,1,1,1,2026-04
TXN0000011795,ACC0019051,95722.55,SUCCESS,2026-06-23 03:37:20,1,1,1,2026-06
TXN0000011797,ACC0022278,27338.44,SUCCESS,2026-05-19 18:22:49,1,1,1,2026-05
TXN0000011806,ACC0016718,132218.39,SUCCESS,2026-03-28 10:21:54,1,1,1,2026-03
TXN0000011808,ACC0017180,2310.8,SUCCESS,2026-07-12 04:40:27,1,1,1,2026-07
TXN0000011813,ACC0029634,66213.71,SUCCESS,2026-01-30 02:30:57,1,1,1,2026-01
TXN0000011814,ACC0027950,149280.39,SUCCESS,2026-04-13 10:01:59,1,1,1,2026-04
TXN0000011822,ACC0025119,127573.43,SUCCESS,2026-06-06 18:12:38,1,1,1,2026-06
TXN0000011827,ACC0006596,8598.37,SUCCESS,2026-07-20 09:47:50,1,1,1,2026-07
TXN0000011833,ACC0015025,131391.38,SUCCESS,2026-04-28 02:20:45,1,1,1,2026-04
TXN0000011834,ACC0016848,81344.92,SUCCESS,2026-04-07 12:45:23,1,1,1,2026-04
TXN0000011835,ACC0017666,58186.38,SUCCESS,2026-07-17 01:20:54,1,1,1,2026-07
TXN0000011836,ACC0026367,64503.19,SUCCESS,2026-07-27 17:47:32,1,1,1,2026-07
TXN0000011841,ACC0004205,69908.14,SUCCESS,2026-07-31 13:38:03,1,1,1,2026-07
TXN0000011846,ACC0010589,145933.9,SUCCESS,2026-01-22 21:56:14,1,1,1,2026-01
TXN0000011849,ACC0016963,9040.3,SUCCESS,2026-06-04 19:30:49,1,1,1,2026-06
TXN0000011853,ACC0016640,94332.95,SUCCESS,2026-08-05 23:57:25,1,1,1,2026-08
TXN0000011866,ACC0013233,67193.78,SUCCESS,2026-04-15 22:40:28,1,1,1,2026-04
TXN0000011868,ACC0008519,22141.38,SUCCESS,2026-07-10 20:01:01,1,1,1,2026-07
TXN0000011877,ACC0011886,60938.31,SUCCESS,2026-05-12 13:55:00,1,1,1,2026-05
TXN0000011885,ACC0016476,75945.62,SUCCESS,2026-06-22 00:07:20,1,1,1,2026-06
TXN0000011886,ACC0021997,56425.46,SUCCESS,2026-02-21 13:13:51,1,1,1,2026-02
TXN0000011887,ACC0027036,117166.92,SUCCESS,2026-02-23 21:14:01,1,1,1,2026-02
TXN0000011888,ACC0003728,121918.99,SUCCESS,2026-01-18 00:18:41,1,1,1,2026-01
TXN0000011893,ACC0029998,115726.41,SUCCESS,2026-02-05 18:27:27,1,1,1,2026-02
TXN0000011900,ACC0002744,140941.45,SUCCESS,2026-03-08 17:48:30,1,1,1,2026-03
TXN0000011909,ACC0018832,37403.69,SUCCESS,2026-06-27 10:04:16,1,1,1,2026-06
TXN0000011921,ACC0009454,24891.41,SUCCESS,2026-06-06 16:51:13,1,1,1,2026-06
TXN0000011923,ACC0004816,33002.94,SUCCESS,2026-07-09 23:58:20,1,1,1,2026-07
TXN0000011929,ACC0019177,62044.41,SUCCESS,2026-04-14 11:13:54,1,1,1,2026-04
TXN0000011931,ACC0001324,32912.9,SUCCESS,2026-04-05 22:09:58,1,1,1,2026-04
TXN0000011962,ACC0021059,68792.17,SUCCESS,2026-06-21 19:30:51,1,1,1,2026-06
TXN0000011963,ACC0018505,19380.02,SUCCESS,2026-04-18 13:05:08,1,1,1,2026-04
TXN0000011968,ACC0025401,21202.24,SUCCESS,2026-05-31 17:28:55,1,1,1,2026-05
TXN0000011970,ACC0010447,143890.6,SUCCESS,2026-02-19 01:34:14,1,1,1,2026-02
TXN0000011977,ACC0010481,124213.63,SUCCESS,2026-06-06 23:46:27,1,1,1,2026-06
TXN0000011988,ACC0029680,7343.32,SUCCESS,2026-02-17 06:35:41,1,1,1,2026-02
TXN0000011990,ACC0027349,15207.62,SUCCESS,2026-01-10 11:16:28,1,1,1,2026-01
TXN0000011994,ACC0001176,60780.4,SUCCESS,2026-01-10 07:02:26,1,1,1,2026-01
TXN0000011996,ACC0022442,124644.73,SUCCESS,2026-08-05 19:38:48,1,1,1,2026-08
TXN0000011999,ACC0023393,120759.62,SUCCESS,2026-05-19 13:46:42,1,1,1,2026-05
TXN0000012014,ACC0016539,10061.69,SUCCESS,2026-04-05 10:20:47,1,1,1,2026-04
TXN0000012019,ACC0025382,84283.22,SUCCESS,2026-03-24 05:10:28,1,1,1,2026-03
TXN0000012022,ACC0028258,122326.89,SUCCESS,2026-06-13 09:27:16,1,1,1,2026-06
TXN0000012033,ACC0019902,16414.1,SUCCESS,2026-01-30 09:25:44,1,1,1,2026-01
TXN0000012040,ACC0012653,81696.33,SUCCESS,2026-04-11 08:35:52,1,1,1,2026-04
TXN0000012043,ACC0015728,47679.36,SUCCESS,2026-03-07 01:02:31,1,1,1,2026-03
TXN0000012048,ACC0026108,89513.41,SUCCESS,2026-05-02 12:54:12,1,1,1,2026-05
TXN0000012052,ACC0023928,142759.47,SUCCESS,2026-01-21 04:03:57,1,1,1,2026-01
TXN0000012054,ACC0009681,73211.41,SUCCESS,2026-05-20 23:52:11,1,1,1,2026-05
TXN0000012057,ACC0027336,119874.46,SUCCESS,2026-04-21 13:41:24,1,1,1,2026-04
TXN0000012058,ACC0024823,67106.99,SUCCESS,2026-03-23 16:18:25,1,1,1,2026-03
TXN0000012061,ACC0029830,73604.76,SUCCESS,2026-01-28 08:29:58,1,1,1,2026-01
TXN0000012063,ACC0002500,124387.59,SUCCESS,2026-02-12 15:49:23,1,1,1,2026-02
TXN0000012070,ACC0023719,104994.96,SUCCESS,2026-03-03 06:08:33,1,1,1,2026-03
TXN0000012078,ACC0012262,143912.4,SUCCESS,2026-08-02 11:10:42,1,1,1,2026-08
TXN0000012080,ACC0014998,26590.25,SUCCESS,2026-01-25 05:31:03,1,1,1,2026-01
TXN0000012086,ACC0020120,118860.39,SUCCESS,2026-08-06 04:18:58,1,1,1,2026-08
TXN0000012097,ACC0010587,51616.1,SUCCESS,2026-03-04 10:47:37,1,1,1,2026-03
TXN0000012102,ACC0020522,123792.03,SUCCESS,2026-01-29 18:49:46,1,1,1,2026-01
TXN0000012104,ACC0023347,95023.75,SUCCESS,2026-07-23 08:31:53,1,1,1,2026-07
TXN0000012116,ACC0015555,58677.23,SUCCESS,2026-03-08 21:18:59,1,1,1,2026-03
TXN0000012117,ACC0018728,55485.79,SUCCESS,2026-06-11 08:26:29,1,1,1,2026-06
TXN0000012118,ACC0018235,11254.8,SUCCESS,2026-01-19 09:36:23,1,1,1,2026-01
TXN0000012129,ACC0017422,118523.32,SUCCESS,2026-03-11 21:40:41,1,1,1,2026-03
TXN0000012132,ACC0008030,23758.44,SUCCESS,2026-06-12 12:05:05,1,1,1,2026-06
TXN0000012138,ACC0015484,56847.55,SUCCESS,2026-03-15 10:00:25,1,1,1,2026-03
TXN0000012145,ACC0029862,116569.46,SUCCESS,2026-04-27 02:07:13,1,1,1,2026-04
TXN0000012148,ACC0021731,89278.58,SUCCESS,2026-04-04 05:45:01,1,1,1,2026-04
TXN0000012150,ACC0005363,142302.41,SUCCESS,2026-06-12 16:56:39,1,1,1,2026-06
TXN0000012164,ACC0024528,39527.26,SUCCESS,2026-03-10 14:33:39,1,1,1,2026-03
TXN0000012179,ACC0010713,102089.65,SUCCESS,2026-07-04 16:02:33,1,1,1,2026-07
TXN0000012182,ACC0000922,103604.13,SUCCESS,2026-04-14 15:02:01,1,1,1,2026-04
TXN0000012186,ACC0009776,44057.19,SUCCESS,2026-01-12 05:38:23,1,1,1,2026-01
TXN0000012198,ACC0026964,114117.92,SUCCESS,2026-01-14 15:06:04,1,1,1,2026-01
TXN0000012204,ACC0014871,115058.78,SUCCESS,2026-06-27 09:51:24,1,1,1,2026-06
TXN0000012206,ACC0027668,27092.54,SUCCESS,2026-05-24 22:26:33,1,1,1,2026-05
TXN0000012209,ACC0016325,133886.97,SUCCESS,2026-01-07 01:49:44,1,1,1,2026-01
TXN0000012211,ACC0005052,117594.5,SUCCESS,2026-02-25 12:24:06,1,1,1,2026-02
TXN0000012212,ACC0013525,13915.37,SUCCESS,2026-05-07 20:05:13,1,1,1,2026-05
TXN0000012213,ACC0024760,100942.27,SUCCESS,2026-03-12 03:09:10,1,2,1,2026-03
TXN0000012215,ACC0022358,138621.43,SUCCESS,2026-05-05 01:34:52,1,1,1,2026-05
TXN0000012217,ACC0000676,52622.08,SUCCESS,2026-02-27 16:00:23,1,1,1,2026-02
TXN0000012225,ACC0026507,64215.41,SUCCESS,2026-07-25 13:19:32,1,1,1,2026-07
TXN0000012243,ACC0004616,68566.09,SUCCESS,2026-03-07 12:42:41,1,1,1,2026-03
TXN0000012244,ACC0025538,33094.03,SUCCESS,2026-03-05 17:27:37,1,1,1,2026-03
TXN0000012250,ACC0003730,15237.53,SUCCESS,2026-01-25 08:23:30,1,1,1,2026-01
TXN0000012263,ACC0006333,16560.59,SUCCESS,2026-02-09 14:21:30,1,1,1,2026-02
TXN0000012272,ACC0022701,53993.15,SUCCESS,2026-03-05 00:42:40,1,1,1,2026-03
TXN0000012281,ACC0016621,121807.65,SUCCESS,2026-06-06 23:12:22,1,1,1,2026-06
TXN0000012284,ACC0015124,25673.37,SUCCESS,2026-02-04 04:40:23,1,1,1,2026-02
TXN0000012289,ACC0026182,139477.64,SUCCESS,2026-04-15 00:47:46,1,2,1,2026-04
TXN0000012290,ACC0014771,19964.02,SUCCESS,2026-02-05 22:47:17,1,1,1,2026-02
TXN0000012297,ACC0012073,83107.62,SUCCESS,2026-02-28 23:24:15,1,1,1,2026-02
TXN0000012306,ACC0023586,99673.22,SUCCESS,2026-03-10 15:30:14,1,1,1,2026-03
TXN0000012324,ACC0022992,99822.98,SUCCESS,2026-07-14 18:39:35,1,1,1,2026-07
TXN0000012327,ACC0018630,37929.72,SUCCESS,2026-03-25 21:54:49,1,1,1,2026-03
TXN0000012331,ACC0021685,105423.86,SUCCESS,2026-02-15 00:49:28,1,1,1,2026-02
TXN0000012335,ACC0012180,24447.51,SUCCESS,2026-07-29 17:51:02,1,1,1,2026-07
TXN0000012337,ACC0014884,107680.16,SUCCESS,2026-06-21 09:26:28,1,1,1,2026-06
TXN0000012345,ACC0008893,10826.06,SUCCESS,2026-06-06 22:10:41,1,1,1,2026-06
TXN0000012352,ACC0025287,81474.86,SUCCESS,2026-05-17 08:47:34,1,1,1,2026-05
TXN0000012353,ACC0013946,70630.32,SUCCESS,2026-07-19 17:15:11,1,1,1,2026-07
TXN0000012360,ACC0003136,99656.32,SUCCESS,2026-04-12 11:20:26,1,1,1,2026-04
TXN0000012364,ACC0023940,55741.06,SUCCESS,2026-05-12 17:44:57,1,1,1,2026-05
TXN0000012368,ACC0004137,56071.2,SUCCESS,2026-07-14 11:17:06,1,1,1,2026-07
TXN0000012374,ACC0016836,130094.56,SUCCESS,2026-05-19 16:49:25,1,1,1,2026-05
TXN0000012387,ACC0002216,15184.59,SUCCESS,2026-08-01 03:06:08,1,1,1,2026-08
TXN0000012390,ACC0020459,26947.87,SUCCESS,2026-07-17 12:19:12,1,1,1,2026-07
TXN0000012391,ACC0011427,114100.01,SUCCESS,2026-03-09 07:42:51,1,1,1,2026-03
TXN0000012401,ACC0010175,104417.47,SUCCESS,2026-05-21 11:06:49,1,1,1,2026-05
TXN0000012403,ACC0000272,16279.4,SUCCESS,2026-06-27 09:53:30,1,1,1,2026-06
TXN0000012407,ACC0007019,111138.05,SUCCESS,2026-04-08 07:38:24,1,1,1,2026-04
TXN0000012408,ACC0006374,96001.94,SUCCESS,2026-05-02 07:10:22,1,1,1,2026-05
TXN0000012420,ACC0003321,104438.24,SUCCESS,2026-05-10 17:12:46,1,1,1,2026-05
TXN0000012430,ACC0006139,127179.31,SUCCESS,2026-06-05 06:45:40,1,1,1,2026-06
TXN0000012431,ACC0026480,959.96,SUCCESS,2026-05-22 15:19:17,1,1,1,2026-05
TXN0000012436,ACC0015129,139212.77,SUCCESS,2026-06-10 12:12:34,1,1,1,2026-06
TXN0000012437,ACC0001215,112721.43,SUCCESS,2026-04-11 21:11:22,1,1,1,2026-04
TXN0000012440,ACC0014324,88920.61,SUCCESS,2026-06-27 13:28:16,1,1,1,2026-06
TXN0000012468,ACC0025624,37974.84,SUCCESS,2026-03-28 13:51:54,1,1,1,2026-03
TXN0000012478,ACC0024675,94583.95,SUCCESS,2026-08-02 09:23:15,1,1,1,2026-08
TXN0000012484,ACC0022745,143718.73,SUCCESS,2026-01-28 00:21:00,1,1,1,2026-01
TXN0000012486,ACC0022081,143268.41,SUCCESS,2026-07-20 06:42:30,1,1,1,2026-07
TXN0000012490,ACC0015096,57226.1,SUCCESS,2026-05-29 13:49:09,1,1,1,2026-05
TXN0000012491,ACC0001503,37114.59,SUCCESS,2026-01-30 11:20:24,1,1,1,2026-01
TXN0000012502,ACC0029887,140998.62,SUCCESS,2026-02-18 22:16:30,1,1,1,2026-02
TXN0000012504,ACC0015036,32385.82,SUCCESS,2026-06-27 20:28:21,1,1,1,2026-06
TXN0000012513,ACC0014499,13644.93,SUCCESS,2026-01-29 08:37:05,1,1,1,2026-01
TXN0000012517,ACC0014673,119445.23,SUCCESS,2026-05-18 09:28:35,1,1,1,2026-05
TXN0000012523,ACC0029415,118423.71,SUCCESS,2026-06-15 15:13:55,1,2,1,2026-06
TXN0000012529,ACC0017703,99787.18,SUCCESS,2026-05-05 13:01:19,1,1,1,2026-05
TXN0000012538,ACC0025875,136605.46,SUCCESS,2026-05-29 08:31:39,1,1,1,2026-05
TXN0000012540,ACC0021768,111722.87,SUCCESS,2026-03-23 02:58:11,1,1,1,2026-03
TXN0000012541,ACC0027204,20720.49,SUCCESS,2026-04-05 20:49:28,1,1,1,2026-04
TXN0000012546,ACC0016774,97848.56,SUCCESS,2026-01-21 04:49:19,1,1,1,2026-01
TXN0000012552,ACC0025290,332.51,SUCCESS,2026-06-19 18:21:43,1,1,1,2026-06
TXN0000012558,ACC0009060,111345.91,SUCCESS,2026-01-22 01:31:37,1,1,1,2026-01
TXN0000012565,ACC0010032,98768.91,SUCCESS,2026-07-19 22:48:32,1,1,1,2026-07
TXN0000012567,ACC0020629,80896.83,SUCCESS,2026-05-01 15:02:35,1,1,1,2026-05
TXN0000012568,ACC0022507,73806.01,SUCCESS,2026-08-05 13:19:15,1,1,1,2026-08
TXN0000012576,ACC0015684,106472.34,SUCCESS,2026-01-03 20:47:35,1,1,1,2026-01
TXN0000012578,ACC0003615,72876.48,SUCCESS,2026-01-10 06:48:20,1,1,1,2026-01
TXN0000012579,ACC0003680,64200.64,SUCCESS,2026-08-08 21:04:36,1,1,1,2026-08
TXN0000012584,ACC0012683,82046.75,SUCCESS,2026-03-13 12:14:11,1,1,1,2026-03
TXN0000012585,ACC0000970,44668.68,SUCCESS,2026-01-23 20:48:01,1,1,1,2026-01
TXN0000012604,ACC0024380,53310.68,SUCCESS,2026-04-07 00:41:03,1,1,1,2026-04
TXN0000012606,ACC0008282,70902.15,SUCCESS,2026-02-21 15:21:19,1,1,1,2026-02
TXN0000012609,ACC0003286,116739.21,SUCCESS,2026-05-26 10:24:00,1,1,1,2026-05
TXN0000012617,ACC0019687,131599.18,SUCCESS,2026-03-04 04:37:05,1,1,1,2026-03
TXN0000012619,ACC0021475,92077.9,SUCCESS,2026-05-13 20:59:30,1,1,1,2026-05
TXN0000012621,ACC0008349,125235.38,SUCCESS,2026-01-01 18:33:12,1,1,1,2026-01
TXN0000012635,ACC0022938,120938.33,SUCCESS,2026-02-20 22:15:27,1,1,1,2026-02
TXN0000012661,ACC0027300,141962.62,SUCCESS,2026-07-06 14:30:13,1,1,1,2026-07
TXN0000012668,ACC0025962,94806.21,SUCCESS,2026-04-11 05:55:11,1,1,1,2026-04
TXN0000012669,ACC0017788,83382.3,SUCCESS,2026-04-20 20:50:50,1,1,1,2026-04
TXN0000012675,ACC0017558,101098.7,SUCCESS,2026-02-28 01:36:43,1,1,1,2026-02
TXN0000012683,ACC0027746,116124.87,SUCCESS,2026-03-25 11:40:49,1,1,1,2026-03
TXN0000012688,ACC0028664,110677.28,SUCCESS,2026-03-16 14:30:02,1,1,1,2026-03
TXN0000012689,ACC0023796,137182.83,SUCCESS,2026-07-06 15:03:23,1,1,1,2026-07
TXN0000012695,ACC0022878,74695.08,SUCCESS,2026-03-30 14:37:02,1,1,1,2026-03
TXN0000012704,ACC0016132,76766.74,SUCCESS,2026-06-15 09:40:35,1,1,1,2026-06
TXN0000012706,ACC0026892,86118.83,SUCCESS,2026-06-24 11:21:45,1,1,1,2026-06
TXN0000012708,ACC0011661,36470.99,SUCCESS,2026-02-05 04:09:31,1,1,1,2026-02
TXN0000012710,ACC0021571,67296.31,SUCCESS,2026-04-28 12:39:11,1,1,1,2026-04
TXN0000012742,ACC0022156,144850.1,SUCCESS,2026-01-20 19:33:02,1,1,1,2026-01
TXN0000012744,ACC0012772,82516.26,SUCCESS,2026-05-19 23:19:35,1,1,1,2026-05
TXN0000012746,ACC0023776,119273.49,SUCCESS,2026-04-18 15:34:55,1,1,1,2026-04
TXN0000012751,ACC0026916,16440.32,SUCCESS,2026-02-02 08:54:32,1,1,1,2026-02
TXN0000012753,ACC0008912,133722.53,SUCCESS,2026-05-11 09:22:44,1,1,1,2026-05
TXN0000012760,ACC0004191,82171.24,SUCCESS,2026-05-22 08:11:03,1,1,1,2026-05
TXN0000012771,ACC0019226,133524.55,SUCCESS,2026-01-16 05:36:45,1,1,1,2026-01
TXN0000012778,ACC0019897,11239.92,SUCCESS,2026-04-12 06:26:35,1,1,1,2026-04
TXN0000012780,ACC0011222,125570.91,SUCCESS,2026-06-21 10:28:28,1,1,1,2026-06
TXN0000012785,ACC0013580,111589.81,SUCCESS,2026-03-26 21:52:17,1,1,1,2026-03
TXN0000012792,ACC0004876,132422.41,SUCCESS,2026-08-07 15:05:45,1,1,1,2026-08
TXN0000012801,ACC0002373,9769.96,SUCCESS,2026-01-28 06:16:03,1,1,1,2026-01
TXN0000012816,ACC0010656,14804.7,SUCCESS,2026-03-04 23:51:00,1,1,1,2026-03
TXN0000012819,ACC0026342,49022.6,SUCCESS,2026-07-18 18:28:44,1,1,1,2026-07
TXN0000012821,ACC0016767,28847.32,SUCCESS,2026-02-20 00:38:28,1,1,1,2026-02
TXN0000012822,ACC0012153,13755.14,SUCCESS,2026-06-01 18:51:56,1,1,1,2026-06
TXN0000012826,ACC0000512,85017.47,SUCCESS,2026-07-17 16:45:25,1,1,1,2026-07
TXN0000012836,ACC0013587,14204.21,SUCCESS,2026-05-15 05:28:50,1,1,1,2026-05
TXN0000012837,ACC0027228,14235.45,SUCCESS,2026-02-16 16:17:54,1,1,1,2026-02
TXN0000012849,ACC0002208,106626.19,SUCCESS,2026-04-14 15:11:56,1,1,1,2026-04
TXN0000012853,ACC0006634,141013.81,SUCCESS,2026-06-12 16:05:41,1,1,1,2026-06
TXN0000012863,ACC0025418,41186.17,SUCCESS,2026-03-30 02:17:24,1,1,1,2026-03
TXN0000012866,ACC0010552,139458.72,SUCCESS,2026-07-13 08:49:41,1,1,1,2026-07
TXN0000012872,ACC0016725,44243.33,SUCCESS,2026-04-19 08:19:04,1,1,1,2026-04
TXN0000012874,ACC0001749,16091.51,SUCCESS,2026-07-03 13:05:11,1,1,1,2026-07
TXN0000012879,ACC0029666,66606.23,SUCCESS,2026-01-29 02:05:32,1,1,1,2026-01
TXN0000012883,ACC0012588,60328.68,SUCCESS,2026-06-16 03:32:06,1,1,1,2026-06
TXN0000012887,ACC0007358,105854.15,SUCCESS,2026-07-02 03:46:31,1,1,1,2026-07
TXN0000012895,ACC0011035,94799.66,SUCCESS,2026-07-01 04:45:03,1,1,1,2026-07
TXN0000012896,ACC0017888,120070.76,SUCCESS,2026-01-06 11:18:49,1,1,1,2026-01
TXN0000012897,ACC0027890,134511.81,SUCCESS,2026-01-30 06:05:19,1,1,1,2026-01
TXN0000012902,ACC0013442,57067.4,SUCCESS,2026-07-29 22:45:36,1,1,1,2026-07
TXN0000012908,ACC0011289,61580.71,SUCCESS,2026-03-26 04:02:48,1,1,1,2026-03
TXN0000012909,ACC0029402,11913.55,SUCCESS,2026-07-11 06:03:01,1,1,1,2026-07
TXN0000012912,ACC0002087,48132.95,SUCCESS,2026-04-21 18:39:00,1,1,1,2026-04
TXN0000012914,ACC0022698,18198.25,SUCCESS,2026-05-04 13:34:25,1,1,1,2026-05
TXN0000012916,ACC0010972,132096.97,SUCCESS,2026-03-05 02:20:41,1,1,1,2026-03
TXN0000012917,ACC0000669,148248.9,SUCCESS,2026-06-11 09:27:16,1,1,1,2026-06
TXN0000012918,ACC0006039,36517.04,SUCCESS,2026-03-07 02:51:23,1,1,1,2026-03
TXN0000012919,ACC0007250,16568.03,SUCCESS,2026-05-26 18:27:46,1,1,1,2026-05
TXN0000012922,ACC0017338,105500.36,SUCCESS,2026-04-07 06:03:36,1,1,1,2026-04
TXN0000012935,ACC0009527,51660.03,SUCCESS,2026-04-26 17:02:15,1,1,1,2026-04
TXN0000012937,ACC0009386,7772.99,SUCCESS,2026-02-16 17:57:06,1,1,1,2026-02
TXN0000012944,ACC0001362,18989.02,SUCCESS,2026-04-16 12:09:55,1,1,1,2026-04
TXN0000012946,ACC0028125,131675.85,SUCCESS,2026-05-30 06:57:44,1,1,1,2026-05
TXN0000012947,ACC0025661,149372.43,SUCCESS,2026-06-08 03:41:35,1,1,1,2026-06
TXN0000012961,ACC0023185,5347.02,SUCCESS,2026-04-22 19:47:54,1,1,1,2026-04
TXN0000012963,ACC0020097,66997.2,SUCCESS,2026-01-12 19:45:00,1,1,1,2026-01
TXN0000012968,ACC0027686,117930.12,SUCCESS,2026-05-31 19:28:22,1,1,1,2026-05
TXN0000012970,ACC0004352,40343.59,SUCCESS,2026-04-24 11:37:06,1,1,1,2026-04
TXN0000012972,ACC0003675,148758.37,SUCCESS,2026-06-12 13:38:17,1,1,1,2026-06
TXN0000012985,ACC0017586,34542.08,SUCCESS,2026-03-23 14:01:07,1,1,1,2026-03
TXN0000012989,ACC0007555,37512.02,SUCCESS,2026-05-21 14:38:58,1,1,1,2026-05
TXN0000012996,ACC0006048,46737.03,SUCCESS,2026-08-06 13:53:41,1,1,1,2026-08
TXN0000013007,ACC0009338,73733.95,SUCCESS,2026-03-31 11:20:37,1,1,1,2026-03
TXN0000013018,ACC0025141,61170.46,SUCCESS,2026-04-13 07:29:11,1,1,1,2026-04
TXN0000013022,ACC0004562,46572.86,SUCCESS,2026-02-28 12:54:20,1,1,1,2026-02
TXN0000013025,ACC0011153,117479.88,SUCCESS,2026-04-01 16:41:08,1,1,1,2026-04
TXN0000013031,ACC0000967,88273.51,SUCCESS,2026-06-23 23:09:02,1,1,1,2026-06
TXN0000013033,ACC0008301,148220.22,SUCCESS,2026-08-06 05:58:14,1,1,1,2026-08
TXN0000013035,ACC0004549,133787.57,SUCCESS,2026-03-07 14:01:20,1,1,1,2026-03
TXN0000013036,ACC0024206,81851.68,SUCCESS,2026-07-01 16:43:08,1,1,1,2026-07
TXN0000013045,ACC0013010,80458.8,SUCCESS,2026-03-08 06:12:37,1,1,1,2026-03
TXN0000013049,ACC0001117,143081.62,SUCCESS,2026-07-05 11:53:17,1,1,1,2026-07
TXN0000013050,ACC0009185,45650.73,SUCCESS,2026-05-02 06:01:48,1,1,1,2026-05
TXN0000013061,ACC0019671,68083.56,SUCCESS,2026-07-23 19:55:40,1,1,1,2026-07
TXN0000013063,ACC0028326,97831.05,SUCCESS,2026-07-09 22:00:09,1,1,1,2026-07
TXN0000013065,ACC0003809,13293.87,SUCCESS,2026-01-18 18:32:17,1,1,1,2026-01
TXN0000013077,ACC0017190,29895.42,SUCCESS,2026-03-01 16:30:33,1,1,1,2026-03
TXN0000013083,ACC0017250,73883.21,SUCCESS,2026-07-21 03:31:31,1,1,1,2026-07
TXN0000013084,ACC0004434,116315.06,SUCCESS,2026-02-06 01:29:36,1,1,1,2026-02
TXN0000013094,ACC0022917,121208.06,SUCCESS,2026-06-18 21:21:36,1,2,1,2026-06
TXN0000013096,ACC0003028,5483.02,SUCCESS,2026-04-01 02:03:04,1,1,1,2026-04
TXN0000013099,ACC0022135,27992.49,SUCCESS,2026-04-17 23:15:43,1,1,1,2026-04
TXN0000013104,ACC0015223,141197.63,SUCCESS,2026-08-04 19:28:47,1,1,1,2026-08
TXN0000013106,ACC0017962,119714.2,SUCCESS,2026-03-26 12:49:42,1,1,1,2026-03
TXN0000013111,ACC0017883,95977.76,SUCCESS,2026-07-13 20:42:22,1,1,1,2026-07
TXN0000013113,ACC0017612,7221.57,SUCCESS,2026-04-21 02:33:57,1,1,1,2026-04
TXN0000013116,ACC0014085,126065.44,SUCCESS,2026-06-05 05:04:02,1,1,1,2026-06
TXN0000013131,ACC0018150,121355.59,SUCCESS,2026-07-20 19:54:22,1,1,1,2026-07
TXN0000013142,ACC0002326,41946.86,SUCCESS,2026-06-14 22:35:42,1,1,1,2026-06
TXN0000013149,ACC0003721,149295.91,SUCCESS,2026-06-17 06:35:26,1,1,1,2026-06
TXN0000013150,ACC0019264,29238.63,SUCCESS,2026-02-12 06:54:27,1,1,1,2026-02
TXN0000013154,ACC0016173,9719.42,SUCCESS,2026-04-18 14:46:11,1,1,1,2026-04
TXN0000013158,ACC0026438,78141.7,SUCCESS,2026-02-06 13:03:59,1,1,1,2026-02
TXN0000013162,ACC0002550,6141.19,SUCCESS,2026-01-20 07:48:22,1,1,1,2026-01
TXN0000013167,ACC0001210,127565.03,SUCCESS,2026-02-13 19:17:44,1,1,1,2026-02
TXN0000013171,ACC0014701,26129.06,SUCCESS,2026-07-12 23:36:04,1,1,1,2026-07
TXN0000013177,ACC0000484,120382.14,SUCCESS,2026-05-07 20:39:00,1,1,1,2026-05
TXN0000013185,ACC0013224,97020.26,SUCCESS,2026-01-07 17:57:42,1,1,1,2026-01
TXN0000013189,ACC0007938,87007.54,SUCCESS,2026-02-03 18:11:49,1,1,1,2026-02
TXN0000013194,ACC0012195,123849.53,SUCCESS,2026-01-11 21:57:09,1,1,1,2026-01
TXN0000013197,ACC0015188,126662.46,SUCCESS,2026-01-07 09:44:51,1,1,1,2026-01
TXN0000013199,ACC0003268,15472.49,SUCCESS,2026-03-29 12:04:36,1,1,1,2026-03
TXN0000013200,ACC0010156,149908.75,SUCCESS,2026-07-23 07:52:54,1,1,1,2026-07
TXN0000013201,ACC0022859,8892.16,SUCCESS,2026-01-11 13:02:50,1,1,1,2026-01
TXN0000013214,ACC0027558,32810.77,SUCCESS,2026-06-26 18:10:46,1,1,1,2026-06
TXN0000013215,ACC0022469,10140.91,SUCCESS,2026-06-15 16:10:37,1,1,1,2026-06
TXN0000013219,ACC0027864,148471.59,SUCCESS,2026-01-18 17:47:37,1,1,1,2026-01
TXN0000013226,ACC0024143,125930.58,SUCCESS,2026-04-08 08:10:32,1,1,1,2026-04
TXN0000013235,ACC0011606,118530.79,SUCCESS,2026-02-06 01:23:43,1,1,1,2026-02
TXN0000013242,ACC0009522,17167.52,SUCCESS,2026-03-24 09:06:12,1,1,1,2026-03
TXN0000013243,ACC0024308,143010.89,SUCCESS,2026-08-04 11:08:13,1,1,1,2026-08
TXN0000013247,ACC0008509,64044.79,SUCCESS,2026-07-27 19:18:55,1,1,1,2026-07
TXN0000013248,ACC0028080,9068.47,SUCCESS,2026-05-28 11:14:01,1,1,1,2026-05
TXN0000013257,ACC0026816,100085.0,SUCCESS,2026-06-12 21:03:06,1,2,1,2026-06
TXN0000013265,ACC0029481,60125.79,SUCCESS,2026-02-13 03:49:30,1,1,1,2026-02
TXN0000013271,ACC0020065,102292.18,SUCCESS,2026-01-24 21:23:17,1,1,1,2026-01
TXN0000013275,ACC0024254,55473.94,SUCCESS,2026-02-11 04:33:43,1,1,1,2026-02
TXN0000013276,ACC0004370,123142.29,SUCCESS,2026-03-02 09:58:22,1,1,1,2026-03
TXN0000013281,ACC0010386,119843.18,SUCCESS,2026-07-14 13:22:08,1,1,1,2026-07
TXN0000013287,ACC0008340,34455.24,SUCCESS,2026-04-16 15:24:41,1,1,1,2026-04
TXN0000013299,ACC0015771,81630.66,SUCCESS,2026-02-07 18:34:31,1,1,1,2026-02
TXN0000013301,ACC0023008,35075.07,SUCCESS,2026-07-24 00:32:54,1,1,1,2026-07
TXN0000013303,ACC0010196,107360.06,SUCCESS,2026-06-24 03:54:55,1,1,1,2026-06
TXN0000013309,ACC0018437,144641.29,SUCCESS,2026-04-17 12:20:33,1,1,1,2026-04
TXN0000013315,ACC0025665,130514.27,SUCCESS,2026-01-16 00:53:38,1,1,1,2026-01
TXN0000013320,ACC0009204,121970.02,SUCCESS,2026-04-15 16:27:29,1,1,1,2026-04
TXN0000013327,ACC0018555,104845.39,SUCCESS,2026-02-28 11:52:32,1,1,1,2026-02
TXN0000013333,ACC0022443,97878.21,SUCCESS,2026-01-17 11:33:42,1,1,1,2026-01
TXN0000013344,ACC0010389,81516.8,SUCCESS,2026-04-02 00:39:50,1,1,1,2026-04
TXN0000013350,ACC0029631,136336.51,SUCCESS,2026-07-05 00:17:08,1,1,1,2026-07
TXN0000013352,ACC0001893,17537.8,SUCCESS,2026-04-26 00:54:22,1,1,1,2026-04
TXN0000013356,ACC0014065,142805.03,SUCCESS,2026-05-20 13:49:41,1,1,1,2026-05
TXN0000013357,ACC0015998,19654.13,SUCCESS,2026-02-21 05:38:54,1,1,1,2026-02
TXN0000013395,ACC0020987,19936.33,SUCCESS,2026-08-06 05:02:10,1,1,1,2026-08
TXN0000013398,ACC0015022,30956.88,SUCCESS,2026-06-12 21:08:21,1,1,1,2026-06
TXN0000013399,ACC0016940,29190.86,SUCCESS,2026-02-11 14:55:24,1,1,1,2026-02
TXN0000013408,ACC0004446,128790.81,SUCCESS,2026-07-05 23:27:39,1,1,1,2026-07
TXN0000013412,ACC0027644,28634.63,SUCCESS,2026-03-09 23:42:00,1,1,1,2026-03
TXN0000013424,ACC0000616,83908.96,SUCCESS,2026-06-18 08:44:47,1,1,1,2026-06
TXN0000013426,ACC0022092,93999.88,SUCCESS,2026-05-06 05:16:44,1,1,1,2026-05
TXN0000013434,ACC0013896,97737.68,SUCCESS,2026-01-06 02:18:53,1,1,1,2026-01
TXN0000013483,ACC0028198,118416.66,SUCCESS,2026-01-02 13:52:44,1,1,1,2026-01
TXN0000013485,ACC0010237,91264.46,SUCCESS,2026-03-29 02:06:22,1,1,1,2026-03
TXN0000013489,ACC0004963,115479.8,SUCCESS,2026-05-24 20:30:25,1,1,1,2026-05
TXN0000013493,ACC0006358,79066.47,SUCCESS,2026-05-02 08:20:01,1,1,1,2026-05
TXN0000013494,ACC0023464,95749.25,SUCCESS,2026-07-25 23:48:56,1,1,1,2026-07
TXN0000013496,ACC0002681,79959.32,SUCCESS,2026-01-16 23:20:10,1,1,1,2026-01
TXN0000013513,ACC0013974,130828.97,SUCCESS,2026-07-04 13:09:22,1,1,1,2026-07
TXN0000013520,ACC0021933,25701.61,SUCCESS,2026-03-09 03:09:22,1,1,1,2026-03
TXN0000013524,ACC0024593,145875.46,SUCCESS,2026-02-01 22:08:37,1,1,1,2026-02
TXN0000013534,ACC0009272,4021.59,SUCCESS,2026-03-08 02:20:25,1,1,1,2026-03
TXN0000013535,ACC0016124,89276.91,SUCCESS,2026-02-13 17:43:02,1,1,1,2026-02
TXN0000013536,ACC0017516,16856.13,SUCCESS,2026-06-19 22:55:38,1,1,1,2026-06
TXN0000013539,ACC0002991,132299.6,SUCCESS,2026-02-12 10:03:42,1,1,1,2026-02
TXN0000013543,ACC0000744,41501.15,SUCCESS,2026-03-04 03:59:31,1,1,1,2026-03
TXN0000013550,ACC0023971,139040.14,SUCCESS,2026-05-08 20:44:04,1,1,1,2026-05
TXN0000013557,ACC0028353,39181.81,SUCCESS,2026-04-06 21:54:18,1,1,1,2026-04
TXN0000013562,ACC0016632,84353.57,SUCCESS,2026-06-13 15:35:16,1,1,1,2026-06
TXN0000013568,ACC0005045,127671.53,SUCCESS,2026-05-15 04:04:02,1,1,1,2026-05
TXN0000013570,ACC0006531,148925.44,SUCCESS,2026-07-04 14:37:04,1,1,1,2026-07
TXN0000013581,ACC0005511,8367.92,SUCCESS,2026-03-13 08:44:44,1,1,1,2026-03
TXN0000013585,ACC0009184,118038.41,SUCCESS,2026-03-23 05:44:42,1,1,1,2026-03
TXN0000013591,ACC0008403,7928.38,SUCCESS,2026-06-06 10:50:10,1,1,1,2026-06
TXN0000013592,ACC0011018,147899.53,SUCCESS,2026-05-20 11:08:51,1,1,1,2026-05
TXN0000013597,ACC0029735,18165.46,SUCCESS,2026-07-19 23:01:00,1,1,1,2026-07
TXN0000013604,ACC0014991,34548.3,SUCCESS,2026-07-13 05:56:59,1,1,1,2026-07
TXN0000013608,ACC0027733,97778.34,SUCCESS,2026-05-29 02:23:09,1,1,1,2026-05
TXN0000013612,ACC0007730,98772.89,SUCCESS,2026-07-18 23:53:47,1,1,1,2026-07
TXN0000013613,ACC0012284,76312.45,SUCCESS,2026-08-07 22:22:14,1,1,1,2026-08
TXN0000013614,ACC0002180,1820.08,SUCCESS,2026-02-24 09:07:35,1,1,1,2026-02
TXN0000013620,ACC0008122,38415.93,SUCCESS,2026-06-29 22:29:56,1,1,1,2026-06
TXN0000013621,ACC0004739,66889.92,SUCCESS,2026-03-22 13:14:46,1,1,1,2026-03
TXN0000013631,ACC0023743,28681.05,SUCCESS,2026-07-18 15:16:42,1,1,1,2026-07
TXN0000013633,ACC0002553,66357.21,SUCCESS,2026-03-23 21:30:09,1,1,1,2026-03
TXN0000013634,ACC0000920,92127.78,SUCCESS,2026-06-24 20:57:02,1,1,1,2026-06
TXN0000013638,ACC0006205,65418.6,SUCCESS,2026-03-12 07:00:16,1,1,1,2026-03
TXN0000013641,ACC0001049,149475.09,SUCCESS,2026-03-20 11:17:53,1,1,1,2026-03
TXN0000013644,ACC0001803,78140.7,SUCCESS,2026-03-04 14:45:30,1,1,1,2026-03
TXN0000013646,ACC0007535,1961.03,SUCCESS,2026-05-23 13:26:24,1,1,1,2026-05
TXN0000013652,ACC0012934,141340.47,SUCCESS,2026-05-11 07:19:36,1,1,1,2026-05
TXN0000013668,ACC0020130,98787.92,SUCCESS,2026-06-04 12:58:05,1,1,1,2026-06
TXN0000013674,ACC0007561,126275.36,SUCCESS,2026-08-03 04:42:03,1,1,1,2026-08
TXN0000013676,ACC0003354,14446.33,SUCCESS,2026-03-23 08:53:34,1,1,1,2026-03
TXN0000013678,ACC0011112,58854.85,SUCCESS,2026-02-17 23:53:26,1,1,1,2026-02
TXN0000013679,ACC0008668,135099.45,SUCCESS,2026-07-30 15:53:01,1,1,1,2026-07
TXN0000013682,ACC0028406,10112.93,SUCCESS,2026-02-14 21:01:30,1,1,1,2026-02
TXN0000013686,ACC0000988,111597.41,SUCCESS,2026-01-11 03:55:25,1,1,1,2026-01
TXN0000013692,ACC0020314,143550.69,SUCCESS,2026-01-14 15:22:50,1,1,1,2026-01
TXN0000013709,ACC0026625,115747.49,SUCCESS,2026-05-26 14:23:22,1,1,1,2026-05
TXN0000013715,ACC0002054,97753.35,SUCCESS,2026-04-30 03:17:29,1,1,1,2026-04
TXN0000013722,ACC0010596,59516.26,SUCCESS,2026-03-21 04:20:20,1,1,1,2026-03
TXN0000013726,ACC0010828,9941.01,SUCCESS,2026-01-12 05:54:13,1,1,1,2026-01
TXN0000013737,ACC0009912,100551.59,SUCCESS,2026-04-30 11:38:10,1,1,1,2026-04
TXN0000013744,ACC0003224,97823.96,SUCCESS,2026-07-29 14:46:29,1,1,1,2026-07
TXN0000013747,ACC0020460,110741.89,SUCCESS,2026-01-08 12:32:36,1,1,1,2026-01
TXN0000013753,ACC0021350,118680.49,SUCCESS,2026-02-03 07:52:54,1,1,1,2026-02
TXN0000013754,ACC0027584,56211.28,SUCCESS,2026-01-22 12:27:12,1,1,1,2026-01
TXN0000013762,ACC0010722,91337.2,SUCCESS,2026-04-12 18:42:03,1,1,1,2026-04
TXN0000013763,ACC0020738,137590.89,SUCCESS,2026-04-10 18:37:51,1,1,1,2026-04
TXN0000013766,ACC0005078,70945.07,SUCCESS,2026-05-20 05:39:48,1,1,1,2026-05
TXN0000013775,ACC0024544,4619.46,SUCCESS,2026-05-08 20:50:24,1,1,1,2026-05
TXN0000013778,ACC0025764,69896.62,SUCCESS,2026-03-23 06:01:25,1,1,1,2026-03
TXN0000013792,ACC0010671,103893.01,SUCCESS,2026-06-26 16:33:36,1,1,1,2026-06
TXN0000013793,ACC0021195,102647.46,SUCCESS,2026-08-08 19:33:11,1,1,1,2026-08
TXN0000013795,ACC0027693,82161.88,SUCCESS,2026-04-16 11:58:10,1,1,1,2026-04
TXN0000013800,ACC0004366,6551.49,SUCCESS,2026-04-26 17:47:38,1,1,1,2026-04
TXN0000013803,ACC0020466,28994.02,SUCCESS,2026-03-24 09:13:24,1,1,1,2026-03
TXN0000013824,ACC0025455,93668.03,SUCCESS,2026-03-19 02:14:50,1,1,1,2026-03
TXN0000013825,ACC0017231,51976.74,SUCCESS,2026-02-02 19:52:04,1,1,1,2026-02
TXN0000013829,ACC0006781,134238.38,SUCCESS,2026-06-11 07:23:44,1,1,1,2026-06
TXN0000013835,ACC0023067,98324.62,SUCCESS,2026-07-28 04:17:18,1,1,1,2026-07
TXN0000013841,ACC0006863,167.01,SUCCESS,2026-05-11 02:17:24,1,1,1,2026-05
TXN0000013842,ACC0002776,37907.75,SUCCESS,2026-01-18 00:45:30,1,1,1,2026-01
TXN0000013843,ACC0022915,121854.67,SUCCESS,2026-05-22 05:41:46,1,1,1,2026-05
TXN0000013867,ACC0023195,102922.1,SUCCESS,2026-04-26 19:17:04,1,1,1,2026-04
TXN0000013872,ACC0001888,82037.16,SUCCESS,2026-07-29 08:33:02,1,2,1,2026-07
TXN0000013874,ACC0023508,12049.89,SUCCESS,2026-06-24 09:10:01,1,1,1,2026-06
TXN0000013884,ACC0013399,13812.02,SUCCESS,2026-08-03 16:04:21,1,1,1,2026-08
TXN0000013896,ACC0007283,54214.68,SUCCESS,2026-06-15 02:05:14,1,1,1,2026-06
TXN0000013907,ACC0019055,16261.24,SUCCESS,2026-01-22 21:44:19,1,1,1,2026-01
TXN0000013912,ACC0018624,71776.16,SUCCESS,2026-04-23 18:47:00,1,1,1,2026-04
TXN0000013914,ACC0015781,9974.19,SUCCESS,2026-02-21 17:48:23,1,1,1,2026-02
TXN0000013928,ACC0027407,78390.83,SUCCESS,2026-04-30 06:34:12,1,1,1,2026-04
TXN0000013930,ACC0019532,65439.84,SUCCESS,2026-01-20 05:38:49,1,1,1,2026-01
TXN0000013939,ACC0006089,58453.7,SUCCESS,2026-05-16 10:01:39,1,1,1,2026-05
TXN0000013940,ACC0022319,144199.53,SUCCESS,2026-04-24 17:03:23,1,1,1,2026-04
TXN0000013947,ACC0013520,102170.42,SUCCESS,2026-05-16 11:11:08,1,1,1,2026-05
TXN0000013949,ACC0029367,129738.95,SUCCESS,2026-05-27 05:12:02,1,1,1,2026-05
TXN0000013951,ACC0011773,85047.29,SUCCESS,2026-05-22 05:56:44,1,1,1,2026-05
TXN0000013953,ACC0020497,50239.4,SUCCESS,2026-03-03 02:22:32,1,1,1,2026-03
TXN0000013954,ACC0008902,143023.14,SUCCESS,2026-01-26 20:25:39,1,1,1,2026-01
TXN0000013955,ACC0018125,51682.43,SUCCESS,2026-01-16 21:16:55,1,1,1,2026-01
TXN0000013963,ACC0007932,3152.98,SUCCESS,2026-02-10 14:27:20,1,1,1,2026-02
TXN0000013967,ACC0010332,49232.55,SUCCESS,2026-07-30 11:23:06,1,1,1,2026-07
TXN0000013971,ACC0015017,124447.67,SUCCESS,2026-05-04 09:58:22,1,1,1,2026-05
TXN0000013973,ACC0027978,52222.26,SUCCESS,2026-02-28 10:01:09,1,1,1,2026-02
TXN0000013978,ACC0017217,106308.63,SUCCESS,2026-07-31 12:21:57,1,1,1,2026-07
TXN0000013985,ACC0020169,83725.75,SUCCESS,2026-06-09 04:44:41,1,1,1,2026-06
TXN0000013993,ACC0003643,100580.58,SUCCESS,2026-03-21 12:10:48,1,1,1,2026-03
TXN0000014010,ACC0029253,80317.86,SUCCESS,2026-06-26 07:43:36,1,1,1,2026-06
TXN0000014011,ACC0025681,811.25,SUCCESS,2026-01-28 23:26:34,1,1,1,2026-01
TXN0000014024,ACC0026293,28040.95,SUCCESS,2026-05-13 08:21:42,1,1,1,2026-05
TXN0000014025,ACC0011697,20676.3,SUCCESS,2026-04-28 03:11:12,1,1,1,2026-04
TXN0000014030,ACC0006304,73548.67,SUCCESS,2026-07-24 23:28:09,1,1,1,2026-07
TXN0000014048,ACC0009871,97924.27,SUCCESS,2026-05-08 05:45:01,1,1,1,2026-05
TXN0000014050,ACC0018165,26789.74,SUCCESS,2026-05-12 23:04:56,1,1,1,2026-05
TXN0000014051,ACC0019880,75057.69,SUCCESS,2026-06-09 18:38:14,1,1,1,2026-06
TXN0000014060,ACC0013918,106714.36,SUCCESS,2026-05-28 12:11:58,1,1,1,2026-05
TXN0000014080,ACC0001581,130520.27,SUCCESS,2026-01-07 21:03:57,1,1,1,2026-01
TXN0000014083,ACC0029105,136178.3,SUCCESS,2026-06-13 19:58:42,1,1,1,2026-06
TXN0000014085,ACC0014236,35603.19,SUCCESS,2026-08-07 11:54:56,1,1,1,2026-08
TXN0000014090,ACC0006224,86195.41,SUCCESS,2026-03-04 18:11:48,1,1,1,2026-03
TXN0000014095,ACC0005760,93775.41,SUCCESS,2026-01-22 21:23:35,1,1,1,2026-01
TXN0000014100,ACC0008628,113296.76,SUCCESS,2026-01-14 10:51:25,1,1,1,2026-01
TXN0000014105,ACC0008272,24142.04,SUCCESS,2026-06-14 23:24:55,1,1,1,2026-06
TXN0000014119,ACC0017735,122828.29,SUCCESS,2026-06-28 10:51:04,1,1,1,2026-06
TXN0000014120,ACC0014335,13981.77,SUCCESS,2026-01-20 17:05:11,1,1,1,2026-01
TXN0000014122,ACC0019710,119369.8,SUCCESS,2026-01-12 23:33:59,1,1,1,2026-01
TXN0000014124,ACC0009218,102797.72,SUCCESS,2026-01-13 17:26:19,1,1,1,2026-01
TXN0000014126,ACC0017642,82137.51,SUCCESS,2026-03-23 07:39:19,1,1,1,2026-03
TXN0000014128,ACC0007315,94005.81,SUCCESS,2026-01-05 14:22:40,1,1,1,2026-01
TXN0000014139,ACC0009120,39314.18,SUCCESS,2026-01-26 18:38:47,1,1,1,2026-01
TXN0000014141,ACC0017596,81072.4,SUCCESS,2026-03-23 13:13:02,1,1,1,2026-03
TXN0000014165,ACC0000970,129846.19,SUCCESS,2026-07-19 14:49:03,1,1,1,2026-07
TXN0000014169,ACC0001036,45320.33,SUCCESS,2026-03-03 21:07:15,1,1,1,2026-03
TXN0000014170,ACC0018760,96635.17,SUCCESS,2026-04-23 06:59:19,1,1,1,2026-04
TXN0000014200,ACC0015555,64860.39,SUCCESS,2026-03-09 14:22:39,1,1,1,2026-03
TXN0000014204,ACC0018751,6632.06,SUCCESS,2026-05-20 11:11:32,1,1,1,2026-05
TXN0000014209,ACC0004486,91677.14,SUCCESS,2026-03-25 04:56:25,1,1,1,2026-03
TXN0000014221,ACC0018099,55330.2,SUCCESS,2026-07-07 03:28:25,1,1,1,2026-07
TXN0000014225,ACC0006985,28927.62,SUCCESS,2026-04-22 06:34:44,1,1,1,2026-04
TXN0000014231,ACC0017372,62635.45,SUCCESS,2026-02-24 05:51:33,1,1,1,2026-02
TXN0000014235,ACC0011417,12977.64,SUCCESS,2026-06-20 20:53:58,1,1,1,2026-06
TXN0000014242,ACC0028072,99948.82,SUCCESS,2026-01-31 15:18:21,1,1,1,2026-01
TXN0000014252,ACC0002846,71424.79,SUCCESS,2026-01-10 16:49:09,1,1,1,2026-01
TXN0000014255,ACC0006680,49171.89,SUCCESS,2026-07-17 20:33:40,1,1,1,2026-07
TXN0000014259,ACC0015327,80895.78,SUCCESS,2026-06-09 09:09:03,1,1,1,2026-06
TXN0000014260,ACC0016252,114146.45,SUCCESS,2026-05-08 02:32:17,1,1,1,2026-05
TXN0000014267,ACC0006021,17615.15,SUCCESS,2026-05-18 23:54:33,1,1,1,2026-05
TXN0000014285,ACC0016029,7650.65,SUCCESS,2026-03-12 05:18:17,1,1,1,2026-03
TXN0000014287,ACC0019108,140111.98,SUCCESS,2026-02-08 23:16:32,1,1,1,2026-02
TXN0000014293,ACC0002720,11909.18,SUCCESS,2026-01-12 14:30:55,1,1,1,2026-01
TXN0000014298,ACC0007327,42991.81,SUCCESS,2026-07-24 04:32:09,1,1,1,2026-07
TXN0000014304,ACC0013800,105743.54,SUCCESS,2026-04-18 02:23:26,1,1,1,2026-04
TXN0000014305,ACC0016586,59239.37,SUCCESS,2026-07-05 17:46:42,1,1,1,2026-07
TXN0000014308,ACC0023059,5419.67,SUCCESS,2026-03-24 21:16:31,1,1,1,2026-03
TXN0000014309,ACC0026223,68516.14,SUCCESS,2026-04-25 19:02:38,1,1,1,2026-04
TXN0000014311,ACC0010120,4331.52,SUCCESS,2026-06-08 13:49:58,1,1,1,2026-06
TXN0000014313,ACC0010902,89871.86,SUCCESS,2026-03-15 15:23:09,1,1,1,2026-03
TXN0000014318,ACC0026208,92889.55,SUCCESS,2026-04-01 15:51:30,1,1,1,2026-04
TXN0000014321,ACC0000330,17000.16,SUCCESS,2026-08-03 13:00:25,1,1,1,2026-08
TXN0000014326,ACC0010736,143683.49,SUCCESS,2026-03-29 02:52:40,1,1,1,2026-03
TXN0000014327,ACC0009896,7795.03,SUCCESS,2026-01-14 20:01:39,1,1,1,2026-01
TXN0000014340,ACC0014917,36846.6,SUCCESS,2026-06-22 03:15:00,1,1,1,2026-06
TXN0000014341,ACC0009779,28917.17,SUCCESS,2026-03-21 20:01:57,1,1,1,2026-03
TXN0000014348,ACC0016778,14605.98,SUCCESS,2026-03-03 00:49:06,1,1,1,2026-03
TXN0000014351,ACC0027970,64363.81,SUCCESS,2026-07-17 22:09:25,1,1,1,2026-07
TXN0000014352,ACC0019700,64143.8,SUCCESS,2026-02-14 22:04:26,1,1,1,2026-02
TXN0000014363,ACC0025668,121862.38,SUCCESS,2026-07-16 23:10:56,1,1,1,2026-07
TXN0000014364,ACC0018105,38243.14,SUCCESS,2026-07-24 06:32:40,1,1,1,2026-07
TXN0000014371,ACC0015255,131109.42,SUCCESS,2026-02-27 04:40:28,1,1,1,2026-02
TXN0000014380,ACC0020018,13764.72,SUCCESS,2026-07-20 06:43:49,1,1,1,2026-07
TXN0000014383,ACC0014852,4800.28,SUCCESS,2026-04-28 06:44:29,1,1,1,2026-04
TXN0000014386,ACC0000744,93022.44,SUCCESS,2026-03-08 16:19:55,1,1,1,2026-03
TXN0000014388,ACC0029012,139645.28,SUCCESS,2026-07-22 15:17:35,1,1,1,2026-07
TXN0000014400,ACC0005576,34122.6,SUCCESS,2026-06-09 06:53:22,1,1,1,2026-06
TXN0000014406,ACC0013018,141003.29,SUCCESS,2026-07-22 00:56:31,1,1,1,2026-07
TXN0000014422,ACC0007455,88898.56,SUCCESS,2026-03-27 14:55:00,1,1,1,2026-03
TXN0000014428,ACC0022568,50586.11,SUCCESS,2026-08-08 18:53:12,1,1,1,2026-08
TXN0000014429,ACC0008475,29982.99,SUCCESS,2026-04-05 08:18:35,1,1,1,2026-04
TXN0000014431,ACC0019257,86896.57,SUCCESS,2026-06-02 09:17:08,1,1,1,2026-06
TXN0000014433,ACC0009230,79610.21,SUCCESS,2026-05-20 13:58:38,1,1,1,2026-05
TXN0000014436,ACC0004226,141349.91,SUCCESS,2026-02-26 15:53:14,1,1,1,2026-02
TXN0000014443,ACC0013412,142083.56,SUCCESS,2026-06-02 11:41:53,1,1,1,2026-06
TXN0000014448,ACC0023545,65342.43,SUCCESS,2026-01-08 16:55:53,1,1,1,2026-01
TXN0000014457,ACC0014774,119456.28,SUCCESS,2026-07-04 13:22:50,1,1,1,2026-07
TXN0000014462,ACC0020600,146509.39,SUCCESS,2026-07-29 06:13:07,1,1,1,2026-07
TXN0000014463,ACC0006508,48989.15,SUCCESS,2026-06-11 08:21:51,1,1,1,2026-06
TXN0000014464,ACC0026635,77839.75,SUCCESS,2026-04-24 03:42:33,1,1,1,2026-04
TXN0000014470,ACC0007852,122258.58,SUCCESS,2026-06-21 14:30:00,1,2,1,2026-06
TXN0000014477,ACC0002911,126231.11,SUCCESS,2026-01-10 08:23:50,1,1,1,2026-01
TXN0000014479,ACC0001256,129881.26,SUCCESS,2026-03-15 21:33:25,1,1,1,2026-03
TXN0000014480,ACC0029369,67595.38,SUCCESS,2026-05-19 05:05:00,1,1,1,2026-05
TXN0000014486,ACC0025545,99097.56,SUCCESS,2026-04-14 13:55:28,1,1,1,2026-04
TXN0000014493,ACC0011241,14717.2,SUCCESS,2026-07-28 05:34:43,1,1,1,2026-07
TXN0000014495,ACC0024961,57427.33,SUCCESS,2026-07-28 19:27:49,1,1,1,2026-07
TXN0000014496,ACC0028168,62449.5,SUCCESS,2026-04-26 19:19:39,1,1,1,2026-04
TXN0000014505,ACC0001570,84927.07,SUCCESS,2026-05-15 13:04:57,1,1,1,2026-05
TXN0000014511,ACC0018207,59859.77,SUCCESS,2026-04-02 09:55:13,1,1,1,2026-04
TXN0000014518,ACC0016684,14009.54,SUCCESS,2026-03-16 02:02:07,1,1,1,2026-03
TXN0000014520,ACC0028903,18302.07,SUCCESS,2026-04-11 06:24:47,1,1,1,2026-04
TXN0000014526,ACC0000397,50753.46,SUCCESS,2026-07-19 22:56:04,1,1,1,2026-07
TXN0000014529,ACC0012162,136917.78,SUCCESS,2026-07-20 08:37:16,1,1,1,2026-07
TXN0000014539,ACC0014138,63544.68,SUCCESS,2026-07-02 15:19:52,1,1,1,2026-07
TXN0000014546,ACC0008488,58263.34,SUCCESS,2026-04-02 10:55:54,1,1,1,2026-04
TXN0000014558,ACC0001013,30494.24,SUCCESS,2026-04-01 10:03:37,1,1,1,2026-04
TXN0000014561,ACC0003075,140203.32,SUCCESS,2026-03-04 17:49:56,1,1,1,2026-03
TXN0000014574,ACC0014462,84307.58,SUCCESS,2026-03-10 21:07:12,1,1,1,2026-03
TXN0000014575,ACC0029504,661.56,SUCCESS,2026-05-24 12:20:42,1,1,1,2026-05
TXN0000014580,ACC0028481,118974.38,SUCCESS,2026-05-20 18:47:56,1,1,1,2026-05
TXN0000014590,ACC0025759,40549.43,SUCCESS,2026-07-13 17:50:58,1,1,1,2026-07
TXN0000014592,ACC0002685,115732.14,SUCCESS,2026-01-08 09:36:51,1,1,1,2026-01
TXN0000014593,ACC0027634,4460.96,SUCCESS,2026-05-24 13:59:41,1,1,1,2026-05
TXN0000014606,ACC0003388,2724.31,SUCCESS,2026-05-22 21:57:49,1,1,1,2026-05
TXN0000014607,ACC0011766,113387.43,SUCCESS,2026-05-19 22:25:16,1,1,1,2026-05
TXN0000014618,ACC0023335,74068.02,SUCCESS,2026-07-09 21:59:06,1,1,1,2026-07
TXN0000014620,ACC0006268,81792.09,SUCCESS,2026-05-05 06:46:46,1,1,1,2026-05
TXN0000014621,ACC0017839,32432.01,SUCCESS,2026-05-09 21:05:41,1,1,1,2026-05
TXN0000014636,ACC0004502,30155.68,SUCCESS,2026-03-07 07:45:56,1,1,1,2026-03
TXN0000014640,ACC0023209,30588.57,SUCCESS,2026-06-15 13:09:10,1,1,1,2026-06
TXN0000014647,ACC0025226,111677.51,SUCCESS,2026-03-03 03:08:10,1,1,1,2026-03
TXN0000014650,ACC0026123,145764.47,SUCCESS,2026-01-11 17:25:15,1,1,1,2026-01
TXN0000014652,ACC0007605,53183.69,SUCCESS,2026-06-29 07:19:50,1,1,1,2026-06
TXN0000014663,ACC0022078,143386.68,SUCCESS,2026-07-27 18:41:05,1,1,1,2026-07
TXN0000014664,ACC0009798,130778.95,SUCCESS,2026-07-09 16:31:41,1,1,1,2026-07
TXN0000014674,ACC0012734,6650.6,SUCCESS,2026-04-06 17:05:44,1,1,1,2026-04
TXN0000014676,ACC0012688,49729.44,SUCCESS,2026-05-18 20:12:00,1,2,1,2026-05
TXN0000014677,ACC0000470,145040.04,SUCCESS,2026-04-29 10:00:22,1,1,1,2026-04
TXN0000014678,ACC0024043,41867.26,SUCCESS,2026-04-13 12:57:21,1,1,1,2026-04
TXN0000014680,ACC0015817,6212.54,SUCCESS,2026-02-19 19:18:29,1,1,1,2026-02
TXN0000014684,ACC0002294,84860.61,SUCCESS,2026-07-07 11:09:01,1,1,1,2026-07
TXN0000014695,ACC0011648,14086.78,SUCCESS,2026-07-29 08:42:40,1,1,1,2026-07
TXN0000014721,ACC0013187,134508.83,SUCCESS,2026-06-02 06:22:53,1,1,1,2026-06
TXN0000014730,ACC0009767,142365.44,SUCCESS,2026-01-05 10:34:09,1,1,1,2026-01
TXN0000014736,ACC0028697,48130.47,SUCCESS,2026-07-03 05:40:38,1,1,1,2026-07
TXN0000014748,ACC0001166,77488.86,SUCCESS,2026-04-30 16:05:51,1,1,1,2026-04
TXN0000014761,ACC0011676,19951.46,SUCCESS,2026-07-26 13:48:39,1,1,1,2026-07
TXN0000014762,ACC0010615,148303.52,SUCCESS,2026-04-27 03:44:10,1,1,1,2026-04
TXN0000014770,ACC0017235,58294.65,SUCCESS,2026-04-25 11:15:03,1,1,1,2026-04
TXN0000014775,ACC0010857,146872.91,SUCCESS,2026-01-17 19:25:30,1,1,1,2026-01
TXN0000014776,ACC0010117,71613.07,SUCCESS,2026-03-05 15:57:50,1,1,1,2026-03
TXN0000014779,ACC0021115,63711.19,SUCCESS,2026-07-25 04:55:29,1,1,1,2026-07
TXN0000014781,ACC0011485,47267.71,SUCCESS,2026-04-05 15:33:38,1,1,1,2026-04
TXN0000014783,ACC0019776,1826.66,SUCCESS,2026-05-30 02:04:08,1,1,1,2026-05
TXN0000014789,ACC0028813,60251.02,SUCCESS,2026-05-25 16:43:59,1,1,1,2026-05
TXN0000014790,ACC0026058,144454.67,SUCCESS,2026-02-15 07:25:07,1,1,1,2026-02
TXN0000014815,ACC0012576,106992.23,SUCCESS,2026-04-12 21:10:20,1,1,1,2026-04
TXN0000014817,ACC0024100,25670.12,SUCCESS,2026-04-10 02:38:52,1,1,1,2026-04
TXN0000014822,ACC0008243,57817.0,SUCCESS,2026-04-23 06:42:32,1,1,1,2026-04
TXN0000014829,ACC0000248,119653.18,SUCCESS,2026-02-26 06:53:51,1,1,1,2026-02
TXN0000014832,ACC0022722,132368.84,SUCCESS,2026-07-06 20:49:30,1,1,1,2026-07
TXN0000014840,ACC0006809,66456.51,SUCCESS,2026-01-05 03:59:02,1,1,1,2026-01
TXN0000014843,ACC0009762,59913.06,SUCCESS,2026-04-05 19:30:55,1,1,1,2026-04
TXN0000014854,ACC0024372,97827.19,SUCCESS,2026-06-27 23:51:01,1,1,1,2026-06
TXN0000014863,ACC0016213,12305.68,SUCCESS,2026-06-12 16:26:35,1,1,1,2026-06
TXN0000014864,ACC0003917,49992.06,SUCCESS,2026-04-07 15:21:35,1,1,1,2026-04
TXN0000014866,ACC0010788,129711.71,SUCCESS,2026-02-19 22:22:42,1,1,1,2026-02
TXN0000014871,ACC0029925,82923.93,SUCCESS,2026-02-14 22:43:03,1,2,1,2026-02
TXN0000014873,ACC0001524,34125.61,SUCCESS,2026-05-15 23:52:42,1,1,1,2026-05
TXN0000014874,ACC0028732,108166.98,SUCCESS,2026-08-05 13:06:54,1,1,1,2026-08
TXN0000014875,ACC0013954,58559.31,SUCCESS,2026-01-14 07:50:40,1,1,1,2026-01
TXN0000014882,ACC0017262,52738.14,SUCCESS,2026-01-14 23:51:09,1,1,1,2026-01
TXN0000014888,ACC0016573,60485.52,SUCCESS,2026-02-09 17:10:58,1,1,1,2026-02
TXN0000014891,ACC0029198,22856.74,SUCCESS,2026-02-12 17:12:49,1,1,1,2026-02
TXN0000014900,ACC0008068,2209.34,SUCCESS,2026-06-01 17:27:44,1,1,1,2026-06
TXN0000014910,ACC0015716,141290.34,SUCCESS,2026-01-02 03:36:00,1,1,1,2026-01
TXN0000014913,ACC0009991,48837.75,SUCCESS,2026-06-19 08:40:32,1,1,1,2026-06
TXN0000014915,ACC0026860,124277.52,SUCCESS,2026-05-11 22:24:22,1,1,1,2026-05
TXN0000014918,ACC0006709,107849.87,SUCCESS,2026-01-22 17:51:02,1,1,1,2026-01
TXN0000014921,ACC0025770,79150.17,SUCCESS,2026-07-03 06:21:52,1,1,1,2026-07
TXN0000014922,ACC0024665,148182.52,SUCCESS,2026-03-24 07:39:58,1,1,1,2026-03
TXN0000014925,ACC0000575,4973.67,SUCCESS,2026-06-25 16:00:32,1,1,1,2026-06
TXN0000014929,ACC0018650,32311.17,SUCCESS,2026-06-11 18:37:01,1,2,1,2026-06
TXN0000014937,ACC0009608,55515.36,SUCCESS,2026-06-29 10:56:43,1,1,1,2026-06
TXN0000014940,ACC0012618,37412.78,SUCCESS,2026-07-27 21:43:29,1,1,1,2026-07
TXN0000014947,ACC0029223,2581.86,SUCCESS,2026-04-03 11:57:47,1,1,1,2026-04
TXN0000014951,ACC0007448,1325.95,SUCCESS,2026-08-08 09:48:12,1,1,1,2026-08
TXN0000014957,ACC0016967,42784.78,SUCCESS,2026-01-15 02:36:20,1,1,1,2026-01
TXN0000014959,ACC0008666,35373.92,SUCCESS,2026-04-10 00:41:17,1,1,1,2026-04
TXN0000014962,ACC0010775,125278.42,SUCCESS,2026-03-23 07:31:43,1,1,1,2026-03
TXN0000014963,ACC0005435,4761.36,SUCCESS,2026-05-23 08:15:10,1,1,1,2026-05
TXN0000014983,ACC0018578,21346.66,SUCCESS,2026-03-18 14:40:34,1,1,1,2026-03
TXN0000014989,ACC0012218,112929.33,SUCCESS,2026-05-23 15:00:03,1,1,1,2026-05
TXN0000014997,ACC0014530,121450.28,SUCCESS,2026-05-26 00:39:16,1,1,1,2026-05
TXN0000014998,ACC0011940,132987.96,SUCCESS,2026-01-20 13:19:01,1,1,1,2026-01
TXN0000014999,ACC0007064,131867.71,SUCCESS,2026-07-03 00:10:15,1,1,1,2026-07
TXN0000015007,ACC0022762,114632.19,SUCCESS,2026-07-23 05:14:58,1,1,1,2026-07
TXN0000015011,ACC0027515,88972.04,SUCCESS,2026-01-14 21:24:04,1,1,1,2026-01
TXN0000015023,ACC0025801,126831.52,SUCCESS,2026-01-25 16:57:47,1,1,1,2026-01
TXN0000015042,ACC0029523,65323.94,SUCCESS,2026-05-30 15:38:00,1,1,1,2026-05
TXN0000015044,ACC0003945,55671.48,SUCCESS,2026-01-12 13:07:31,1,1,1,2026-01
TXN0000015047,ACC0009877,96555.44,SUCCESS,2026-04-10 04:12:45,1,1,1,2026-04
TXN0000015048,ACC0016087,119001.1,SUCCESS,2026-07-21 08:38:33,1,1,1,2026-07
TXN0000015056,ACC0026150,76712.81,SUCCESS,2026-05-04 13:20:52,1,1,1,2026-05
TXN0000015059,ACC0018977,80526.31,SUCCESS,2026-06-13 00:38:31,1,1,1,2026-06
TXN0000015061,ACC0011690,64202.66,SUCCESS,2026-05-04 08:55:34,1,1,1,2026-05
TXN0000015062,ACC0028605,13087.93,SUCCESS,2026-04-15 04:39:51,1,1,1,2026-04
TXN0000015067,ACC0002586,37739.14,SUCCESS,2026-05-01 22:06:02,1,1,1,2026-05
TXN0000015076,ACC0028708,125009.82,SUCCESS,2026-07-18 23:55:56,1,1,1,2026-07
TXN0000015078,ACC0007840,89454.03,SUCCESS,2026-03-11 20:25:16,1,1,1,2026-03
TXN0000015101,ACC0000916,8307.12,SUCCESS,2026-02-08 16:35:21,1,1,1,2026-02
TXN0000015102,ACC0019083,86615.82,SUCCESS,2026-03-11 13:06:26,1,1,1,2026-03
TXN0000015130,ACC0025213,86512.29,SUCCESS,2026-03-06 07:02:49,1,1,1,2026-03
TXN0000015138,ACC0014022,91387.0,SUCCESS,2026-04-08 12:19:25,1,1,1,2026-04
TXN0000015145,ACC0026780,142781.34,SUCCESS,2026-06-26 07:46:23,1,1,1,2026-06
TXN0000015149,ACC0023536,107274.22,SUCCESS,2026-02-05 11:08:17,1,1,1,2026-02
TXN0000015150,ACC0008455,140855.88,SUCCESS,2026-05-29 17:23:46,1,1,1,2026-05
TXN0000015152,ACC0027332,142413.62,SUCCESS,2026-06-02 15:53:19,1,1,1,2026-06
TXN0000015157,ACC0014922,69762.66,SUCCESS,2026-03-29 00:31:03,1,1,1,2026-03
TXN0000015159,ACC0003450,12791.34,SUCCESS,2026-05-16 15:16:44,1,1,1,2026-05
TXN0000015161,ACC0028497,91888.56,SUCCESS,2026-06-17 09:38:37,1,1,1,2026-06
TXN0000015175,ACC0029115,4055.31,SUCCESS,2026-03-30 08:14:43,1,1,1,2026-03
TXN0000015181,ACC0021028,114012.62,SUCCESS,2026-06-08 01:52:10,1,1,1,2026-06
TXN0000015182,ACC0022462,141445.46,SUCCESS,2026-07-08 07:47:41,1,1,1,2026-07
TXN0000015188,ACC0017390,60369.76,SUCCESS,2026-02-01 08:08:32,1,1,1,2026-02
TXN0000015197,ACC0022359,61673.29,SUCCESS,2026-01-03 12:22:37,1,1,1,2026-01
TXN0000015199,ACC0027091,36323.16,SUCCESS,2026-02-09 10:35:49,1,1,1,2026-02
TXN0000015200,ACC0010978,59562.4,SUCCESS,2026-07-27 09:13:26,1,1,1,2026-07
TXN0000015204,ACC0013907,95317.71,SUCCESS,2026-05-15 02:35:14,1,1,1,2026-05
TXN0000015205,ACC0022039,141367.9,SUCCESS,2026-03-30 09:17:25,1,1,1,2026-03
TXN0000015210,ACC0016345,54284.22,SUCCESS,2026-06-21 17:50:29,1,1,1,2026-06
TXN0000015220,ACC0029693,14261.69,SUCCESS,2026-04-16 03:12:30,1,1,1,2026-04
TXN0000015223,ACC0012681,31088.17,SUCCESS,2026-07-25 13:19:06,1,1,1,2026-07
TXN0000015236,ACC0009590,74460.74,SUCCESS,2026-05-30 10:03:28,1,1,1,2026-05
TXN0000015252,ACC0008866,83315.13,SUCCESS,2026-02-12 11:21:07,1,1,1,2026-02
TXN0000015260,ACC0019116,142910.13,SUCCESS,2026-06-21 10:22:18,1,1,1,2026-06
TXN0000015273,ACC0008374,123642.93,SUCCESS,2026-05-20 23:56:00,1,1,1,2026-05
TXN0000015274,ACC0001233,2359.94,SUCCESS,2026-05-11 03:34:37,1,1,1,2026-05
TXN0000015293,ACC0024606,86507.59,SUCCESS,2026-04-21 08:18:30,1,1,1,2026-04
TXN0000015333,ACC0026172,77889.18,SUCCESS,2026-06-14 03:23:03,1,1,1,2026-06
TXN0000015335,ACC0008079,75583.96,SUCCESS,2026-01-26 02:21:21,1,1,1,2026-01
TXN0000015342,ACC0028770,8143.98,SUCCESS,2026-04-24 10:55:50,1,1,1,2026-04
TXN0000015365,ACC0013228,59975.99,SUCCESS,2026-05-17 03:56:48,1,1,1,2026-05
TXN0000015379,ACC0011478,143935.67,SUCCESS,2026-05-11 01:51:31,1,1,1,2026-05
TXN0000015380,ACC0018021,31467.7,SUCCESS,2026-06-17 12:22:30,1,1,1,2026-06
TXN0000015395,ACC0001865,94318.85,SUCCESS,2026-05-12 23:50:23,1,1,1,2026-05
TXN0000015413,ACC0005025,23367.82,SUCCESS,2026-06-07 02:34:34,1,1,1,2026-06
TXN0000015415,ACC0019475,17907.23,SUCCESS,2026-03-24 10:54:11,1,1,1,2026-03
TXN0000015417,ACC0013571,42369.85,SUCCESS,2026-01-12 02:30:45,1,1,1,2026-01
TXN0000015423,ACC0000964,24964.83,SUCCESS,2026-05-18 02:06:34,1,1,1,2026-05
TXN0000015424,ACC0027382,20009.41,SUCCESS,2026-08-07 13:58:58,1,2,1,2026-08
TXN0000015425,ACC0006393,1764.19,SUCCESS,2026-01-10 06:48:41,1,1,1,2026-01
TXN0000015433,ACC0004233,122112.2,SUCCESS,2026-06-30 03:09:48,1,1,1,2026-06
TXN0000015437,ACC0014847,51445.03,SUCCESS,2026-05-13 22:14:50,1,1,1,2026-05
TXN0000015442,ACC0002426,135568.23,SUCCESS,2026-05-06 16:52:12,1,1,1,2026-05
TXN0000015443,ACC0001481,122860.59,SUCCESS,2026-02-20 15:28:31,1,1,1,2026-02
TXN0000015447,ACC0021210,99643.86,SUCCESS,2026-03-31 17:05:37,1,1,1,2026-03
TXN0000015450,ACC0024265,132258.82,SUCCESS,2026-05-24 01:59:55,1,1,1,2026-05
TXN0000015452,ACC0002556,85542.39,SUCCESS,2026-03-07 21:32:56,1,1,1,2026-03
TXN0000015471,ACC0029940,95927.1,SUCCESS,2026-02-11 15:07:11,1,1,1,2026-02
TXN0000015475,ACC0000795,92543.26,SUCCESS,2026-04-14 05:45:31,1,1,1,2026-04
TXN0000015477,ACC0024759,85081.38,SUCCESS,2026-01-23 00:29:11,1,1,1,2026-01
TXN0000015482,ACC0000577,12866.92,SUCCESS,2026-04-20 11:29:26,1,1,1,2026-04
TXN0000015489,ACC0021806,120870.35,SUCCESS,2026-06-18 01:22:20,1,1,1,2026-06
TXN0000015493,ACC0001359,33111.99,SUCCESS,2026-01-07 03:18:59,1,1,1,2026-01
TXN0000015510,ACC0027369,10668.61,SUCCESS,2026-05-25 07:55:36,1,1,1,2026-05
TXN0000015516,ACC0026611,91614.93,SUCCESS,2026-06-05 11:48:46,1,1,1,2026-06
TXN0000015535,ACC0002082,58157.07,SUCCESS,2026-01-01 15:41:55,1,1,1,2026-01
TXN0000015538,ACC0004685,149321.97,SUCCESS,2026-02-23 04:22:57,1,1,1,2026-02
TXN0000015540,ACC0024093,48502.52,SUCCESS,2026-02-24 21:27:52,1,1,1,2026-02
TXN0000015553,ACC0028845,143337.33,SUCCESS,2026-03-15 09:58:01,1,1,1,2026-03
TXN0000015564,ACC0029450,109452.93,SUCCESS,2026-01-14 14:59:27,1,1,1,2026-01
TXN0000015572,ACC0023680,106787.18,SUCCESS,2026-02-25 20:57:05,1,1,1,2026-02
TXN0000015594,ACC0002756,44117.6,SUCCESS,2026-01-29 09:02:49,1,1,1,2026-01
TXN0000015596,ACC0009799,71054.88,SUCCESS,2026-06-01 00:42:32,1,1,1,2026-06
TXN0000015597,ACC0000943,88120.88,SUCCESS,2026-01-30 10:19:46,1,1,1,2026-01
TXN0000015599,ACC0020941,107587.09,SUCCESS,2026-03-14 16:33:21,1,1,1,2026-03
TXN0000015606,ACC0009461,79728.31,SUCCESS,2026-01-24 20:26:05,1,1,1,2026-01
TXN0000015616,ACC0013866,123334.32,SUCCESS,2026-03-23 01:46:16,1,1,1,2026-03
TXN0000015617,ACC0012978,57975.31,SUCCESS,2026-03-24 05:03:30,1,1,1,2026-03
TXN0000015627,ACC0015186,108080.9,SUCCESS,2026-01-02 05:15:01,1,1,1,2026-01
TXN0000015628,ACC0010784,103605.65,SUCCESS,2026-06-04 10:32:53,1,1,1,2026-06
TXN0000015638,ACC0018387,77609.18,SUCCESS,2026-03-18 20:45:04,1,1,1,2026-03
TXN0000015642,ACC0002186,1517.14,SUCCESS,2026-04-21 16:11:22,1,1,1,2026-04
TXN0000015647,ACC0009294,96317.1,SUCCESS,2026-02-15 06:03:08,1,1,1,2026-02
TXN0000015649,ACC0018141,20511.08,SUCCESS,2026-06-02 16:50:05,1,1,1,2026-06
TXN0000015650,ACC0020123,119555.87,SUCCESS,2026-01-28 17:44:03,1,1,1,2026-01
TXN0000015659,ACC0007500,99059.75,SUCCESS,2026-06-22 00:10:21,1,1,1,2026-06
TXN0000015663,ACC0025525,90012.96,SUCCESS,2026-01-02 10:17:30,1,1,1,2026-01
TXN0000015671,ACC0029690,56301.21,SUCCESS,2026-06-07 12:42:34,1,1,1,2026-06
TXN0000015691,ACC0027289,101414.49,SUCCESS,2026-03-31 19:36:49,1,1,1,2026-03
TXN0000015693,ACC0020118,21160.96,SUCCESS,2026-05-02 20:11:59,1,1,1,2026-05
TXN0000015698,ACC0002044,38936.29,SUCCESS,2026-07-04 05:12:13,1,1,1,2026-07
TXN0000015703,ACC0010618,51468.28,SUCCESS,2026-06-10 20:13:33,1,1,1,2026-06
TXN0000015705,ACC0015499,16484.18,SUCCESS,2026-04-25 02:58:27,1,1,1,2026-04
TXN0000015712,ACC0018879,127056.6,SUCCESS,2026-06-14 14:45:16,1,1,1,2026-06
TXN0000015715,ACC0014805,52287.76,SUCCESS,2026-06-26 20:12:30,1,1,1,2026-06
TXN0000015716,ACC0019973,87213.09,SUCCESS,2026-07-03 20:28:44,1,1,1,2026-07
TXN0000015722,ACC0023021,32175.84,SUCCESS,2026-02-24 18:48:21,1,1,1,2026-02
TXN0000015723,ACC0015415,49924.96,SUCCESS,2026-07-04 23:03:29,1,1,1,2026-07
TXN0000015740,ACC0026155,109509.57,SUCCESS,2026-03-27 15:34:09,1,1,1,2026-03
TXN0000015747,ACC0003542,72836.14,SUCCESS,2026-04-02 04:45:31,1,2,1,2026-04
TXN0000015752,ACC0017241,29819.58,SUCCESS,2026-05-29 02:59:55,1,1,1,2026-05
TXN0000015758,ACC0006526,149889.1,SUCCESS,2026-08-05 20:03:46,1,1,1,2026-08
TXN0000015761,ACC0027297,70712.37,SUCCESS,2026-05-11 00:00:53,1,1,1,2026-05
TXN0000015766,ACC0013709,78448.61,SUCCESS,2026-06-01 17:30:10,1,1,1,2026-06
TXN0000015772,ACC0019487,78760.57,SUCCESS,2026-03-26 08:08:08,1,2,1,2026-03
TXN0000015809,ACC0022279,144405.41,SUCCESS,2026-02-10 01:04:56,1,1,1,2026-02
TXN0000015814,ACC0018572,109662.56,SUCCESS,2026-02-09 07:53:47,1,1,1,2026-02
TXN0000015819,ACC0014048,75949.26,SUCCESS,2026-07-16 09:33:26,1,1,1,2026-07
TXN0000015823,ACC0003657,16555.18,SUCCESS,2026-05-25 06:44:54,1,1,1,2026-05
TXN0000015827,ACC0007198,113123.81,SUCCESS,2026-01-01 16:27:51,1,1,1,2026-01
TXN0000015852,ACC0028487,58759.38,SUCCESS,2026-02-23 07:03:44,1,1,1,2026-02
TXN0000015853,ACC0024021,45980.46,SUCCESS,2026-06-14 21:42:48,1,1,1,2026-06
TXN0000015855,ACC0017292,24877.83,SUCCESS,2026-04-07 19:45:57,1,1,1,2026-04
TXN0000015864,ACC0011575,142065.25,SUCCESS,2026-03-01 23:38:17,1,1,1,2026-03
TXN0000015868,ACC0021496,42204.73,SUCCESS,2026-01-06 18:25:10,1,1,1,2026-01
TXN0000015877,ACC0029509,76444.96,SUCCESS,2026-01-12 03:07:05,1,1,1,2026-01
TXN0000015880,ACC0026182,55152.37,SUCCESS,2026-02-06 06:15:11,1,1,1,2026-02
TXN0000015892,ACC0025598,901.59,SUCCESS,2026-06-02 23:41:19,1,1,1,2026-06
TXN0000015896,ACC0025739,81910.49,SUCCESS,2026-07-06 10:41:27,1,1,1,2026-07
TXN0000015899,ACC0006980,128961.94,SUCCESS,2026-03-06 10:06:04,1,1,1,2026-03
TXN0000015909,ACC0021533,118199.94,SUCCESS,2026-02-02 18:07:32,1,1,1,2026-02
TXN0000015912,ACC0015847,35785.5,SUCCESS,2026-07-26 20:50:29,1,1,1,2026-07
TXN0000015913,ACC0004639,34803.12,SUCCESS,2026-06-27 04:08:09,1,1,1,2026-06
TXN0000015916,ACC0011621,140127.26,SUCCESS,2026-03-17 07:51:17,1,1,1,2026-03
TXN0000015917,ACC0026919,67471.81,SUCCESS,2026-07-25 17:56:39,1,1,1,2026-07
TXN0000015920,ACC0009659,99021.99,SUCCESS,2026-02-01 14:21:49,1,1,1,2026-02
TXN0000015924,ACC0020741,82637.3,SUCCESS,2026-03-03 14:14:32,1,1,1,2026-03
TXN0000015928,ACC0012343,113692.3,SUCCESS,2026-01-23 23:10:49,1,2,1,2026-01
TXN0000015929,ACC0007107,10149.66,SUCCESS,2026-01-05 13:13:45,1,1,1,2026-01
TXN0000015933,ACC0002876,8047.55,SUCCESS,2026-07-17 16:10:47,1,1,1,2026-07
TXN0000015939,ACC0014138,89600.66,SUCCESS,2026-01-18 14:35:43,1,1,1,2026-01
TXN0000015945,ACC0003398,146710.53,SUCCESS,2026-03-16 02:17:55,1,1,1,2026-03
TXN0000015950,ACC0000986,37903.89,SUCCESS,2026-05-23 16:46:04,1,1,1,2026-05
TXN0000015965,ACC0020480,144761.51,SUCCESS,2026-04-29 12:01:26,1,2,1,2026-04
TXN0000015974,ACC0004833,94506.69,SUCCESS,2026-06-21 00:26:55,1,1,1,2026-06
TXN0000015976,ACC0020963,130656.08,SUCCESS,2026-05-03 08:55:45,1,1,1,2026-05
TXN0000015982,ACC0003107,6584.33,SUCCESS,2026-02-08 16:39:55,1,1,1,2026-02
TXN0000015985,ACC0002770,104652.64,SUCCESS,2026-04-11 15:33:27,1,1,1,2026-04
TXN0000015990,ACC0009838,111076.79,SUCCESS,2026-05-05 10:36:59,1,1,1,2026-05
TXN0000015991,ACC0018644,120072.39,SUCCESS,2026-01-05 15:10:37,1,1,1,2026-01
TXN0000015994,ACC0001755,95664.35,SUCCESS,2026-02-11 14:47:02,1,1,1,2026-02
TXN0000016002,ACC0019131,310.37,SUCCESS,2026-04-19 21:33:35,1,1,1,2026-04
TXN0000016007,ACC0020260,34542.85,SUCCESS,2026-02-21 13:56:45,1,1,1,2026-02
TXN0000016017,ACC0000048,23679.85,SUCCESS,2026-07-10 19:18:24,1,1,1,2026-07
TXN0000016019,ACC0023761,134988.02,SUCCESS,2026-02-14 16:09:13,1,1,1,2026-02
TXN0000016021,ACC0026161,130492.06,SUCCESS,2026-02-01 09:48:51,1,1,1,2026-02
TXN0000016023,ACC0000120,149993.55,SUCCESS,2026-06-21 17:58:59,1,1,1,2026-06
TXN0000016036,ACC0004102,16933.11,SUCCESS,2026-02-01 15:35:03,1,1,1,2026-02
TXN0000016042,ACC0001362,13013.3,SUCCESS,2026-06-01 12:40:04,1,1,1,2026-06
TXN0000016046,ACC0018790,59245.61,SUCCESS,2026-05-26 02:29:10,1,1,1,2026-05
TXN0000016053,ACC0017016,49791.55,SUCCESS,2026-01-21 05:41:59,1,1,1,2026-01
TXN0000016056,ACC0015445,13741.97,SUCCESS,2026-06-02 19:12:04,1,1,1,2026-06
TXN0000016059,ACC0004794,71890.6,SUCCESS,2026-07-29 13:57:18,1,1,1,2026-07
TXN0000016079,ACC0017666,115802.33,SUCCESS,2026-07-04 11:23:17,1,1,1,2026-07
TXN0000016094,ACC0013426,34028.91,SUCCESS,2026-04-02 11:35:19,1,1,1,2026-04
TXN0000016106,ACC0006030,123597.38,SUCCESS,2026-08-08 03:08:13,1,2,1,2026-08
TXN0000016115,ACC0005963,63113.67,SUCCESS,2026-04-24 19:51:13,1,1,1,2026-04
TXN0000016118,ACC0021402,96817.93,SUCCESS,2026-07-26 20:10:24,1,1,1,2026-07
TXN0000016119,ACC0008569,59920.95,SUCCESS,2026-07-07 03:36:54,1,1,1,2026-07
TXN0000016124,ACC0018097,112572.18,SUCCESS,2026-07-26 00:59:42,1,1,1,2026-07
TXN0000016128,ACC0029545,121203.16,SUCCESS,2026-07-02 01:19:31,1,1,1,2026-07
TXN0000016132,ACC0000173,67667.96,SUCCESS,2026-01-22 10:01:42,1,1,1,2026-01
TXN0000016133,ACC0015679,88688.65,SUCCESS,2026-03-17 13:47:02,1,1,1,2026-03
TXN0000016137,ACC0002708,104779.93,SUCCESS,2026-08-05 13:50:54,1,1,1,2026-08
TXN0000016138,ACC0017675,145859.42,SUCCESS,2026-05-19 05:17:56,1,1,1,2026-05
TXN0000016146,ACC0007251,10113.11,SUCCESS,2026-03-04 06:54:02,1,1,1,2026-03
TXN0000016147,ACC0026460,30928.03,SUCCESS,2026-02-02 14:47:01,1,1,1,2026-02
TXN0000016158,ACC0016354,75125.06,SUCCESS,2026-06-08 19:09:21,1,1,1,2026-06
TXN0000016160,ACC0006192,35124.1,SUCCESS,2026-01-25 02:25:07,1,1,1,2026-01
TXN0000016170,ACC0008816,62647.09,SUCCESS,2026-04-16 02:25:53,1,1,1,2026-04
TXN0000016176,ACC0029086,139411.6,SUCCESS,2026-08-06 21:08:08,1,1,1,2026-08
TXN0000016182,ACC0000321,16036.88,SUCCESS,2026-05-23 12:27:32,1,1,1,2026-05
TXN0000016184,ACC0011553,4711.24,SUCCESS,2026-02-13 00:56:19,1,1,1,2026-02
TXN0000016185,ACC0014601,138038.35,SUCCESS,2026-05-07 01:17:26,1,1,1,2026-05
TXN0000016190,ACC0018783,49375.07,SUCCESS,2026-04-25 06:11:18,1,1,1,2026-04
TXN0000016195,ACC0025660,68144.84,SUCCESS,2026-04-24 05:01:20,1,1,1,2026-04
TXN0000016201,ACC0013145,145860.29,SUCCESS,2026-07-13 03:19:20,1,1,1,2026-07
TXN0000016206,ACC0000378,134121.51,SUCCESS,2026-05-15 04:31:37,1,1,1,2026-05
TXN0000016212,ACC0010380,70051.05,SUCCESS,2026-02-19 12:11:05,1,1,1,2026-02
TXN0000016225,ACC0029479,104511.08,SUCCESS,2026-07-28 12:22:32,1,1,1,2026-07
TXN0000016228,ACC0025032,137980.82,SUCCESS,2026-03-04 15:37:24,1,1,1,2026-03
TXN0000016229,ACC0028823,149218.04,SUCCESS,2026-05-02 13:31:49,1,1,1,2026-05
TXN0000016234,ACC0023412,117944.55,SUCCESS,2026-08-02 08:55:05,1,1,1,2026-08
TXN0000016237,ACC0022218,136994.17,SUCCESS,2026-07-03 03:22:08,1,1,1,2026-07
TXN0000016246,ACC0018592,73629.38,SUCCESS,2026-05-28 15:18:08,1,1,1,2026-05
TXN0000016254,ACC0029711,139652.3,SUCCESS,2026-01-25 15:29:48,1,1,1,2026-01
TXN0000016262,ACC0018642,21795.06,SUCCESS,2026-04-08 23:38:26,1,1,1,2026-04
TXN0000016264,ACC0006478,854.62,SUCCESS,2026-05-26 19:34:15,1,1,1,2026-05
TXN0000016266,ACC0023989,75427.95,SUCCESS,2026-03-02 09:56:46,1,1,1,2026-03
TXN0000016271,ACC0017429,66432.14,SUCCESS,2026-04-20 08:11:29,1,1,1,2026-04
TXN0000016276,ACC0009240,50435.21,SUCCESS,2026-07-23 19:04:22,1,1,1,2026-07
TXN0000016281,ACC0017321,131049.9,SUCCESS,2026-06-20 16:47:36,1,1,1,2026-06
TXN0000016282,ACC0016457,101822.48,SUCCESS,2026-07-13 11:55:29,1,1,1,2026-07
TXN0000016284,ACC0001985,87982.6,SUCCESS,2026-03-05 03:01:02,1,1,1,2026-03
TXN0000016288,ACC0012336,107208.11,SUCCESS,2026-02-11 20:13:21,1,1,1,2026-02
TXN0000016293,ACC0020343,135817.36,SUCCESS,2026-04-04 21:55:42,1,1,1,2026-04
TXN0000016297,ACC0012827,48195.47,SUCCESS,2026-02-14 20:58:04,1,1,1,2026-02
TXN0000016304,ACC0014591,46508.4,SUCCESS,2026-02-17 12:58:49,1,1,1,2026-02
TXN0000016307,ACC0012846,145406.07,SUCCESS,2026-04-30 05:49:07,1,1,1,2026-04
TXN0000016319,ACC0011716,58488.42,SUCCESS,2026-01-25 01:44:42,1,1,1,2026-01
TXN0000016320,ACC0013838,36637.62,SUCCESS,2026-03-26 04:49:44,1,1,1,2026-03
TXN0000016323,ACC0007920,94845.31,SUCCESS,2026-03-04 01:55:45,1,1,1,2026-03
TXN0000016326,ACC0014369,109003.52,SUCCESS,2026-01-08 04:31:49,1,1,1,2026-01
TXN0000016332,ACC0026691,117012.77,SUCCESS,2026-06-12 00:10:23,1,1,1,2026-06
TXN0000016335,ACC0015898,78391.32,SUCCESS,2026-04-17 20:30:04,1,1,1,2026-04
TXN0000016347,ACC0023216,33802.29,SUCCESS,2026-06-02 04:11:48,1,1,1,2026-06
TXN0000016350,ACC0004529,76205.58,SUCCESS,2026-03-02 22:13:55,1,1,1,2026-03
TXN0000016357,ACC0000365,111251.78,SUCCESS,2026-04-28 08:31:55,1,1,1,2026-04
TXN0000016367,ACC0024858,23513.04,SUCCESS,2026-07-13 15:46:42,1,1,1,2026-07
TXN0000016371,ACC0005126,100376.1,SUCCESS,2026-07-17 23:44:24,1,1,1,2026-07
TXN0000016383,ACC0010397,8083.82,SUCCESS,2026-02-20 23:24:43,1,1,1,2026-02
TXN0000016388,ACC0019781,116162.36,SUCCESS,2026-07-04 14:48:52,1,1,1,2026-07
TXN0000016389,ACC0001696,66748.55,SUCCESS,2026-07-15 06:30:48,1,1,1,2026-07
TXN0000016392,ACC0022921,146465.83,SUCCESS,2026-04-12 13:13:18,1,1,1,2026-04
TXN0000016396,ACC0015642,87158.08,SUCCESS,2026-07-13 12:04:05,1,1,1,2026-07
TXN0000016407,ACC0002441,61289.68,SUCCESS,2026-04-14 10:14:50,1,1,1,2026-04
TXN0000016419,ACC0019352,117930.03,SUCCESS,2026-07-25 13:25:30,1,1,1,2026-07
TXN0000016425,ACC0029033,17089.82,SUCCESS,2026-02-08 05:00:32,1,1,1,2026-02
TXN0000016436,ACC0018786,49256.47,SUCCESS,2026-06-18 15:15:18,1,1,1,2026-06
TXN0000016438,ACC0015198,66440.54,SUCCESS,2026-07-06 15:15:17,1,1,1,2026-07
TXN0000016439,ACC0026557,137079.51,SUCCESS,2026-06-21 05:10:06,1,1,1,2026-06
TXN0000016441,ACC0011834,76746.53,SUCCESS,2026-04-07 01:04:36,1,1,1,2026-04
TXN0000016442,ACC0019038,84864.49,SUCCESS,2026-06-06 15:33:16,1,1,1,2026-06
TXN0000016446,ACC0013708,79347.86,SUCCESS,2026-06-26 04:07:27,1,1,1,2026-06
TXN0000016457,ACC0014417,103776.95,SUCCESS,2026-06-17 12:12:36,1,1,1,2026-06
TXN0000016463,ACC0007695,113484.31,SUCCESS,2026-01-25 14:38:41,1,1,1,2026-01
TXN0000016471,ACC0023538,24894.2,SUCCESS,2026-01-17 07:24:16,1,1,1,2026-01
TXN0000016496,ACC0016217,131828.68,SUCCESS,2026-03-31 16:33:55,1,1,1,2026-03
TXN0000016500,ACC0010472,141467.53,SUCCESS,2026-07-08 04:14:40,1,1,1,2026-07
TXN0000016506,ACC0018681,33009.85,SUCCESS,2026-03-17 04:12:36,1,1,1,2026-03
TXN0000016511,ACC0028021,38612.29,SUCCESS,2026-04-07 18:38:29,1,1,1,2026-04
TXN0000016514,ACC0020969,59520.12,SUCCESS,2026-08-06 14:40:23,1,1,1,2026-08
TXN0000016515,ACC0013368,54056.27,SUCCESS,2026-02-17 01:58:53,1,1,1,2026-02
TXN0000016518,ACC0027483,60659.74,SUCCESS,2026-02-16 22:55:16,1,1,1,2026-02
TXN0000016521,ACC0027062,69816.29,SUCCESS,2026-07-23 21:11:34,1,1,1,2026-07
TXN0000016522,ACC0000107,92102.15,SUCCESS,2026-07-29 22:00:02,1,1,1,2026-07
TXN0000016536,ACC0012008,92156.48,SUCCESS,2026-05-04 01:07:02,1,1,1,2026-05
TXN0000016546,ACC0004947,108680.29,SUCCESS,2026-05-12 09:34:16,1,1,1,2026-05
TXN0000016547,ACC0003440,62768.48,SUCCESS,2026-06-02 23:04:55,1,1,1,2026-06
TXN0000016550,ACC0006047,124632.89,SUCCESS,2026-03-31 15:04:05,1,1,1,2026-03
TXN0000016556,ACC0004409,12861.75,SUCCESS,2026-04-08 03:58:46,1,1,1,2026-04
TXN0000016575,ACC0002749,113880.98,SUCCESS,2026-07-15 20:27:45,1,1,1,2026-07
TXN0000016594,ACC0018965,26056.74,SUCCESS,2026-07-19 09:55:05,1,1,1,2026-07
TXN0000016598,ACC0018329,74443.18,SUCCESS,2026-04-09 23:29:35,1,1,1,2026-04
TXN0000016599,ACC0013152,94534.53,SUCCESS,2026-01-01 14:01:55,1,1,1,2026-01
TXN0000016619,ACC0004729,48220.53,SUCCESS,2026-03-14 16:51:34,1,1,1,2026-03
TXN0000016620,ACC0001049,113127.37,SUCCESS,2026-04-30 23:43:13,1,1,1,2026-04
TXN0000016621,ACC0018332,94299.29,SUCCESS,2026-07-26 20:48:54,1,1,1,2026-07
TXN0000016622,ACC0006376,143120.28,SUCCESS,2026-06-25 16:55:49,1,1,1,2026-06
TXN0000016634,ACC0017951,80446.13,SUCCESS,2026-03-10 22:44:37,1,1,1,2026-03
TXN0000016640,ACC0013654,135102.14,SUCCESS,2026-04-11 13:58:53,1,1,1,2026-04
TXN0000016641,ACC0002392,82834.31,SUCCESS,2026-01-06 04:41:36,1,1,1,2026-01
TXN0000016644,ACC0025150,147479.28,SUCCESS,2026-07-13 04:08:27,1,2,1,2026-07
TXN0000016645,ACC0016851,48949.23,SUCCESS,2026-08-02 01:55:56,1,1,1,2026-08
TXN0000016649,ACC0006520,129345.44,SUCCESS,2026-06-14 06:02:02,1,1,1,2026-06
TXN0000016671,ACC0017172,148535.11,SUCCESS,2026-07-07 10:55:23,1,1,1,2026-07
TXN0000016673,ACC0002695,67566.1,SUCCESS,2026-01-16 02:28:10,1,1,1,2026-01
TXN0000016677,ACC0011732,11520.23,SUCCESS,2026-03-18 00:13:20,1,1,1,2026-03
TXN0000016681,ACC0020649,72153.57,SUCCESS,2026-02-15 03:16:16,1,1,1,2026-02
TXN0000016686,ACC0008840,35788.34,SUCCESS,2026-02-14 13:34:45,1,1,1,2026-02
TXN0000016688,ACC0014941,88519.07,SUCCESS,2026-05-13 21:24:11,1,1,1,2026-05
TXN0000016693,ACC0005314,57022.31,SUCCESS,2026-07-01 14:14:14,1,1,1,2026-07
TXN0000016696,ACC0024039,83970.34,SUCCESS,2026-02-21 08:44:38,1,1,1,2026-02
TXN0000016700,ACC0015363,106175.85,SUCCESS,2026-01-05 11:38:33,1,1,1,2026-01
TXN0000016704,ACC0014876,128689.16,SUCCESS,2026-02-19 18:52:56,1,1,1,2026-02
TXN0000016707,ACC0023297,34926.41,SUCCESS,2026-03-30 20:00:24,1,1,1,2026-03
TXN0000016709,ACC0023193,34635.07,SUCCESS,2026-02-07 23:29:50,1,1,1,2026-02
TXN0000016715,ACC0005622,93210.5,SUCCESS,2026-05-31 22:05:01,1,1,1,2026-05
TXN0000016718,ACC0019336,127804.92,SUCCESS,2026-07-10 08:56:29,1,1,1,2026-07
TXN0000016727,ACC0010883,115286.23,SUCCESS,2026-05-02 06:24:30,1,1,1,2026-05
TXN0000016731,ACC0022739,33122.8,SUCCESS,2026-05-19 18:10:13,1,1,1,2026-05
TXN0000016733,ACC0012930,139212.39,SUCCESS,2026-06-14 15:31:25,1,1,1,2026-06
TXN0000016735,ACC0026080,102616.42,SUCCESS,2026-04-17 11:05:11,1,1,1,2026-04
TXN0000016737,ACC0008065,136777.66,SUCCESS,2026-03-08 20:55:35,1,1,1,2026-03
TXN0000016742,ACC0027971,147652.16,SUCCESS,2026-04-16 08:05:55,1,1,1,2026-04
TXN0000016754,ACC0022673,127271.24,SUCCESS,2026-05-07 06:46:44,1,1,1,2026-05
TXN0000016755,ACC0004498,29925.61,SUCCESS,2026-03-16 00:27:55,1,1,1,2026-03
TXN0000016758,ACC0029593,52524.97,SUCCESS,2026-07-28 14:53:26,1,1,1,2026-07
TXN0000016760,ACC0029086,140336.51,SUCCESS,2026-05-22 09:05:09,1,1,1,2026-05
TXN0000016765,ACC0011554,90823.98,SUCCESS,2026-04-22 04:36:10,1,1,1,2026-04
TXN0000016777,ACC0007692,139933.35,SUCCESS,2026-03-08 12:31:43,1,1,1,2026-03
TXN0000016798,ACC0024281,95884.11,SUCCESS,2026-03-09 07:20:59,1,1,1,2026-03
TXN0000016799,ACC0013687,5573.13,SUCCESS,2026-01-18 11:36:53,1,1,1,2026-01
TXN0000016820,ACC0007973,38522.92,SUCCESS,2026-03-03 11:15:42,1,1,1,2026-03
TXN0000016822,ACC0015384,73024.75,SUCCESS,2026-01-29 23:44:32,1,1,1,2026-01
TXN0000016826,ACC0025801,45336.05,SUCCESS,2026-04-12 01:24:22,1,1,1,2026-04
TXN0000016830,ACC0013637,103423.23,SUCCESS,2026-06-20 15:30:37,1,1,1,2026-06
TXN0000016831,ACC0013964,14535.02,SUCCESS,2026-06-20 08:07:00,1,1,1,2026-06
TXN0000016834,ACC0020548,20202.77,SUCCESS,2026-03-17 06:25:37,1,1,1,2026-03
TXN0000016838,ACC0023457,58703.85,SUCCESS,2026-07-09 13:53:09,1,1,1,2026-07
TXN0000016845,ACC0023819,64451.99,SUCCESS,2026-06-29 16:39:58,1,1,1,2026-06
TXN0000016847,ACC0026054,41458.47,SUCCESS,2026-06-13 22:45:27,1,1,1,2026-06
TXN0000016852,ACC0000469,133345.72,SUCCESS,2026-02-11 20:22:36,1,1,1,2026-02
TXN0000016855,ACC0016626,112537.96,SUCCESS,2026-05-24 01:40:27,1,1,1,2026-05
TXN0000016857,ACC0024816,135162.1,SUCCESS,2026-03-19 10:24:09,1,1,1,2026-03
TXN0000016865,ACC0011294,132113.86,SUCCESS,2026-06-12 11:56:56,1,1,1,2026-06
TXN0000016867,ACC0015223,87363.23,SUCCESS,2026-05-25 04:56:04,1,1,1,2026-05
TXN0000016873,ACC0012937,133714.31,SUCCESS,2026-03-05 20:19:23,1,1,1,2026-03
TXN0000016880,ACC0011850,105434.6,SUCCESS,2026-06-24 02:34:59,1,1,1,2026-06
TXN0000016887,ACC0015330,104180.25,SUCCESS,2026-06-30 23:38:49,1,1,1,2026-06
TXN0000016890,ACC0011450,59322.74,SUCCESS,2026-01-25 12:05:05,1,1,1,2026-01
TXN0000016893,ACC0022746,121007.91,SUCCESS,2026-02-16 23:28:19,1,1,1,2026-02
TXN0000016904,ACC0006554,64678.66,SUCCESS,2026-05-10 12:45:11,1,1,1,2026-05
TXN0000016905,ACC0019329,45538.35,SUCCESS,2026-04-06 18:52:28,1,1,1,2026-04
TXN0000016917,ACC0022460,39598.62,SUCCESS,2026-02-11 00:09:20,1,1,1,2026-02
TXN0000016928,ACC0003103,131455.32,SUCCESS,2026-04-23 03:49:44,1,1,1,2026-04
TXN0000016935,ACC0001329,90949.85,SUCCESS,2026-03-27 03:06:39,1,1,1,2026-03
TXN0000016938,ACC0018127,30553.53,SUCCESS,2026-06-03 15:04:36,1,1,1,2026-06
TXN0000016940,ACC0006779,11230.58,SUCCESS,2026-07-20 00:56:40,1,1,1,2026-07
TXN0000016943,ACC0003471,103667.9,SUCCESS,2026-01-20 06:24:36,1,1,1,2026-01
TXN0000016944,ACC0008464,22858.91,SUCCESS,2026-04-07 12:23:34,1,1,1,2026-04
TXN0000016965,ACC0019750,7373.46,SUCCESS,2026-05-30 16:08:35,1,1,1,2026-05
TXN0000016972,ACC0021598,45874.53,SUCCESS,2026-01-24 05:32:38,1,1,1,2026-01
TXN0000016977,ACC0025895,145190.1,SUCCESS,2026-01-14 02:16:30,1,1,1,2026-01
TXN0000016982,ACC0012032,142190.15,SUCCESS,2026-03-26 03:21:36,1,1,1,2026-03
TXN0000016988,ACC0003856,34461.03,SUCCESS,2026-03-15 03:32:43,1,1,1,2026-03
TXN0000016995,ACC0010790,16826.49,SUCCESS,2026-03-08 12:06:14,1,1,1,2026-03
TXN0000016998,ACC0013706,90014.34,SUCCESS,2026-03-10 16:05:48,1,1,1,2026-03
TXN0000017005,ACC0027737,25618.53,SUCCESS,2026-04-12 18:04:16,1,1,1,2026-04
TXN0000017009,ACC0005952,3871.33,SUCCESS,2026-01-02 21:23:51,1,1,1,2026-01
TXN0000017013,ACC0009179,75243.51,SUCCESS,2026-07-15 04:44:44,1,1,1,2026-07
TXN0000017023,ACC0025867,134647.64,SUCCESS,2026-08-01 03:13:23,1,1,1,2026-08
TXN0000017025,ACC0002536,142833.99,SUCCESS,2026-06-17 01:15:38,1,1,1,2026-06
TXN0000017028,ACC0026548,139774.56,SUCCESS,2026-02-26 08:51:32,1,1,1,2026-02
TXN0000017044,ACC0028484,129451.91,SUCCESS,2026-01-16 13:59:42,1,1,1,2026-01
TXN0000017046,ACC0009734,29101.51,SUCCESS,2026-02-10 20:53:55,1,1,1,2026-02
TXN0000017052,ACC0021589,122948.5,SUCCESS,2026-07-21 16:49:53,1,1,1,2026-07
TXN0000017056,ACC0011602,41163.78,SUCCESS,2026-04-29 06:27:09,1,1,1,2026-04
TXN0000017067,ACC0027034,128799.87,SUCCESS,2026-08-06 03:44:34,1,1,1,2026-08
TXN0000017068,ACC0013515,19785.82,SUCCESS,2026-01-06 02:05:14,1,1,1,2026-01
TXN0000017087,ACC0024997,139174.2,SUCCESS,2026-05-17 07:07:49,1,1,1,2026-05
TXN0000017092,ACC0016182,133918.01,SUCCESS,2026-06-25 01:33:41,1,1,1,2026-06
TXN0000017099,ACC0005983,6066.95,SUCCESS,2026-02-24 16:13:37,1,1,1,2026-02
TXN0000017100,ACC0021918,142466.85,SUCCESS,2026-01-08 02:17:03,1,1,1,2026-01
TXN0000017103,ACC0019767,76364.73,SUCCESS,2026-04-17 06:28:15,1,1,1,2026-04
TXN0000017106,ACC0017774,59805.35,SUCCESS,2026-03-27 05:57:19,1,1,1,2026-03
TXN0000017117,ACC0002474,119662.78,SUCCESS,2026-07-01 01:39:13,1,1,1,2026-07
TXN0000017122,ACC0027091,4226.36,SUCCESS,2026-04-15 22:00:47,1,1,1,2026-04
TXN0000017130,ACC0011440,120030.2,SUCCESS,2026-03-11 18:51:28,1,1,1,2026-03
TXN0000017134,ACC0010685,100583.0,SUCCESS,2026-03-19 14:53:02,1,1,1,2026-03
TXN0000017156,ACC0010483,109066.08,SUCCESS,2026-07-19 23:28:57,1,1,1,2026-07
TXN0000017165,ACC0018617,88722.62,SUCCESS,2026-06-30 20:33:15,1,1,1,2026-06
TXN0000017172,ACC0004918,125724.91,SUCCESS,2026-01-05 02:36:38,1,1,1,2026-01
TXN0000017176,ACC0002951,139126.55,SUCCESS,2026-01-13 15:12:08,1,1,1,2026-01
TXN0000017185,ACC0026397,26350.37,SUCCESS,2026-04-07 08:48:29,1,1,1,2026-04
TXN0000017192,ACC0022420,104263.76,SUCCESS,2026-08-01 14:11:03,1,1,1,2026-08
TXN0000017201,ACC0028615,25509.99,SUCCESS,2026-05-07 00:11:45,1,1,1,2026-05
TXN0000017202,ACC0014220,125593.53,SUCCESS,2026-06-27 19:37:10,1,1,1,2026-06
TXN0000017207,ACC0023334,1930.85,SUCCESS,2026-01-28 11:02:07,1,1,1,2026-01
TXN0000017215,ACC0016932,99583.04,SUCCESS,2026-04-23 03:16:13,1,1,1,2026-04
TXN0000017225,ACC0025836,21849.23,SUCCESS,2026-05-02 16:41:59,1,1,1,2026-05
TXN0000017231,ACC0017623,69257.79,SUCCESS,2026-02-25 21:31:15,1,1,1,2026-02
TXN0000017255,ACC0011428,84730.44,SUCCESS,2026-07-18 19:31:46,1,1,1,2026-07
TXN0000017260,ACC0012551,105248.47,SUCCESS,2026-06-08 12:11:54,1,1,1,2026-06
TXN0000017262,ACC0016109,95836.21,SUCCESS,2026-05-21 19:56:26,1,1,1,2026-05
TXN0000017267,ACC0005913,115841.71,SUCCESS,2026-07-26 21:28:03,1,1,1,2026-07
TXN0000017275,ACC0000914,147612.69,SUCCESS,2026-03-25 08:27:38,1,1,1,2026-03
TXN0000017278,ACC0003063,63047.0,SUCCESS,2026-01-03 23:04:28,1,1,1,2026-01
TXN0000017285,ACC0019048,144384.62,SUCCESS,2026-01-20 02:31:29,1,1,1,2026-01
TXN0000017288,ACC0012756,63964.25,SUCCESS,2026-01-08 15:47:45,1,1,1,2026-01
TXN0000017290,ACC0014308,111888.74,SUCCESS,2026-07-22 06:38:36,1,1,1,2026-07
TXN0000017295,ACC0026947,87215.57,SUCCESS,2026-05-29 22:36:02,1,1,1,2026-05
TXN0000017301,ACC0017738,138961.98,SUCCESS,2026-03-16 03:30:32,1,1,1,2026-03
TXN0000017303,ACC0023153,121995.54,SUCCESS,2026-06-08 11:22:18,1,1,1,2026-06
TXN0000017317,ACC0028149,14850.18,SUCCESS,2026-08-07 17:55:39,1,1,1,2026-08
TXN0000017327,ACC0001060,54829.85,SUCCESS,2026-07-22 05:19:17,1,1,1,2026-07
TXN0000017333,ACC0017786,30528.42,SUCCESS,2026-05-25 06:38:27,1,1,1,2026-05
TXN0000017335,ACC0002957,58852.54,SUCCESS,2026-01-24 09:42:32,1,1,1,2026-01
TXN0000017355,ACC0024561,24555.48,SUCCESS,2026-03-10 02:19:31,1,2,1,2026-03
TXN0000017357,ACC0008483,9903.98,SUCCESS,2026-05-01 05:45:24,1,1,1,2026-05
TXN0000017360,ACC0014881,107185.67,SUCCESS,2026-07-23 09:22:39,1,1,1,2026-07
TXN0000017380,ACC0021411,39340.74,SUCCESS,2026-04-28 10:15:01,1,1,1,2026-04
TXN0000017383,ACC0004260,113477.0,SUCCESS,2026-01-11 20:24:31,1,1,1,2026-01
TXN0000017390,ACC0009254,121359.5,SUCCESS,2026-03-13 22:22:34,1,1,1,2026-03
TXN0000017397,ACC0016998,50789.54,SUCCESS,2026-04-19 22:55:52,1,1,1,2026-04
TXN0000017403,ACC0001453,82562.25,SUCCESS,2026-05-09 12:17:57,1,1,1,2026-05
TXN0000017407,ACC0004452,104202.65,SUCCESS,2026-04-02 07:04:08,1,1,1,2026-04
TXN0000017409,ACC0016428,29296.26,SUCCESS,2026-03-27 12:37:44,1,1,1,2026-03
TXN0000017419,ACC0017563,143203.41,SUCCESS,2026-03-12 09:01:02,1,1,1,2026-03
TXN0000017423,ACC0008626,140995.12,SUCCESS,2026-01-20 08:42:18,1,1,1,2026-01
TXN0000017428,ACC0003762,136244.69,SUCCESS,2026-04-08 05:08:50,1,1,1,2026-04
TXN0000017434,ACC0011734,64839.42,SUCCESS,2026-07-05 17:53:03,1,1,1,2026-07
TXN0000017435,ACC0029367,86974.78,SUCCESS,2026-02-04 05:28:55,1,1,1,2026-02
TXN0000017436,ACC0015659,38890.47,SUCCESS,2026-07-25 13:23:37,1,1,1,2026-07
TXN0000017437,ACC0013631,72836.84,SUCCESS,2026-06-11 14:09:10,1,1,1,2026-06
TXN0000017439,ACC0006807,80427.16,SUCCESS,2026-05-11 12:48:49,1,1,1,2026-05
TXN0000017457,ACC0017148,13029.08,SUCCESS,2026-03-03 03:20:16,1,1,1,2026-03
TXN0000017458,ACC0026775,115636.63,SUCCESS,2026-01-23 08:48:18,1,1,1,2026-01
TXN0000017463,ACC0008335,9217.98,SUCCESS,2026-03-15 21:51:04,1,1,1,2026-03
TXN0000017467,ACC0003873,46697.31,SUCCESS,2026-05-02 12:57:11,1,1,1,2026-05
TXN0000017484,ACC0025593,86829.06,SUCCESS,2026-04-30 21:01:17,1,1,1,2026-04
TXN0000017490,ACC0011693,31101.45,SUCCESS,2026-07-09 09:47:29,1,1,1,2026-07
TXN0000017493,ACC0013297,46864.34,SUCCESS,2026-08-03 07:51:38,1,1,1,2026-08
TXN0000017495,ACC0007959,49631.04,SUCCESS,2026-05-28 18:15:29,1,1,1,2026-05
TXN0000017496,ACC0008187,28008.71,SUCCESS,2026-07-09 05:08:49,1,1,1,2026-07
TXN0000017502,ACC0003626,43542.05,SUCCESS,2026-02-23 00:11:24,1,1,1,2026-02
TXN0000017505,ACC0026796,102523.61,SUCCESS,2026-01-03 10:44:00,1,1,1,2026-01
TXN0000017508,ACC0028677,39097.05,SUCCESS,2026-04-25 04:28:44,1,1,1,2026-04
TXN0000017509,ACC0006670,51486.32,SUCCESS,2026-07-02 09:05:01,1,1,1,2026-07
TXN0000017513,ACC0013944,73470.23,SUCCESS,2026-05-05 19:12:47,1,1,1,2026-05
TXN0000017515,ACC0008193,119410.74,SUCCESS,2026-01-13 17:32:20,1,1,1,2026-01
TXN0000017525,ACC0015023,18559.54,SUCCESS,2026-04-19 09:44:28,1,1,1,2026-04
TXN0000017527,ACC0018784,8557.32,SUCCESS,2026-05-08 00:39:41,1,1,1,2026-05
TXN0000017534,ACC0017712,145472.02,SUCCESS,2026-05-13 03:06:45,1,1,1,2026-05
TXN0000017541,ACC0019908,48386.2,SUCCESS,2026-01-17 10:03:59,1,1,1,2026-01
TXN0000017544,ACC0003509,132742.61,SUCCESS,2026-06-20 15:24:47,1,1,1,2026-06
TXN0000017546,ACC0003693,79606.33,SUCCESS,2026-07-21 23:19:11,1,1,1,2026-07
TXN0000017547,ACC0029403,136468.2,SUCCESS,2026-06-14 11:37:35,1,1,1,2026-06
TXN0000017552,ACC0011539,18525.31,SUCCESS,2026-05-09 12:57:07,1,1,1,2026-05
TXN0000017559,ACC0017528,107428.76,SUCCESS,2026-06-17 06:41:57,1,1,1,2026-06
TXN0000017575,ACC0021673,64368.88,SUCCESS,2026-07-09 11:21:42,1,1,1,2026-07
TXN0000017591,ACC0015076,15987.17,SUCCESS,2026-03-17 03:04:33,1,1,1,2026-03
TXN0000017598,ACC0006953,69711.44,SUCCESS,2026-04-11 04:08:59,1,1,1,2026-04
TXN0000017606,ACC0006116,119661.06,SUCCESS,2026-04-17 12:17:44,1,1,1,2026-04
TXN0000017607,ACC0006028,148007.27,SUCCESS,2026-05-26 23:11:51,1,1,1,2026-05
TXN0000017608,ACC0018324,43291.52,SUCCESS,2026-07-31 00:30:46,1,1,1,2026-07
TXN0000017609,ACC0008940,57521.18,SUCCESS,2026-01-22 08:47:05,1,1,1,2026-01
TXN0000017612,ACC0013871,7030.04,SUCCESS,2026-07-28 20:06:48,1,1,1,2026-07
TXN0000017617,ACC0023152,50868.45,SUCCESS,2026-04-26 16:02:13,1,1,1,2026-04
TXN0000017625,ACC0026037,38196.83,SUCCESS,2026-03-13 21:23:56,1,1,1,2026-03
TXN0000017631,ACC0001061,49115.25,SUCCESS,2026-04-09 22:20:27,1,1,1,2026-04
TXN0000017635,ACC0018474,61662.94,SUCCESS,2026-01-19 02:59:06,1,1,1,2026-01
TXN0000017642,ACC0023165,99652.54,SUCCESS,2026-06-12 12:53:56,1,1,1,2026-06
TXN0000017643,ACC0023124,48422.73,SUCCESS,2026-01-28 13:56:02,1,1,1,2026-01
TXN0000017659,ACC0004019,104422.17,SUCCESS,2026-04-10 15:45:15,1,1,1,2026-04
TXN0000017660,ACC0004151,3294.94,SUCCESS,2026-07-23 10:14:49,1,1,1,2026-07
TXN0000017669,ACC0007602,93977.92,SUCCESS,2026-05-08 08:16:04,1,1,1,2026-05
TXN0000017673,ACC0028192,12953.85,SUCCESS,2026-03-26 08:50:46,1,1,1,2026-03
TXN0000017678,ACC0002582,85223.36,SUCCESS,2026-03-17 12:34:55,1,1,1,2026-03
TXN0000017685,ACC0001703,8301.48,SUCCESS,2026-02-28 07:26:43,1,1,1,2026-02
TXN0000017689,ACC0011335,81922.53,SUCCESS,2026-05-16 21:24:41,1,1,1,2026-05
TXN0000017693,ACC0019740,12367.83,SUCCESS,2026-05-07 10:09:36,1,1,1,2026-05
TXN0000017699,ACC0003652,100636.12,SUCCESS,2026-01-13 14:09:38,1,1,1,2026-01
TXN0000017704,ACC0026463,123518.07,SUCCESS,2026-06-11 00:15:06,1,1,1,2026-06
TXN0000017709,ACC0018894,134207.55,SUCCESS,2026-04-19 12:01:18,1,1,1,2026-04
TXN0000017710,ACC0016350,45484.97,SUCCESS,2026-07-15 19:04:05,1,1,1,2026-07
TXN0000017714,ACC0021962,3792.0,SUCCESS,2026-06-16 01:12:30,1,1,1,2026-06
TXN0000017721,ACC0028523,85385.37,SUCCESS,2026-03-17 23:23:56,1,1,1,2026-03
TXN0000017733,ACC0000983,31433.0,SUCCESS,2026-05-11 21:14:27,1,1,1,2026-05
TXN0000017734,ACC0004202,68505.09,SUCCESS,2026-08-03 00:32:11,1,1,1,2026-08
TXN0000017735,ACC0026456,38264.03,SUCCESS,2026-07-20 00:05:02,1,1,1,2026-07
TXN0000017737,ACC0000874,45880.15,SUCCESS,2026-05-10 23:06:03,1,1,1,2026-05
TXN0000017743,ACC0024783,53594.8,SUCCESS,2026-02-13 04:20:54,1,1,1,2026-02
TXN0000017745,ACC0021559,25811.67,SUCCESS,2026-07-18 21:30:48,1,1,1,2026-07
TXN0000017762,ACC0011980,80274.38,SUCCESS,2026-06-11 17:20:46,1,1,1,2026-06
TXN0000017773,ACC0019544,122302.89,SUCCESS,2026-08-05 09:26:09,1,1,1,2026-08
TXN0000017776,ACC0017666,17629.65,SUCCESS,2026-01-14 21:52:26,1,1,1,2026-01
TXN0000017778,ACC0012614,121353.55,SUCCESS,2026-06-17 08:28:18,1,1,1,2026-06
TXN0000017786,ACC0013092,128404.12,SUCCESS,2026-01-31 06:41:26,1,1,1,2026-01
TXN0000017792,ACC0002679,31354.48,SUCCESS,2026-06-22 18:57:08,1,1,1,2026-06
TXN0000017798,ACC0022511,7686.06,SUCCESS,2026-04-04 22:06:31,1,1,1,2026-04
TXN0000017800,ACC0015268,59000.13,SUCCESS,2026-04-19 22:47:36,1,1,1,2026-04
TXN0000017804,ACC0003350,10173.88,SUCCESS,2026-07-04 00:27:43,1,1,1,2026-07
TXN0000017836,ACC0027486,34533.73,SUCCESS,2026-04-04 20:13:45,1,1,1,2026-04
TXN0000017844,ACC0017716,145227.95,SUCCESS,2026-03-18 12:20:32,1,1,1,2026-03
TXN0000017859,ACC0017969,70406.51,SUCCESS,2026-03-04 19:42:32,1,1,1,2026-03
TXN0000017867,ACC0013718,145917.4,SUCCESS,2026-02-06 21:50:10,1,1,1,2026-02
TXN0000017869,ACC0014184,40040.91,SUCCESS,2026-01-24 09:59:45,1,1,1,2026-01
TXN0000017870,ACC0000285,86417.16,SUCCESS,2026-03-31 00:42:57,1,1,1,2026-03
TXN0000017872,ACC0025022,147563.42,SUCCESS,2026-03-06 18:48:30,1,1,1,2026-03
TXN0000017875,ACC0025045,144406.49,SUCCESS,2026-01-17 10:07:03,1,1,1,2026-01
TXN0000017878,ACC0015131,117521.45,SUCCESS,2026-01-18 10:31:55,1,1,1,2026-01
TXN0000017890,ACC0027657,14704.05,SUCCESS,2026-05-28 11:32:50,1,1,1,2026-05
TXN0000017894,ACC0005053,47158.92,SUCCESS,2026-03-05 23:09:15,1,1,1,2026-03
TXN0000017896,ACC0000857,89787.63,SUCCESS,2026-07-20 05:39:14,1,1,1,2026-07
TXN0000017916,ACC0011252,25967.99,SUCCESS,2026-06-06 16:57:39,1,1,1,2026-06
TXN0000017919,ACC0019432,127022.11,SUCCESS,2026-05-14 06:15:43,1,1,1,2026-05
TXN0000017922,ACC0029358,108823.7,SUCCESS,2026-02-22 21:14:40,1,1,1,2026-02
TXN0000017924,ACC0003021,72140.31,SUCCESS,2026-03-23 18:49:10,1,2,1,2026-03
TXN0000017925,ACC0000849,75547.89,SUCCESS,2026-03-12 13:25:14,1,1,1,2026-03
TXN0000017928,ACC0028293,109029.59,SUCCESS,2026-03-28 13:38:58,1,1,1,2026-03
TXN0000017929,ACC0023477,100760.88,SUCCESS,2026-02-05 21:02:29,1,2,1,2026-02
TXN0000017933,ACC0018582,140681.82,SUCCESS,2026-03-16 01:39:57,1,1,1,2026-03
TXN0000017935,ACC0014652,146568.94,SUCCESS,2026-02-12 07:27:02,1,1,1,2026-02
TXN0000017941,ACC0029000,26606.5,SUCCESS,2026-01-19 13:10:56,1,1,1,2026-01
TXN0000017942,ACC0009710,5004.1,SUCCESS,2026-07-14 04:17:58,1,1,1,2026-07
TXN0000017951,ACC0010165,67932.21,SUCCESS,2026-01-05 22:26:47,1,1,1,2026-01
TXN0000017963,ACC0008670,75938.45,SUCCESS,2026-08-05 06:04:57,1,1,1,2026-08
TXN0000017966,ACC0002154,115133.02,SUCCESS,2026-01-14 06:22:46,1,1,1,2026-01
TXN0000017975,ACC0021262,129342.34,SUCCESS,2026-07-02 15:18:24,1,1,1,2026-07
TXN0000017986,ACC0015919,122404.43,SUCCESS,2026-04-24 19:51:17,1,1,1,2026-04
TXN0000017998,ACC0017689,45139.59,SUCCESS,2026-05-06 09:30:50,1,1,1,2026-05
TXN0000018004,ACC0005110,91734.03,SUCCESS,2026-04-08 06:10:25,1,1,1,2026-04
TXN0000018008,ACC0007652,64408.09,SUCCESS,2026-05-14 13:06:40,1,1,1,2026-05
TXN0000018010,ACC0001742,21216.21,SUCCESS,2026-07-13 00:05:48,1,1,1,2026-07
TXN0000018011,ACC0026001,19360.38,SUCCESS,2026-05-02 19:18:59,1,1,1,2026-05
TXN0000018017,ACC0029163,16304.43,SUCCESS,2026-04-09 14:58:20,1,1,1,2026-04
TXN0000018018,ACC0024769,130427.1,SUCCESS,2026-06-19 21:52:36,1,1,1,2026-06
TXN0000018024,ACC0025420,26067.84,SUCCESS,2026-03-15 02:37:15,1,1,1,2026-03
TXN0000018038,ACC0003422,38300.01,SUCCESS,2026-02-15 12:36:46,1,1,1,2026-02
TXN0000018039,ACC0025457,141558.58,SUCCESS,2026-02-12 20:31:13,1,1,1,2026-02
TXN0000018043,ACC0004542,30905.64,SUCCESS,2026-08-02 10:01:31,1,1,1,2026-08
TXN0000018046,ACC0008686,142622.93,SUCCESS,2026-02-25 11:30:47,1,1,1,2026-02
TXN0000018047,ACC0000419,96784.32,SUCCESS,2026-02-05 01:22:48,1,1,1,2026-02
TXN0000018048,ACC0022507,87111.43,SUCCESS,2026-06-01 06:44:34,1,1,1,2026-06
TXN0000018058,ACC0019556,28776.42,SUCCESS,2026-07-25 03:27:07,1,1,1,2026-07
TXN0000018062,ACC0009412,55542.74,SUCCESS,2026-01-10 07:09:44,1,1,1,2026-01
TXN0000018069,ACC0000516,54336.01,SUCCESS,2026-05-31 09:56:30,1,1,1,2026-05
TXN0000018076,ACC0020491,130244.13,SUCCESS,2026-02-11 08:05:53,1,1,1,2026-02
TXN0000018092,ACC0029607,885.04,SUCCESS,2026-06-27 00:41:52,1,1,1,2026-06
TXN0000018096,ACC0021185,99934.86,SUCCESS,2026-04-27 10:25:36,1,1,1,2026-04
TXN0000018098,ACC0011844,146188.03,SUCCESS,2026-01-28 10:06:42,1,1,1,2026-01
TXN0000018109,ACC0002014,109834.68,SUCCESS,2026-06-30 22:05:32,1,1,1,2026-06
TXN0000018115,ACC0009273,3752.42,SUCCESS,2026-05-09 09:19:13,1,1,1,2026-05
TXN0000018117,ACC0020188,146357.89,SUCCESS,2026-03-07 15:33:21,1,1,1,2026-03
TXN0000018119,ACC0024008,110949.5,SUCCESS,2026-05-27 05:54:56,1,1,1,2026-05
TXN0000018127,ACC0018206,74512.3,SUCCESS,2026-07-20 07:38:54,1,2,1,2026-07
TXN0000018131,ACC0014271,22053.33,SUCCESS,2026-07-26 19:19:42,1,1,1,2026-07
TXN0000018135,ACC0019671,132557.88,SUCCESS,2026-01-20 17:57:03,1,1,1,2026-01
TXN0000018142,ACC0012805,106968.03,SUCCESS,2026-07-31 20:04:20,1,1,1,2026-07
TXN0000018150,ACC0007638,58746.21,SUCCESS,2026-02-07 10:19:15,1,1,1,2026-02
TXN0000018159,ACC0003953,136048.9,SUCCESS,2026-06-01 22:13:35,1,1,1,2026-06
TXN0000018162,ACC0009205,146756.65,SUCCESS,2026-01-03 07:30:11,1,1,1,2026-01
TXN0000018173,ACC0018057,79225.78,SUCCESS,2026-05-13 12:34:35,1,1,1,2026-05
TXN0000018178,ACC0006846,9315.72,SUCCESS,2026-05-05 08:03:25,1,1,1,2026-05
TXN0000018190,ACC0022614,17536.59,SUCCESS,2026-07-18 19:32:18,1,1,1,2026-07
TXN0000018199,ACC0001144,85421.31,SUCCESS,2026-02-04 12:56:16,1,1,1,2026-02
TXN0000018207,ACC0006834,134596.17,SUCCESS,2026-01-23 04:32:43,1,1,1,2026-01
TXN0000018208,ACC0020990,13076.44,SUCCESS,2026-07-06 14:54:10,1,1,1,2026-07
TXN0000018209,ACC0021425,3282.69,SUCCESS,2026-08-07 15:31:01,1,1,1,2026-08
TXN0000018219,ACC0006885,110404.27,SUCCESS,2026-03-29 03:12:34,1,1,1,2026-03
TXN0000018226,ACC0014381,139327.37,SUCCESS,2026-07-28 09:04:11,1,1,1,2026-07
TXN0000018233,ACC0015011,144626.63,SUCCESS,2026-05-01 22:40:06,1,1,1,2026-05
TXN0000018234,ACC0022248,84939.97,SUCCESS,2026-06-14 21:53:32,1,1,1,2026-06
TXN0000018236,ACC0025951,59209.8,SUCCESS,2026-03-18 08:34:11,1,1,1,2026-03
TXN0000018237,ACC0004478,21718.38,SUCCESS,2026-05-25 00:41:29,1,1,1,2026-05
TXN0000018240,ACC0029636,139808.36,SUCCESS,2026-06-20 05:34:31,1,1,1,2026-06
TXN0000018242,ACC0003180,127017.72,SUCCESS,2026-06-01 01:22:14,1,1,1,2026-06
TXN0000018244,ACC0018924,101249.64,SUCCESS,2026-05-05 01:49:44,1,1,1,2026-05
TXN0000018254,ACC0000753,63423.32,SUCCESS,2026-08-03 16:47:08,1,1,1,2026-08
TXN0000018255,ACC0018409,134996.4,SUCCESS,2026-04-12 21:20:41,1,1,1,2026-04
TXN0000018271,ACC0027871,11351.95,SUCCESS,2026-03-05 15:46:59,1,1,1,2026-03
TXN0000018283,ACC0008326,96841.03,SUCCESS,2026-07-19 08:43:54,1,1,1,2026-07
TXN0000018294,ACC0022505,107230.73,SUCCESS,2026-02-07 18:24:33,1,1,1,2026-02
TXN0000018295,ACC0018982,71583.22,SUCCESS,2026-07-23 04:19:53,1,1,1,2026-07
TXN0000018297,ACC0029288,97747.52,SUCCESS,2026-03-08 16:48:23,1,1,1,2026-03
TXN0000018309,ACC0016271,118584.68,SUCCESS,2026-05-16 05:24:57,1,1,1,2026-05
TXN0000018318,ACC0002869,72368.13,SUCCESS,2026-05-14 05:37:01,1,1,1,2026-05
TXN0000018324,ACC0017672,103483.59,SUCCESS,2026-02-27 15:35:21,1,1,1,2026-02
TXN0000018331,ACC0026962,97776.43,SUCCESS,2026-07-28 13:55:25,1,1,1,2026-07
TXN0000018335,ACC0008790,125001.79,SUCCESS,2026-01-13 08:00:52,1,1,1,2026-01
TXN0000018344,ACC0006167,56437.56,SUCCESS,2026-06-04 07:41:11,1,1,1,2026-06
TXN0000018348,ACC0019712,148696.16,SUCCESS,2026-01-17 00:01:48,1,1,1,2026-01
TXN0000018359,ACC0023401,12663.92,SUCCESS,2026-08-02 10:20:36,1,1,1,2026-08
TXN0000018363,ACC0015202,35500.77,SUCCESS,2026-04-01 00:08:05,1,1,1,2026-04
TXN0000018366,ACC0006844,103839.39,SUCCESS,2026-05-31 14:19:35,1,1,1,2026-05
TXN0000018380,ACC0006151,69366.78,SUCCESS,2026-03-13 02:33:10,1,1,1,2026-03
TXN0000018387,ACC0009460,77501.89,SUCCESS,2026-05-19 03:34:12,1,1,1,2026-05
TXN0000018400,ACC0010908,68070.01,SUCCESS,2026-04-21 03:20:30,1,1,1,2026-04
TXN0000018409,ACC0022898,76985.75,SUCCESS,2026-04-02 03:21:17,1,1,1,2026-04
TXN0000018417,ACC0013990,5152.41,SUCCESS,2026-02-06 16:12:07,1,1,1,2026-02
TXN0000018422,ACC0021957,19290.1,SUCCESS,2026-01-07 09:07:01,1,1,1,2026-01
TXN0000018423,ACC0003519,8671.59,SUCCESS,2026-06-17 21:47:31,1,1,1,2026-06
TXN0000018424,ACC0019737,12897.49,SUCCESS,2026-04-04 07:05:35,1,1,1,2026-04
TXN0000018425,ACC0011162,31188.0,SUCCESS,2026-04-22 13:28:07,1,1,1,2026-04
TXN0000018426,ACC0028686,19429.41,SUCCESS,2026-02-19 06:59:04,1,1,1,2026-02
TXN0000018431,ACC0013187,19132.85,SUCCESS,2026-08-07 23:53:38,1,1,1,2026-08
TXN0000018432,ACC0012557,48577.87,SUCCESS,2026-05-13 23:12:23,1,1,1,2026-05
TXN0000018433,ACC0025194,113400.28,SUCCESS,2026-05-10 18:04:16,1,1,1,2026-05
TXN0000018440,ACC0003131,1217.52,SUCCESS,2026-02-13 23:02:10,1,1,1,2026-02
TXN0000018447,ACC0024540,39237.66,SUCCESS,2026-02-22 11:11:45,1,1,1,2026-02
TXN0000018452,ACC0009197,14175.71,SUCCESS,2026-01-19 20:41:47,1,1,1,2026-01
TXN0000018453,ACC0017919,8303.01,SUCCESS,2026-02-04 05:14:12,1,1,1,2026-02
TXN0000018455,ACC0001050,71977.73,SUCCESS,2026-07-14 09:26:42,1,1,1,2026-07
TXN0000018458,ACC0000171,63243.51,SUCCESS,2026-01-27 13:54:53,1,1,1,2026-01
TXN0000018463,ACC0028251,8618.82,SUCCESS,2026-03-29 06:10:38,1,1,1,2026-03
TXN0000018467,ACC0012785,37251.28,SUCCESS,2026-03-26 11:56:48,1,2,1,2026-03
TXN0000018474,ACC0001051,1783.49,SUCCESS,2026-05-28 09:00:49,1,1,1,2026-05
TXN0000018478,ACC0004991,27268.82,SUCCESS,2026-07-08 17:34:02,1,1,1,2026-07
TXN0000018479,ACC0001236,149097.8,SUCCESS,2026-04-06 03:52:18,1,1,1,2026-04
TXN0000018489,ACC0023859,101349.91,SUCCESS,2026-05-09 09:01:04,1,1,1,2026-05
TXN0000018490,ACC0016232,84278.89,SUCCESS,2026-05-08 01:14:26,1,1,1,2026-05
TXN0000018491,ACC0020837,13136.07,SUCCESS,2026-02-17 15:14:48,1,1,1,2026-02
TXN0000018506,ACC0011120,127680.86,SUCCESS,2026-02-25 05:40:00,1,1,1,2026-02
TXN0000018507,ACC0017067,148591.51,SUCCESS,2026-04-25 03:57:57,1,1,1,2026-04
TXN0000018508,ACC0006662,24994.05,SUCCESS,2026-08-02 04:40:35,1,1,1,2026-08
TXN0000018513,ACC0023954,93103.75,SUCCESS,2026-01-08 06:30:49,1,1,1,2026-01
TXN0000018514,ACC0020922,62528.07,SUCCESS,2026-07-09 17:31:01,1,1,1,2026-07
TXN0000018518,ACC0008139,125917.04,SUCCESS,2026-02-21 04:12:01,1,1,1,2026-02
TXN0000018525,ACC0014537,53528.43,SUCCESS,2026-07-12 20:14:40,1,1,1,2026-07
TXN0000018527,ACC0016609,82818.95,SUCCESS,2026-05-13 13:33:28,1,1,1,2026-05
TXN0000018529,ACC0011742,134985.13,SUCCESS,2026-02-18 12:19:23,1,1,1,2026-02
TXN0000018530,ACC0009810,148655.73,SUCCESS,2026-07-09 21:54:32,1,1,1,2026-07
TXN0000018532,ACC0007997,100739.14,SUCCESS,2026-04-02 08:03:25,1,1,1,2026-04
TXN0000018535,ACC0026390,69233.73,SUCCESS,2026-03-15 22:47:37,1,1,1,2026-03
TXN0000018539,ACC0024246,113739.33,SUCCESS,2026-02-26 15:07:02,1,1,1,2026-02
TXN0000018553,ACC0021874,2530.97,SUCCESS,2026-06-09 09:58:29,1,1,1,2026-06
TXN0000018554,ACC0023265,145672.41,SUCCESS,2026-07-01 17:17:24,1,1,1,2026-07
TXN0000018557,ACC0012826,7870.82,SUCCESS,2026-02-08 22:53:42,1,1,1,2026-02
TXN0000018560,ACC0017307,80493.21,SUCCESS,2026-05-08 00:58:44,1,1,1,2026-05
TXN0000018561,ACC0000793,78356.19,SUCCESS,2026-05-23 07:34:34,1,1,1,2026-05
TXN0000018565,ACC0008434,91677.64,SUCCESS,2026-04-03 18:05:58,1,1,1,2026-04
TXN0000018567,ACC0012611,33129.97,SUCCESS,2026-04-12 19:58:33,1,1,1,2026-04
TXN0000018568,ACC0007300,72862.24,SUCCESS,2026-02-05 17:15:51,1,1,1,2026-02
TXN0000018573,ACC0005138,108800.31,SUCCESS,2026-02-11 13:28:03,1,1,1,2026-02
TXN0000018576,ACC0014781,116528.23,SUCCESS,2026-08-08 03:18:36,1,2,1,2026-08
TXN0000018585,ACC0005753,21870.82,SUCCESS,2026-06-01 09:51:57,1,1,1,2026-06
TXN0000018592,ACC0001433,123513.0,SUCCESS,2026-04-07 18:35:13,1,1,1,2026-04
TXN0000018601,ACC0001464,107335.34,SUCCESS,2026-03-12 14:54:18,1,1,1,2026-03
TXN0000018606,ACC0012538,95564.09,SUCCESS,2026-03-11 04:12:51,1,1,1,2026-03
TXN0000018609,ACC0002017,123159.67,SUCCESS,2026-05-17 00:24:56,1,1,1,2026-05
TXN0000018613,ACC0007409,124277.77,SUCCESS,2026-03-01 13:24:32,1,1,1,2026-03
TXN0000018617,ACC0002087,72389.49,SUCCESS,2026-04-23 16:42:55,1,1,1,2026-04
TXN0000018621,ACC0019984,85817.52,SUCCESS,2026-03-18 15:06:45,1,1,1,2026-03
TXN0000018629,ACC0001089,9854.27,SUCCESS,2026-01-07 23:47:54,1,1,1,2026-01
TXN0000018630,ACC0002862,40217.02,SUCCESS,2026-01-13 10:49:45,1,1,1,2026-01
TXN0000018638,ACC0024709,20007.52,SUCCESS,2026-04-13 17:06:34,1,1,1,2026-04
TXN0000018639,ACC0017122,29681.09,SUCCESS,2026-06-30 13:59:03,1,2,1,2026-06
TXN0000018648,ACC0008788,94732.8,SUCCESS,2026-06-09 05:35:35,1,1,1,2026-06
TXN0000018651,ACC0004731,135131.11,SUCCESS,2026-07-08 17:16:13,1,1,1,2026-07
TXN0000018664,ACC0008256,77087.96,SUCCESS,2026-03-11 00:42:44,1,1,1,2026-03
TXN0000018673,ACC0015958,74095.73,SUCCESS,2026-01-07 20:51:09,1,1,1,2026-01
TXN0000018678,ACC0002396,77510.46,SUCCESS,2026-01-26 06:31:45,1,1,1,2026-01
TXN0000018680,ACC0006602,110770.78,SUCCESS,2026-06-29 19:17:13,1,1,1,2026-06
TXN0000018686,ACC0026461,115130.68,SUCCESS,2026-07-25 13:03:14,1,1,1,2026-07
TXN0000018689,ACC0024802,17819.96,SUCCESS,2026-05-24 14:52:19,1,1,1,2026-05
TXN0000018696,ACC0014729,68960.37,SUCCESS,2026-02-07 04:28:26,1,1,1,2026-02
TXN0000018697,ACC0008693,128591.08,SUCCESS,2026-02-03 10:19:55,1,1,1,2026-02
TXN0000018700,ACC0013085,100764.56,SUCCESS,2026-04-10 16:39:03,1,1,1,2026-04
TXN0000018704,ACC0014627,149282.56,SUCCESS,2026-01-27 21:31:23,1,1,1,2026-01
TXN0000018709,ACC0008129,144883.22,SUCCESS,2026-02-01 01:19:23,1,1,1,2026-02
TXN0000018713,ACC0017533,122841.55,SUCCESS,2026-02-11 18:32:19,1,1,1,2026-02
TXN0000018715,ACC0013056,125420.71,SUCCESS,2026-05-29 08:23:27,1,1,1,2026-05
TXN0000018738,ACC0019977,66221.95,SUCCESS,2026-01-25 22:18:26,1,1,1,2026-01
TXN0000018748,ACC0001639,96844.86,SUCCESS,2026-04-16 20:15:48,1,1,1,2026-04
TXN0000018754,ACC0002456,141750.79,SUCCESS,2026-02-07 01:01:54,1,1,1,2026-02
TXN0000018768,ACC0021693,53269.63,SUCCESS,2026-01-25 22:34:13,1,1,1,2026-01
TXN0000018770,ACC0001172,84225.33,SUCCESS,2026-03-03 19:32:25,1,1,1,2026-03
TXN0000018771,ACC0027849,95433.63,SUCCESS,2026-05-18 09:03:13,1,1,1,2026-05
TXN0000018772,ACC0015805,84527.46,SUCCESS,2026-03-14 08:23:29,1,1,1,2026-03
TXN0000018786,ACC0011476,145786.78,SUCCESS,2026-04-21 23:12:49,1,1,1,2026-04
TXN0000018787,ACC0016476,18004.73,SUCCESS,2026-04-16 02:23:53,1,1,1,2026-04
TXN0000018793,ACC0022453,71064.62,SUCCESS,2026-03-16 14:01:31,1,1,1,2026-03
TXN0000018796,ACC0029442,144668.27,SUCCESS,2026-02-25 08:40:14,1,1,1,2026-02
TXN0000018803,ACC0013271,64874.48,SUCCESS,2026-03-12 19:42:33,1,1,1,2026-03
TXN0000018804,ACC0014577,58809.84,SUCCESS,2026-01-15 22:03:48,1,1,1,2026-01
TXN0000018806,ACC0012810,133527.84,SUCCESS,2026-06-26 00:29:06,1,1,1,2026-06
TXN0000018811,ACC0000762,22877.32,SUCCESS,2026-05-29 12:11:22,1,1,1,2026-05
TXN0000018820,ACC0029146,132361.82,SUCCESS,2026-01-30 11:45:26,1,1,1,2026-01
TXN0000018821,ACC0005200,146110.68,SUCCESS,2026-06-08 11:17:47,1,1,1,2026-06
TXN0000018824,ACC0015615,149832.92,SUCCESS,2026-07-13 21:47:21,1,1,1,2026-07
TXN0000018844,ACC0002784,142779.86,SUCCESS,2026-02-01 08:26:41,1,1,1,2026-02
TXN0000018854,ACC0026893,110362.84,SUCCESS,2026-07-05 18:42:41,1,1,1,2026-07
TXN0000018856,ACC0014613,34935.14,SUCCESS,2026-03-05 12:27:03,1,1,1,2026-03
TXN0000018863,ACC0024136,37311.61,SUCCESS,2026-03-03 11:22:59,1,2,1,2026-03
TXN0000018866,ACC0022782,117459.6,SUCCESS,2026-03-14 01:40:04,1,1,1,2026-03
TXN0000018869,ACC0028645,139293.94,SUCCESS,2026-01-27 18:16:39,1,1,1,2026-01
TXN0000018874,ACC0010985,58636.86,SUCCESS,2026-03-02 11:18:57,1,1,1,2026-03
TXN0000018881,ACC0020961,135531.73,SUCCESS,2026-05-12 15:46:03,1,1,1,2026-05
TXN0000018884,ACC0000382,28340.06,SUCCESS,2026-01-28 18:31:32,1,1,1,2026-01
TXN0000018887,ACC0017328,138532.47,SUCCESS,2026-02-26 09:12:05,1,1,1,2026-02
TXN0000018893,ACC0025783,103697.09,SUCCESS,2026-01-22 13:26:21,1,1,1,2026-01
TXN0000018894,ACC0023376,67803.0,SUCCESS,2026-03-13 10:18:41,1,1,1,2026-03
TXN0000018902,ACC0007268,85410.73,SUCCESS,2026-04-30 18:30:47,1,1,1,2026-04
TXN0000018905,ACC0015523,127769.57,SUCCESS,2026-07-18 19:59:10,1,1,1,2026-07
TXN0000018915,ACC0014358,144184.3,SUCCESS,2026-06-18 04:47:13,1,1,1,2026-06
TXN0000018917,ACC0027316,50285.94,SUCCESS,2026-05-16 00:07:17,1,1,1,2026-05
TXN0000018939,ACC0000582,115364.05,SUCCESS,2026-02-18 10:52:36,1,1,1,2026-02
TXN0000018947,ACC0004014,10604.01,SUCCESS,2026-06-26 11:40:09,1,1,1,2026-06
TXN0000018948,ACC0028581,55863.94,SUCCESS,2026-01-31 01:05:23,1,1,1,2026-01
TXN0000018950,ACC0019357,136736.29,SUCCESS,2026-05-28 06:53:00,1,1,1,2026-05
TXN0000018957,ACC0010218,9547.38,SUCCESS,2026-06-20 20:05:50,1,1,1,2026-06
TXN0000018958,ACC0027115,144595.18,SUCCESS,2026-07-19 17:31:16,1,1,1,2026-07
TXN0000018961,ACC0004229,35724.12,SUCCESS,2026-03-05 19:13:34,1,1,1,2026-03
TXN0000018962,ACC0022915,57249.12,SUCCESS,2026-02-11 10:51:35,1,1,1,2026-02
TXN0000018964,ACC0000445,91564.2,SUCCESS,2026-03-02 20:37:20,1,1,1,2026-03
TXN0000018967,ACC0022069,122184.58,SUCCESS,2026-02-04 19:08:18,1,1,1,2026-02
TXN0000018969,ACC0013751,45990.8,SUCCESS,2026-02-03 00:14:09,1,1,1,2026-02
TXN0000018971,ACC0024787,9249.2,SUCCESS,2026-01-12 07:47:51,1,2,1,2026-01
TXN0000018979,ACC0025832,15731.23,SUCCESS,2026-03-23 16:23:37,1,1,1,2026-03
TXN0000018981,ACC0022171,5894.02,SUCCESS,2026-05-19 12:39:28,1,1,1,2026-05
TXN0000018988,ACC0024855,24534.27,SUCCESS,2026-02-02 00:05:09,1,1,1,2026-02
TXN0000018996,ACC0022578,45998.24,SUCCESS,2026-05-11 10:00:42,1,1,1,2026-05
TXN0000018999,ACC0003105,101244.15,SUCCESS,2026-04-12 19:24:59,1,1,1,2026-04
TXN0000019000,ACC0010150,122443.23,SUCCESS,2026-07-22 15:57:45,1,1,1,2026-07
TXN0000019005,ACC0000526,117953.5,SUCCESS,2026-06-22 03:48:49,1,1,1,2026-06
TXN0000019008,ACC0024515,110743.98,SUCCESS,2026-04-21 03:19:22,1,1,1,2026-04
TXN0000019014,ACC0020890,108143.39,SUCCESS,2026-02-04 00:26:14,1,1,1,2026-02
TXN0000019015,ACC0023200,53631.8,SUCCESS,2026-05-22 17:18:16,1,1,1,2026-05
TXN0000019017,ACC0025287,134747.95,SUCCESS,2026-01-06 03:22:55,1,1,1,2026-01
TXN0000019026,ACC0023663,115256.18,SUCCESS,2026-06-04 14:21:20,1,1,1,2026-06
TXN0000019031,ACC0015925,123242.78,SUCCESS,2026-08-06 13:51:24,1,1,1,2026-08
TXN0000019032,ACC0015330,103632.22,SUCCESS,2026-05-22 01:21:47,1,1,1,2026-05
TXN0000019034,ACC0025742,92816.95,SUCCESS,2026-05-26 08:32:59,1,1,1,2026-05
TXN0000019036,ACC0007561,25340.27,SUCCESS,2026-03-16 23:25:25,1,1,1,2026-03
TXN0000019038,ACC0015150,103810.38,SUCCESS,2026-04-01 06:24:25,1,1,1,2026-04
TXN0000019040,ACC0001441,88081.99,SUCCESS,2026-01-13 17:38:47,1,1,1,2026-01
TXN0000019042,ACC0024631,45568.84,SUCCESS,2026-08-02 00:09:02,1,1,1,2026-08
TXN0000019045,ACC0009394,129141.37,SUCCESS,2026-02-11 16:44:07,1,1,1,2026-02
TXN0000019048,ACC0013099,107032.17,SUCCESS,2026-06-16 20:47:53,1,1,1,2026-06
TXN0000019055,ACC0019554,48911.78,SUCCESS,2026-07-01 03:27:28,1,1,1,2026-07
TXN0000019063,ACC0006004,77377.17,SUCCESS,2026-01-12 00:38:43,1,1,1,2026-01
TXN0000019064,ACC0006821,102417.18,SUCCESS,2026-03-11 23:53:38,1,1,1,2026-03
TXN0000019069,ACC0027025,115522.16,SUCCESS,2026-07-08 21:29:19,1,1,1,2026-07
TXN0000019074,ACC0019429,127982.15,SUCCESS,2026-06-09 06:39:18,1,1,1,2026-06
TXN0000019079,ACC0009776,135939.33,SUCCESS,2026-05-02 06:12:47,1,1,1,2026-05
TXN0000019082,ACC0025178,105028.59,SUCCESS,2026-02-11 01:02:34,1,1,1,2026-02
TXN0000019097,ACC0009065,124474.13,SUCCESS,2026-06-19 14:01:27,1,1,1,2026-06
TXN0000019110,ACC0003626,63049.69,SUCCESS,2026-03-15 00:31:52,1,1,1,2026-03
TXN0000019116,ACC0012511,104738.12,SUCCESS,2026-03-17 14:54:25,1,1,1,2026-03
TXN0000019122,ACC0010977,120323.89,SUCCESS,2026-02-21 09:42:45,1,1,1,2026-02
TXN0000019145,ACC0021639,16670.27,SUCCESS,2026-06-25 02:48:14,1,1,1,2026-06
TXN0000019146,ACC0002095,39938.18,SUCCESS,2026-02-05 16:33:01,1,1,1,2026-02
TXN0000019147,ACC0004342,6068.34,SUCCESS,2026-01-25 01:19:09,1,1,1,2026-01
TXN0000019148,ACC0026167,143169.57,SUCCESS,2026-03-28 03:04:59,1,1,1,2026-03
TXN0000019169,ACC0009559,66459.51,SUCCESS,2026-03-31 04:53:29,1,1,1,2026-03
TXN0000019173,ACC0027282,139984.41,SUCCESS,2026-08-05 05:08:55,1,1,1,2026-08
TXN0000019187,ACC0019609,1003.24,SUCCESS,2026-02-21 17:34:01,1,1,1,2026-02
TXN0000019192,ACC0017265,22413.61,SUCCESS,2026-06-11 03:25:16,1,1,1,2026-06
TXN0000019193,ACC0027151,7067.62,SUCCESS,2026-01-04 10:44:31,1,1,1,2026-01
TXN0000019204,ACC0005712,95211.83,SUCCESS,2026-01-19 19:53:23,1,1,1,2026-01
TXN0000019212,ACC0000971,77453.18,SUCCESS,2026-03-04 14:22:37,1,1,1,2026-03
TXN0000019217,ACC0004419,95554.18,SUCCESS,2026-06-01 17:36:05,1,1,1,2026-06
TXN0000019221,ACC0029418,118524.94,SUCCESS,2026-04-30 15:32:33,1,1,1,2026-04
TXN0000019224,ACC0014094,19714.05,SUCCESS,2026-06-13 10:33:36,1,1,1,2026-06
TXN0000019242,ACC0004195,134566.75,SUCCESS,2026-08-07 00:58:45,1,1,1,2026-08
TXN0000019244,ACC0027321,44706.07,SUCCESS,2026-07-22 17:54:44,1,1,1,2026-07
TXN0000019245,ACC0003147,31980.11,SUCCESS,2026-04-09 01:51:02,1,1,1,2026-04
TXN0000019246,ACC0020375,132554.81,SUCCESS,2026-06-05 08:19:04,1,1,1,2026-06
TXN0000019247,ACC0008293,62493.75,SUCCESS,2026-07-27 12:45:55,1,1,1,2026-07
TXN0000019251,ACC0027488,69321.71,SUCCESS,2026-03-27 16:38:31,1,1,1,2026-03
TXN0000019253,ACC0009724,97038.69,SUCCESS,2026-03-09 06:19:41,1,1,1,2026-03
TXN0000019257,ACC0028652,102789.29,SUCCESS,2026-07-07 17:45:00,1,1,1,2026-07
TXN0000019264,ACC0015946,116670.18,SUCCESS,2026-02-05 19:47:54,1,1,1,2026-02
TXN0000019267,ACC0015670,32381.06,SUCCESS,2026-01-26 15:08:24,1,1,1,2026-01
TXN0000019268,ACC0007110,120319.66,SUCCESS,2026-02-07 01:13:45,1,1,1,2026-02
TXN0000019269,ACC0020237,115963.08,SUCCESS,2026-01-02 18:07:36,1,1,1,2026-01
TXN0000019272,ACC0015572,9281.85,SUCCESS,2026-01-03 00:31:39,1,1,1,2026-01
TXN0000019279,ACC0003894,28907.15,SUCCESS,2026-06-02 20:29:18,1,1,1,2026-06
TXN0000019284,ACC0019684,94010.75,SUCCESS,2026-06-17 23:19:21,1,1,1,2026-06
TXN0000019285,ACC0005078,136661.03,SUCCESS,2026-04-19 23:22:35,1,1,1,2026-04
TXN0000019287,ACC0014386,143247.03,SUCCESS,2026-01-28 14:50:11,1,1,1,2026-01
TXN0000019288,ACC0022533,103752.88,SUCCESS,2026-03-20 01:31:20,1,1,1,2026-03
TXN0000019289,ACC0022794,12780.45,SUCCESS,2026-03-25 11:24:34,1,1,1,2026-03
TXN0000019304,ACC0011601,94795.26,SUCCESS,2026-06-12 10:16:37,1,1,1,2026-06
TXN0000019309,ACC0000590,6425.95,SUCCESS,2026-01-02 09:19:00,1,1,1,2026-01
TXN0000019316,ACC0001306,44324.35,SUCCESS,2026-04-26 21:28:49,1,1,1,2026-04
TXN0000019319,ACC0018329,24701.7,SUCCESS,2026-02-14 05:33:58,1,1,1,2026-02
TXN0000019329,ACC0026486,103013.85,SUCCESS,2026-06-29 07:41:46,1,1,1,2026-06
TXN0000019333,ACC0025972,147680.07,SUCCESS,2026-07-02 06:35:00,1,1,1,2026-07
TXN0000019343,ACC0005494,44609.9,SUCCESS,2026-02-13 11:44:52,1,1,1,2026-02
TXN0000019347,ACC0006614,87656.66,SUCCESS,2026-02-20 13:42:06,1,1,1,2026-02
TXN0000019351,ACC0013390,185.61,SUCCESS,2026-02-25 20:38:53,1,1,1,2026-02
TXN0000019354,ACC0020191,88981.36,SUCCESS,2026-05-27 16:28:19,1,1,1,2026-05
TXN0000019368,ACC0001359,147353.16,SUCCESS,2026-07-29 00:16:42,1,1,1,2026-07
TXN0000019369,ACC0025087,90586.84,SUCCESS,2026-03-13 06:12:56,1,1,1,2026-03
TXN0000019373,ACC0006813,1000.82,SUCCESS,2026-06-17 22:32:56,1,1,1,2026-06
TXN0000019381,ACC0028771,48907.56,SUCCESS,2026-08-08 22:39:35,1,1,1,2026-08
TXN0000019382,ACC0015391,1387.25,SUCCESS,2026-07-04 17:22:29,1,1,1,2026-07
TXN0000019386,ACC0011474,99641.38,SUCCESS,2026-05-15 05:04:59,1,1,1,2026-05
TXN0000019388,ACC0024516,146216.33,SUCCESS,2026-01-17 20:22:50,1,1,1,2026-01
TXN0000019390,ACC0024347,31208.22,SUCCESS,2026-08-01 17:21:42,1,1,1,2026-08
TXN0000019398,ACC0018831,32615.67,SUCCESS,2026-05-26 21:04:10,1,1,1,2026-05
TXN0000019407,ACC0003738,12334.49,SUCCESS,2026-03-29 01:24:54,1,1,1,2026-03
TXN0000019411,ACC0020295,79254.16,SUCCESS,2026-03-05 20:14:01,1,1,1,2026-03
TXN0000019419,ACC0023348,6991.68,SUCCESS,2026-05-07 11:37:51,1,1,1,2026-05
TXN0000019421,ACC0002884,142420.88,SUCCESS,2026-06-06 23:27:03,1,1,1,2026-06
TXN0000019430,ACC0019013,108941.32,SUCCESS,2026-01-31 21:22:39,1,1,1,2026-01
TXN0000019432,ACC0013301,60498.25,SUCCESS,2026-07-12 17:38:05,1,1,1,2026-07
TXN0000019434,ACC0006110,40275.71,SUCCESS,2026-02-12 13:29:36,1,1,1,2026-02
TXN0000019435,ACC0026856,49862.83,SUCCESS,2026-06-18 23:27:01,1,1,1,2026-06
TXN0000019450,ACC0020552,84435.98,SUCCESS,2026-05-01 21:20:31,1,1,1,2026-05
TXN0000019451,ACC0026838,42457.08,SUCCESS,2026-07-03 18:27:01,1,1,1,2026-07
TXN0000019455,ACC0026465,95276.84,SUCCESS,2026-03-12 02:22:49,1,1,1,2026-03
TXN0000019459,ACC0021093,7889.76,SUCCESS,2026-05-07 20:21:36,1,1,1,2026-05
TXN0000019463,ACC0010101,3411.43,SUCCESS,2026-03-25 16:43:37,1,1,1,2026-03
TXN0000019471,ACC0002334,128400.96,SUCCESS,2026-05-20 23:42:29,1,1,1,2026-05
TXN0000019475,ACC0004681,139812.19,SUCCESS,2026-08-01 17:15:57,1,1,1,2026-08
TXN0000019481,ACC0025138,135318.45,SUCCESS,2026-05-31 11:33:47,1,2,1,2026-05
TXN0000019483,ACC0027392,76760.01,SUCCESS,2026-07-30 18:33:17,1,1,1,2026-07
TXN0000019489,ACC0020481,41291.14,SUCCESS,2026-07-12 16:56:36,1,1,1,2026-07
TXN0000019492,ACC0008183,120161.89,SUCCESS,2026-07-13 11:27:27,1,1,1,2026-07
TXN0000019512,ACC0007396,109081.86,SUCCESS,2026-06-24 02:03:29,1,1,1,2026-06
TXN0000019537,ACC0023978,143488.79,SUCCESS,2026-04-01 17:11:52,1,1,1,2026-04
TXN0000019540,ACC0026701,89777.01,SUCCESS,2026-06-29 16:03:55,1,1,1,2026-06
TXN0000019542,ACC0019018,16220.79,SUCCESS,2026-01-09 13:23:39,1,1,1,2026-01
TXN0000019549,ACC0015436,71312.8,SUCCESS,2026-05-02 11:41:40,1,1,1,2026-05
TXN0000019551,ACC0006792,46614.49,SUCCESS,2026-04-15 05:33:35,1,1,1,2026-04
TXN0000019558,ACC0024236,116003.34,SUCCESS,2026-03-13 12:36:46,1,1,1,2026-03
TXN0000019570,ACC0025441,77980.17,SUCCESS,2026-04-14 15:55:06,1,1,1,2026-04
TXN0000019572,ACC0027426,93358.85,SUCCESS,2026-04-05 10:52:57,1,1,1,2026-04
TXN0000019573,ACC0009129,27902.01,SUCCESS,2026-07-02 14:46:30,1,1,1,2026-07
TXN0000019596,ACC0015377,31963.33,SUCCESS,2026-05-11 22:32:33,1,1,1,2026-05
TXN0000019601,ACC0011734,101276.18,SUCCESS,2026-06-28 23:37:04,1,1,1,2026-06
TXN0000019606,ACC0006544,81052.91,SUCCESS,2026-07-10 11:51:45,1,1,1,2026-07
TXN0000019607,ACC0003481,11929.14,SUCCESS,2026-04-16 12:13:52,1,1,1,2026-04
TXN0000019622,ACC0009254,25439.27,SUCCESS,2026-04-02 01:30:10,1,1,1,2026-04
TXN0000019625,ACC0010843,3822.11,SUCCESS,2026-03-17 04:44:25,1,1,1,2026-03
TXN0000019628,ACC0010258,26539.86,SUCCESS,2026-01-16 07:45:54,1,1,1,2026-01
TXN0000019629,ACC0023695,136829.44,SUCCESS,2026-01-01 06:12:13,1,1,1,2026-01
TXN0000019630,ACC0025177,30482.11,SUCCESS,2026-07-06 20:48:59,1,1,1,2026-07
TXN0000019653,ACC0022917,32723.19,SUCCESS,2026-01-01 11:05:56,1,1,1,2026-01
TXN0000019655,ACC0009894,83349.99,SUCCESS,2026-01-13 14:58:53,1,1,1,2026-01
TXN0000019661,ACC0013326,132921.05,SUCCESS,2026-03-30 11:34:01,1,1,1,2026-03
TXN0000019664,ACC0003461,120864.07,SUCCESS,2026-07-16 05:21:06,1,1,1,2026-07
TXN0000019681,ACC0004636,67839.71,SUCCESS,2026-03-21 17:04:09,1,1,1,2026-03
TXN0000019684,ACC0007678,125035.73,SUCCESS,2026-06-05 09:56:15,1,1,1,2026-06
TXN0000019687,ACC0008867,18015.01,SUCCESS,2026-06-09 17:27:05,1,1,1,2026-06
TXN0000019688,ACC0021943,78100.41,SUCCESS,2026-06-21 10:03:56,1,1,1,2026-06
TXN0000019697,ACC0013241,137657.73,SUCCESS,2026-07-22 02:34:00,1,1,1,2026-07
TXN0000019704,ACC0005874,35200.43,SUCCESS,2026-04-02 16:46:38,1,1,1,2026-04
TXN0000019716,ACC0007585,134566.63,SUCCESS,2026-04-05 10:30:01,1,1,1,2026-04
TXN0000019720,ACC0004476,94916.34,SUCCESS,2026-05-19 23:14:46,1,1,1,2026-05
TXN0000019726,ACC0004967,145735.0,SUCCESS,2026-02-08 14:54:58,1,2,1,2026-02
TXN0000019729,ACC0027453,37703.8,SUCCESS,2026-06-29 04:29:15,1,1,1,2026-06
TXN0000019730,ACC0003469,122953.85,SUCCESS,2026-01-23 16:17:47,1,1,1,2026-01
TXN0000019736,ACC0001686,7848.31,SUCCESS,2026-06-27 11:24:28,1,1,1,2026-06
TXN0000019737,ACC0004346,125766.11,SUCCESS,2026-06-17 17:23:13,1,1,1,2026-06
TXN0000019738,ACC0018548,104032.44,SUCCESS,2026-07-05 05:46:37,1,1,1,2026-07
TXN0000019739,ACC0016363,133740.08,SUCCESS,2026-01-11 04:16:35,1,1,1,2026-01
TXN0000019740,ACC0025452,47515.82,SUCCESS,2026-01-09 19:19:32,1,1,1,2026-01
TXN0000019743,ACC0015532,131216.5,SUCCESS,2026-06-01 07:03:19,1,1,1,2026-06
TXN0000019745,ACC0028433,75471.99,SUCCESS,2026-02-17 15:06:58,1,1,1,2026-02
TXN0000019746,ACC0022098,40544.53,SUCCESS,2026-03-13 00:32:22,1,1,1,2026-03
TXN0000019748,ACC0008754,35037.57,SUCCESS,2026-01-20 11:17:38,1,1,1,2026-01
TXN0000019750,ACC0013686,24265.72,SUCCESS,2026-06-06 08:27:14,1,1,1,2026-06
TXN0000019755,ACC0009892,26107.31,SUCCESS,2026-05-06 12:20:28,1,1,1,2026-05
TXN0000019766,ACC0028835,81544.17,SUCCESS,2026-01-23 19:10:01,1,1,1,2026-01
TXN0000019767,ACC0029379,142665.53,SUCCESS,2026-05-24 22:27:16,1,1,1,2026-05
TXN0000019777,ACC0021794,109328.84,SUCCESS,2026-03-03 07:32:24,1,1,1,2026-03
TXN0000019782,ACC0022276,30759.82,SUCCESS,2026-05-01 15:50:10,1,1,1,2026-05
TXN0000019793,ACC0008202,42419.12,SUCCESS,2026-07-02 07:35:46,1,1,1,2026-07
TXN0000019797,ACC0016027,149746.43,SUCCESS,2026-02-28 23:24:16,1,1,1,2026-02
TXN0000019798,ACC0007624,66936.32,SUCCESS,2026-04-06 04:27:08,1,1,1,2026-04
TXN0000019805,ACC0009872,146211.45,SUCCESS,2026-07-24 06:31:28,1,1,1,2026-07
TXN0000019807,ACC0004201,56581.47,SUCCESS,2026-04-05 11:47:05,1,1,1,2026-04
TXN0000019814,ACC0021094,46834.03,SUCCESS,2026-06-26 22:06:04,1,1,1,2026-06
TXN0000019817,ACC0006586,118610.72,SUCCESS,2026-03-14 13:10:42,1,1,1,2026-03
TXN0000019827,ACC0021752,132048.46,SUCCESS,2026-08-05 09:16:14,1,1,1,2026-08
TXN0000019835,ACC0010681,7628.68,SUCCESS,2026-07-09 07:45:09,1,1,1,2026-07
TXN0000019837,ACC0004260,15043.02,SUCCESS,2026-02-03 22:49:37,1,1,1,2026-02
TXN0000019839,ACC0028954,31455.46,SUCCESS,2026-01-31 03:40:40,1,1,1,2026-01
TXN0000019844,ACC0020960,39547.43,SUCCESS,2026-03-20 06:53:27,1,1,1,2026-03
TXN0000019851,ACC0025196,144834.67,SUCCESS,2026-03-14 16:48:48,1,1,1,2026-03
TXN0000019852,ACC0020992,37767.8,SUCCESS,2026-06-21 10:02:27,1,1,1,2026-06
TXN0000019855,ACC0014770,42041.95,SUCCESS,2026-01-20 19:33:22,1,1,1,2026-01
TXN0000019859,ACC0029292,24684.26,SUCCESS,2026-04-18 05:29:09,1,1,1,2026-04
TXN0000019861,ACC0015620,5745.94,SUCCESS,2026-06-29 14:09:48,1,1,1,2026-06
TXN0000019865,ACC0010236,83466.16,SUCCESS,2026-03-24 23:52:22,1,1,1,2026-03
TXN0000019873,ACC0004057,70287.44,SUCCESS,2026-06-23 00:31:51,1,1,1,2026-06
TXN0000019879,ACC0000391,107223.26,SUCCESS,2026-02-08 19:36:09,1,1,1,2026-02
TXN0000019884,ACC0019013,141293.7,SUCCESS,2026-07-14 17:56:11,1,1,1,2026-07
TXN0000019898,ACC0004326,80838.61,SUCCESS,2026-07-29 21:43:23,1,1,1,2026-07
TXN0000019902,ACC0022243,148108.96,SUCCESS,2026-04-27 00:58:31,1,1,1,2026-04
TXN0000019904,ACC0009029,102704.28,SUCCESS,2026-01-05 18:52:32,1,1,1,2026-01
TXN0000019906,ACC0008198,34285.31,SUCCESS,2026-07-22 11:35:30,1,1,1,2026-07
TXN0000019908,ACC0009766,120822.53,SUCCESS,2026-02-08 06:06:33,1,1,1,2026-02
TXN0000019923,ACC0014679,91033.49,SUCCESS,2026-02-01 23:19:16,1,1,1,2026-02
TXN0000019936,ACC0004374,144387.66,SUCCESS,2026-07-24 23:11:39,1,1,1,2026-07
TXN0000019939,ACC0023071,24640.35,SUCCESS,2026-05-30 03:44:38,1,1,1,2026-05
TXN0000019951,ACC0013780,102160.38,SUCCESS,2026-05-19 21:43:03,1,1,1,2026-05
TXN0000019956,ACC0023405,116091.13,SUCCESS,2026-07-29 11:35:53,1,1,1,2026-07
TXN0000019959,ACC0001576,140198.08,SUCCESS,2026-05-19 23:45:16,1,1,1,2026-05
TXN0000019962,ACC0016239,25019.98,SUCCESS,2026-04-05 10:22:24,1,1,1,2026-04
TXN0000019969,ACC0029009,115520.56,SUCCESS,2026-06-23 08:54:17,1,2,1,2026-06
TXN0000019974,ACC0021226,142799.97,SUCCESS,2026-01-21 07:52:22,1,1,1,2026-01
TXN0000019980,ACC0006392,83168.71,SUCCESS,2026-05-03 03:45:33,1,1,1,2026-05
TXN0000019988,ACC0011478,131892.92,SUCCESS,2026-04-30 01:14:46,1,1,1,2026-04
TXN0000019992,ACC0011121,71593.92,SUCCESS,2026-03-02 00:01:40,1,1,1,2026-03
TXN0000020002,ACC0012712,79503.45,SUCCESS,2026-02-21 16:09:52,1,1,1,2026-02
TXN0000020003,ACC0029084,72140.4,SUCCESS,2026-07-04 17:36:39,1,1,1,2026-07
TXN0000020006,ACC0016545,55955.25,SUCCESS,2026-05-16 01:30:14,1,1,1,2026-05
TXN0000020008,ACC0012322,55794.53,SUCCESS,2026-07-12 20:18:52,1,1,1,2026-07
TXN0000020010,ACC0004059,34554.03,SUCCESS,2026-07-29 03:14:48,1,1,1,2026-07
TXN0000020012,ACC0019395,60679.43,SUCCESS,2026-03-25 16:53:03,1,1,1,2026-03
TXN0000020017,ACC0022034,90827.16,SUCCESS,2026-03-04 04:51:03,1,1,1,2026-03
TXN0000020029,ACC0022633,143421.46,SUCCESS,2026-02-14 08:41:51,1,1,1,2026-02
TXN0000020036,ACC0027948,11429.98,SUCCESS,2026-02-15 19:34:01,1,1,1,2026-02
TXN0000020048,ACC0011966,68046.31,SUCCESS,2026-04-10 02:00:22,1,1,1,2026-04
TXN0000020049,ACC0022447,56466.39,SUCCESS,2026-07-24 23:39:57,1,1,1,2026-07
TXN0000020059,ACC0020807,111731.75,SUCCESS,2026-04-18 05:22:03,1,1,1,2026-04
TXN0000020062,ACC0028125,122345.4,SUCCESS,2026-02-15 16:35:59,1,1,1,2026-02
TXN0000020075,ACC0020829,97905.53,SUCCESS,2026-06-27 00:38:56,1,1,1,2026-06
TXN0000020082,ACC0023963,33552.42,SUCCESS,2026-02-20 17:03:46,1,1,1,2026-02
TXN0000020096,ACC0019294,88445.62,SUCCESS,2026-06-28 17:43:04,1,1,1,2026-06
TXN0000020098,ACC0020068,146523.46,SUCCESS,2026-03-03 03:35:18,1,1,1,2026-03
TXN0000020111,ACC0028813,90737.76,SUCCESS,2026-06-01 19:20:32,1,1,1,2026-06
TXN0000020115,ACC0019702,89158.21,SUCCESS,2026-04-22 17:51:19,1,1,1,2026-04
TXN0000020125,ACC0029791,45532.61,SUCCESS,2026-04-02 13:37:33,1,1,1,2026-04
TXN0000020126,ACC0021893,19406.39,SUCCESS,2026-06-05 22:28:54,1,1,1,2026-06
TXN0000020128,ACC0018010,107532.5,SUCCESS,2026-05-16 23:37:27,1,1,1,2026-05
TXN0000020129,ACC0009577,17621.96,SUCCESS,2026-01-04 00:26:20,1,1,1,2026-01
TXN0000020135,ACC0014032,101993.01,SUCCESS,2026-02-27 06:37:20,1,1,1,2026-02
TXN0000020139,ACC0005017,93298.59,SUCCESS,2026-06-16 23:39:35,1,1,1,2026-06
TXN0000020145,ACC0029214,132573.23,SUCCESS,2026-01-25 02:25:54,1,1,1,2026-01
TXN0000020153,ACC0029356,12327.6,SUCCESS,2026-07-25 19:34:54,1,1,1,2026-07
TXN0000020159,ACC0022791,47278.0,SUCCESS,2026-01-05 05:55:36,1,1,1,2026-01
TXN0000020160,ACC0026494,22938.27,SUCCESS,2026-05-15 23:50:13,1,1,1,2026-05
TXN0000020163,ACC0008295,48848.49,SUCCESS,2026-07-06 09:04:30,1,1,1,2026-07
TXN0000020173,ACC0008440,146291.89,SUCCESS,2026-06-03 12:51:27,1,1,1,2026-06
TXN0000020174,ACC0026356,88341.96,SUCCESS,2026-05-10 00:21:30,1,1,1,2026-05
TXN0000020175,ACC0002967,85917.36,SUCCESS,2026-06-16 20:04:18,1,1,1,2026-06
TXN0000020177,ACC0013028,97918.59,SUCCESS,2026-06-16 16:03:54,1,1,1,2026-06
TXN0000020178,ACC0028609,19758.9,SUCCESS,2026-03-31 15:18:50,1,1,1,2026-03
TXN0000020182,ACC0028197,127696.98,SUCCESS,2026-07-01 21:24:09,1,1,1,2026-07
TXN0000020191,ACC0029018,5913.46,SUCCESS,2026-02-02 12:00:44,1,1,1,2026-02
TXN0000020201,ACC0025816,112287.71,SUCCESS,2026-04-20 03:22:30,1,1,1,2026-04
TXN0000020203,ACC0029225,58455.78,SUCCESS,2026-04-14 10:00:00,1,1,1,2026-04
TXN0000020207,ACC0011516,110465.37,SUCCESS,2026-03-11 18:06:58,1,1,1,2026-03
TXN0000020216,ACC0002729,109884.0,SUCCESS,2026-06-30 18:29:59,1,1,1,2026-06
TXN0000020225,ACC0004480,69352.58,SUCCESS,2026-04-22 05:36:34,1,1,1,2026-04
TXN0000020239,ACC0028486,85569.56,SUCCESS,2026-05-29 19:38:48,1,1,1,2026-05
TXN0000020243,ACC0008331,39419.82,SUCCESS,2026-03-18 10:27:08,1,1,1,2026-03
TXN0000020249,ACC0027439,52201.39,SUCCESS,2026-06-14 18:46:23,1,1,1,2026-06
TXN0000020254,ACC0012610,110635.67,SUCCESS,2026-01-28 05:00:05,1,1,1,2026-01
TXN0000020262,ACC0007006,136758.03,SUCCESS,2026-02-21 22:54:06,1,1,1,2026-02
TXN0000020264,ACC0004409,77142.62,SUCCESS,2026-03-18 13:33:32,1,1,1,2026-03
TXN0000020265,ACC0029913,15766.09,SUCCESS,2026-01-17 03:23:47,1,1,1,2026-01
TXN0000020280,ACC0008356,112245.39,SUCCESS,2026-03-27 11:46:37,1,1,1,2026-03
TXN0000020281,ACC0018313,145541.9,SUCCESS,2026-01-30 07:08:18,1,1,1,2026-01
TXN0000020282,ACC0029511,82733.63,SUCCESS,2026-06-08 21:01:37,1,1,1,2026-06
TXN0000020283,ACC0023771,36493.69,SUCCESS,2026-02-15 00:48:39,1,1,1,2026-02
TXN0000020284,ACC0009389,148457.78,SUCCESS,2026-05-22 10:56:29,1,1,1,2026-05
TXN0000020285,ACC0016722,90339.52,SUCCESS,2026-01-28 00:26:29,1,1,1,2026-01
TXN0000020297,ACC0018297,106753.1,SUCCESS,2026-07-24 21:32:44,1,1,1,2026-07
TXN0000020298,ACC0002545,54901.79,SUCCESS,2026-01-22 11:42:11,1,1,1,2026-01
TXN0000020302,ACC0008433,13567.67,SUCCESS,2026-05-04 12:47:53,1,1,1,2026-05
TXN0000020310,ACC0003430,26180.48,SUCCESS,2026-03-21 22:19:52,1,1,1,2026-03
TXN0000020313,ACC0004462,24451.27,SUCCESS,2026-02-26 06:54:49,1,1,1,2026-02
TXN0000020316,ACC0024323,78021.31,SUCCESS,2026-04-04 07:47:55,1,1,1,2026-04
TXN0000020328,ACC0002413,103426.1,SUCCESS,2026-05-19 20:59:52,1,1,1,2026-05
TXN0000020338,ACC0022685,109494.37,SUCCESS,2026-04-09 17:26:33,1,1,1,2026-04
TXN0000020340,ACC0015482,138037.64,SUCCESS,2026-03-14 14:06:15,1,1,1,2026-03
TXN0000020342,ACC0006472,148745.15,SUCCESS,2026-06-24 09:23:50,1,1,1,2026-06
TXN0000020363,ACC0029544,40814.83,SUCCESS,2026-04-03 06:50:12,1,1,1,2026-04
TXN0000020370,ACC0006777,69635.45,SUCCESS,2026-08-02 02:48:57,1,1,1,2026-08
TXN0000020375,ACC0028821,18842.96,SUCCESS,2026-03-07 10:47:52,1,1,1,2026-03
TXN0000020382,ACC0004409,125187.89,SUCCESS,2026-06-17 15:43:40,1,1,1,2026-06
TXN0000020398,ACC0012540,121080.87,SUCCESS,2026-01-02 00:03:14,1,1,1,2026-01
TXN0000020400,ACC0024319,11975.37,SUCCESS,2026-03-14 08:53:51,1,1,1,2026-03
TXN0000020417,ACC0011936,114819.78,SUCCESS,2026-01-05 14:24:10,1,1,1,2026-01
TXN0000020421,ACC0022365,39239.05,SUCCESS,2026-02-17 08:40:03,1,1,1,2026-02
TXN0000020430,ACC0028131,131657.2,SUCCESS,2026-01-13 06:03:00,1,1,1,2026-01
TXN0000020439,ACC0004285,46802.96,SUCCESS,2026-07-14 19:42:27,1,1,1,2026-07
TXN0000020440,ACC0011880,12563.98,SUCCESS,2026-01-27 21:47:47,1,1,1,2026-01
TXN0000020450,ACC0024153,51793.93,SUCCESS,2026-05-04 06:56:30,1,1,1,2026-05
TXN0000020454,ACC0015122,22553.55,SUCCESS,2026-01-17 10:27:35,1,1,1,2026-01
TXN0000020458,ACC0025358,140628.67,SUCCESS,2026-02-15 13:39:36,1,1,1,2026-02
TXN0000020462,ACC0021961,92219.45,SUCCESS,2026-01-14 16:53:34,1,1,1,2026-01
TXN0000020483,ACC0025770,93951.01,SUCCESS,2026-05-14 04:21:21,1,1,1,2026-05
TXN0000020496,ACC0004150,111059.57,SUCCESS,2026-08-08 07:09:13,1,1,1,2026-08
TXN0000020503,ACC0003903,46490.86,SUCCESS,2026-04-30 06:53:29,1,1,1,2026-04
TXN0000020505,ACC0004967,119052.26,SUCCESS,2026-03-06 15:12:24,1,1,1,2026-03
TXN0000020511,ACC0000673,9328.84,SUCCESS,2026-05-14 01:00:41,1,1,1,2026-05
TXN0000020512,ACC0001003,24291.51,SUCCESS,2026-07-29 10:08:49,1,1,1,2026-07
TXN0000020524,ACC0008772,16400.47,SUCCESS,2026-01-28 14:32:59,1,1,1,2026-01
TXN0000020527,ACC0006297,112067.61,SUCCESS,2026-01-27 13:57:38,1,1,1,2026-01
TXN0000020531,ACC0015652,92453.19,SUCCESS,2026-05-15 20:45:21,1,1,1,2026-05
TXN0000020540,ACC0020384,144753.56,SUCCESS,2026-03-25 22:29:07,1,1,1,2026-03
TXN0000020547,ACC0019663,148698.91,SUCCESS,2026-07-28 21:04:31,1,1,1,2026-07
TXN0000020552,ACC0026101,55650.86,SUCCESS,2026-05-28 21:26:19,1,1,1,2026-05
TXN0000020557,ACC0006889,19990.9,SUCCESS,2026-08-08 06:30:48,1,1,1,2026-08
TXN0000020561,ACC0025409,50057.83,SUCCESS,2026-06-24 18:59:18,1,2,1,2026-06
TXN0000020564,ACC0024816,63462.33,SUCCESS,2026-07-05 03:36:28,1,1,1,2026-07
TXN0000020565,ACC0029033,54254.01,SUCCESS,2026-02-27 04:17:05,1,1,1,2026-02
TXN0000020570,ACC0019690,12332.43,SUCCESS,2026-03-27 12:36:43,1,1,1,2026-03
TXN0000020573,ACC0010340,52444.01,SUCCESS,2026-03-13 00:19:07,1,1,1,2026-03
TXN0000020581,ACC0014262,58910.46,SUCCESS,2026-05-18 07:42:22,1,1,1,2026-05
TXN0000020582,ACC0022030,54206.78,SUCCESS,2026-05-23 09:15:08,1,1,1,2026-05
TXN0000020586,ACC0013438,33678.78,SUCCESS,2026-04-09 17:24:25,1,1,1,2026-04
TXN0000020588,ACC0000219,91986.91,SUCCESS,2026-08-03 09:10:52,1,1,1,2026-08
TXN0000020590,ACC0003750,12708.64,SUCCESS,2026-05-21 13:24:49,1,1,1,2026-05
TXN0000020597,ACC0025219,741.85,SUCCESS,2026-01-25 13:30:44,1,1,1,2026-01
TXN0000020609,ACC0020804,44982.33,SUCCESS,2026-03-10 23:44:53,1,1,1,2026-03
TXN0000020615,ACC0018785,64213.8,SUCCESS,2026-07-27 00:35:18,1,1,1,2026-07
TXN0000020619,ACC0026614,124070.62,SUCCESS,2026-08-03 19:44:08,1,1,1,2026-08
TXN0000020635,ACC0007468,120450.12,SUCCESS,2026-06-17 01:03:22,1,1,1,2026-06
TXN0000020642,ACC0015182,6906.67,SUCCESS,2026-03-14 00:05:39,1,1,1,2026-03
TXN0000020643,ACC0022356,2313.3,SUCCESS,2026-08-02 01:14:01,1,1,1,2026-08
TXN0000020649,ACC0005086,1439.41,SUCCESS,2026-05-12 14:01:51,1,1,1,2026-05
TXN0000020652,ACC0012195,8524.8,SUCCESS,2026-06-18 20:25:23,1,1,1,2026-06
TXN0000020657,ACC0006089,123747.54,SUCCESS,2026-01-21 21:24:31,1,1,1,2026-01
TXN0000020658,ACC0026838,92989.13,SUCCESS,2026-07-16 05:14:15,1,1,1,2026-07
TXN0000020667,ACC0025150,74460.1,SUCCESS,2026-02-25 14:25:42,1,1,1,2026-02
TXN0000020670,ACC0015285,103078.32,SUCCESS,2026-06-17 06:59:42,1,1,1,2026-06
TXN0000020677,ACC0005373,123199.82,SUCCESS,2026-02-24 16:17:05,1,1,1,2026-02
TXN0000020681,ACC0004062,55827.29,SUCCESS,2026-01-08 23:44:16,1,1,1,2026-01
TXN0000020685,ACC0027311,103985.66,SUCCESS,2026-03-19 15:45:03,1,1,1,2026-03
TXN0000020694,ACC0003856,12965.14,SUCCESS,2026-02-11 06:14:26,1,1,1,2026-02
TXN0000020695,ACC0008659,107681.4,SUCCESS,2026-03-14 09:17:46,1,1,1,2026-03
TXN0000020702,ACC0017164,49548.33,SUCCESS,2026-04-30 00:55:07,1,1,1,2026-04
TXN0000020722,ACC0027532,104426.14,SUCCESS,2026-01-14 11:44:17,1,1,1,2026-01
TXN0000020727,ACC0019563,145730.83,SUCCESS,2026-01-27 17:41:43,1,1,1,2026-01
TXN0000020728,ACC0001995,752.92,SUCCESS,2026-01-22 05:18:51,1,1,1,2026-01
TXN0000020741,ACC0010664,85263.85,SUCCESS,2026-01-14 00:18:45,1,1,1,2026-01
TXN0000020747,ACC0002789,14774.93,SUCCESS,2026-03-09 19:36:41,1,1,1,2026-03
TXN0000020749,ACC0008507,15797.11,SUCCESS,2026-05-05 01:35:27,1,2,1,2026-05
TXN0000020756,ACC0015685,82343.94,SUCCESS,2026-03-26 20:17:02,1,1,1,2026-03
TXN0000020768,ACC0007013,95736.28,SUCCESS,2026-01-12 02:37:34,1,1,1,2026-01
TXN0000020770,ACC0022255,70012.92,SUCCESS,2026-02-14 07:08:56,1,1,1,2026-02
TXN0000020772,ACC0009525,96930.77,SUCCESS,2026-06-24 18:15:28,1,1,1,2026-06
TXN0000020778,ACC0023438,98436.42,SUCCESS,2026-07-12 00:47:44,1,1,1,2026-07
TXN0000020792,ACC0017689,78255.58,SUCCESS,2026-05-26 01:55:23,1,1,1,2026-05
TXN0000020793,ACC0002585,43332.66,SUCCESS,2026-07-03 01:19:23,1,1,1,2026-07
TXN0000020794,ACC0014366,79239.1,SUCCESS,2026-06-03 23:56:32,1,1,1,2026-06
TXN0000020804,ACC0001692,127490.35,SUCCESS,2026-06-21 20:32:47,1,1,1,2026-06
TXN0000020806,ACC0023465,9041.34,SUCCESS,2026-03-30 10:37:06,1,1,1,2026-03
TXN0000020823,ACC0010926,78263.51,SUCCESS,2026-01-27 19:43:30,1,1,1,2026-01
TXN0000020825,ACC0004061,1753.73,SUCCESS,2026-07-15 10:32:34,1,1,1,2026-07
TXN0000020829,ACC0004180,89480.46,SUCCESS,2026-02-24 09:34:25,1,1,1,2026-02
TXN0000020830,ACC0000955,57551.44,SUCCESS,2026-03-31 00:28:29,1,1,1,2026-03
TXN0000020831,ACC0008583,44280.31,SUCCESS,2026-07-08 08:48:54,1,1,1,2026-07
TXN0000020837,ACC0009791,58489.48,SUCCESS,2026-04-03 19:43:16,1,1,1,2026-04
TXN0000020842,ACC0020993,138072.56,SUCCESS,2026-05-06 07:54:47,1,1,1,2026-05
TXN0000020845,ACC0019023,83373.51,SUCCESS,2026-06-19 00:24:44,1,1,1,2026-06
TXN0000020862,ACC0014248,78431.91,SUCCESS,2026-05-31 02:51:26,1,1,1,2026-05
TXN0000020863,ACC0023404,116137.1,SUCCESS,2026-03-08 06:18:51,1,1,1,2026-03
TXN0000020875,ACC0026930,30724.89,SUCCESS,2026-05-01 02:10:57,1,1,1,2026-05
TXN0000020877,ACC0001254,139630.85,SUCCESS,2026-02-28 16:57:14,1,2,1,2026-02
TXN0000020878,ACC0014842,43660.5,SUCCESS,2026-07-22 23:46:02,1,1,1,2026-07
TXN0000020891,ACC0018514,36515.98,SUCCESS,2026-04-25 09:07:18,1,1,1,2026-04
TXN0000020908,ACC0008654,26177.24,SUCCESS,2026-07-05 14:34:10,1,1,1,2026-07
TXN0000020919,ACC0014342,127288.87,SUCCESS,2026-01-28 20:19:54,1,1,1,2026-01
TXN0000020924,ACC0022707,130671.01,SUCCESS,2026-06-22 20:35:55,1,1,1,2026-06
TXN0000020926,ACC0025862,60819.52,SUCCESS,2026-07-14 19:00:06,1,1,1,2026-07
TXN0000020931,ACC0023831,103346.95,SUCCESS,2026-04-05 09:33:10,1,1,1,2026-04
TXN0000020935,ACC0027918,51102.68,SUCCESS,2026-03-21 20:37:36,1,1,1,2026-03
TXN0000020936,ACC0017533,39795.17,SUCCESS,2026-01-05 20:04:29,1,1,1,2026-01
TXN0000020937,ACC0022218,145905.47,SUCCESS,2026-03-18 21:58:08,1,1,1,2026-03
TXN0000020950,ACC0011141,65045.69,SUCCESS,2026-07-28 14:09:53,1,1,1,2026-07
TXN0000020959,ACC0007707,50382.51,SUCCESS,2026-02-09 05:23:16,1,1,1,2026-02
TXN0000020962,ACC0002044,86663.01,SUCCESS,2026-05-06 16:57:44,1,1,1,2026-05
TXN0000020966,ACC0014254,72126.67,SUCCESS,2026-02-25 20:28:20,1,1,1,2026-02
TXN0000020968,ACC0018963,3792.15,SUCCESS,2026-04-30 19:18:02,1,1,1,2026-04
TXN0000020974,ACC0009188,41532.73,SUCCESS,2026-04-02 21:23:27,1,1,1,2026-04
TXN0000020977,ACC0017682,138712.5,SUCCESS,2026-05-22 19:38:24,1,1,1,2026-05
TXN0000020978,ACC0000777,149918.23,SUCCESS,2026-03-24 11:31:20,1,1,1,2026-03
TXN0000020982,ACC0002574,3487.93,SUCCESS,2026-01-11 08:22:08,1,1,1,2026-01
TXN0000020987,ACC0017833,1056.26,SUCCESS,2026-02-21 20:39:51,1,1,1,2026-02
TXN0000020988,ACC0014080,76540.36,SUCCESS,2026-04-02 19:25:17,1,1,1,2026-04
TXN0000020993,ACC0021757,90805.27,SUCCESS,2026-02-04 13:05:49,1,1,1,2026-02
TXN0000020997,ACC0019094,24931.99,SUCCESS,2026-02-28 22:06:39,1,1,1,2026-02
TXN0000020999,ACC0025034,42205.1,SUCCESS,2026-01-06 03:18:59,1,1,1,2026-01
TXN0000021002,ACC0013519,5943.08,SUCCESS,2026-02-28 12:26:41,1,1,1,2026-02
TXN0000021005,ACC0014539,5365.44,SUCCESS,2026-03-30 04:07:30,1,1,1,2026-03
TXN0000021008,ACC0000744,27023.99,SUCCESS,2026-04-19 00:32:28,1,1,1,2026-04
TXN0000021010,ACC0001971,73270.1,SUCCESS,2026-03-01 01:43:08,1,1,1,2026-03
TXN0000021013,ACC0001050,82496.3,SUCCESS,2026-07-25 02:28:22,1,1,1,2026-07
TXN0000021016,ACC0003010,45293.34,SUCCESS,2026-05-03 09:07:20,1,1,1,2026-05
TXN0000021018,ACC0022542,136695.41,SUCCESS,2026-02-10 12:48:37,1,1,1,2026-02
TXN0000021024,ACC0014416,96877.44,SUCCESS,2026-02-08 16:24:50,1,1,1,2026-02
TXN0000021027,ACC0023036,108410.18,SUCCESS,2026-03-20 06:57:04,1,1,1,2026-03
TXN0000021032,ACC0026393,140583.43,SUCCESS,2026-02-27 00:08:38,1,1,1,2026-02
TXN0000021046,ACC0006035,106381.74,SUCCESS,2026-01-06 19:37:34,1,1,1,2026-01
TXN0000021058,ACC0018808,26912.73,SUCCESS,2026-03-11 11:50:34,1,1,1,2026-03
TXN0000021062,ACC0011477,138825.12,SUCCESS,2026-04-30 23:42:40,1,1,1,2026-04
TXN0000021073,ACC0014462,6531.68,SUCCESS,2026-02-20 14:28:23,1,1,1,2026-02
TXN0000021076,ACC0016519,11310.1,SUCCESS,2026-06-29 10:23:18,1,1,1,2026-06
TXN0000021086,ACC0008061,90918.35,SUCCESS,2026-06-01 19:01:22,1,1,1,2026-06
TXN0000021091,ACC0027332,27562.4,SUCCESS,2026-06-25 09:45:25,1,1,1,2026-06
TXN0000021096,ACC0014981,42562.65,SUCCESS,2026-06-18 02:31:16,1,1,1,2026-06
TXN0000021102,ACC0019859,87992.6,SUCCESS,2026-06-09 21:22:59,1,1,1,2026-06
TXN0000021105,ACC0012916,112183.61,SUCCESS,2026-04-16 09:06:18,1,1,1,2026-04
TXN0000021106,ACC0005979,116597.64,SUCCESS,2026-07-05 11:57:43,1,1,1,2026-07
TXN0000021108,ACC0023197,132174.14,SUCCESS,2026-06-19 03:14:31,1,1,1,2026-06
TXN0000021113,ACC0015833,17644.7,SUCCESS,2026-01-31 22:24:24,1,1,1,2026-01
TXN0000021115,ACC0026835,16514.41,SUCCESS,2026-05-15 00:41:44,1,1,1,2026-05
TXN0000021117,ACC0016167,54083.04,SUCCESS,2026-04-23 22:08:01,1,1,1,2026-04
TXN0000021119,ACC0007293,47980.1,SUCCESS,2026-02-24 11:51:50,1,1,1,2026-02
TXN0000021123,ACC0007506,53436.56,SUCCESS,2026-06-04 00:20:29,1,1,1,2026-06
TXN0000021138,ACC0019172,28514.87,SUCCESS,2026-06-29 16:20:31,1,1,1,2026-06
TXN0000021140,ACC0015770,41624.64,SUCCESS,2026-06-06 02:17:22,1,1,1,2026-06
TXN0000021152,ACC0023727,120897.47,SUCCESS,2026-03-05 16:41:17,1,1,1,2026-03
TXN0000021161,ACC0027778,21155.02,SUCCESS,2026-01-31 07:06:00,1,1,1,2026-01
TXN0000021175,ACC0007962,19466.32,SUCCESS,2026-02-02 14:52:05,1,1,1,2026-02
TXN0000021177,ACC0026172,98687.36,SUCCESS,2026-05-26 23:08:38,1,1,1,2026-05
TXN0000021187,ACC0002077,63647.22,SUCCESS,2026-02-03 19:53:09,1,1,1,2026-02
TXN0000021191,ACC0020288,4302.01,SUCCESS,2026-06-22 10:13:55,1,1,1,2026-06
TXN0000021192,ACC0005091,12156.87,SUCCESS,2026-01-05 17:55:02,1,1,1,2026-01
TXN0000021199,ACC0028551,136277.2,SUCCESS,2026-02-05 16:45:18,1,1,1,2026-02
TXN0000021200,ACC0014720,132087.09,SUCCESS,2026-07-28 14:56:13,1,1,1,2026-07
TXN0000021204,ACC0024306,80509.6,SUCCESS,2026-03-01 17:51:34,1,1,1,2026-03
TXN0000021207,ACC0024929,30924.52,SUCCESS,2026-05-12 12:01:28,1,1,1,2026-05
TXN0000021213,ACC0013632,63985.03,SUCCESS,2026-07-29 00:32:14,1,1,1,2026-07
TXN0000021215,ACC0027507,82009.68,SUCCESS,2026-01-06 08:15:24,1,1,1,2026-01
TXN0000021222,ACC0016641,142114.76,SUCCESS,2026-08-01 22:53:33,1,1,1,2026-08
TXN0000021231,ACC0013665,111751.4,SUCCESS,2026-01-15 23:26:43,1,1,1,2026-01
TXN0000021253,ACC0027836,3669.72,SUCCESS,2026-02-03 03:09:00,1,1,1,2026-02
TXN0000021257,ACC0008794,34680.16,SUCCESS,2026-06-21 04:11:59,1,1,1,2026-06
TXN0000021260,ACC0016470,52512.45,SUCCESS,2026-02-16 10:34:09,1,1,1,2026-02
TXN0000021263,ACC0025466,7936.8,SUCCESS,2026-06-21 11:54:05,1,1,1,2026-06
TXN0000021268,ACC0014394,114975.62,SUCCESS,2026-08-07 09:23:28,1,1,1,2026-08
TXN0000021272,ACC0022989,22131.94,SUCCESS,2026-07-20 05:40:14,1,1,1,2026-07
TXN0000021283,ACC0005465,101747.24,SUCCESS,2026-02-07 22:46:26,1,1,1,2026-02
TXN0000021287,ACC0001413,9275.24,SUCCESS,2026-04-16 14:04:32,1,1,1,2026-04
TXN0000021297,ACC0006025,121971.14,SUCCESS,2026-04-12 23:23:31,1,1,1,2026-04
TXN0000021298,ACC0016123,114198.26,SUCCESS,2026-06-24 20:58:34,1,1,1,2026-06
TXN0000021302,ACC0020996,75739.33,SUCCESS,2026-07-21 16:05:12,1,1,1,2026-07
TXN0000021315,ACC0008366,74275.32,SUCCESS,2026-04-30 20:34:41,1,1,1,2026-04
TXN0000021319,ACC0026858,26702.67,SUCCESS,2026-04-15 13:38:23,1,1,1,2026-04
TXN0000021332,ACC0002298,58689.81,SUCCESS,2026-03-23 08:56:10,1,1,1,2026-03
TXN0000021338,ACC0026697,6268.21,SUCCESS,2026-03-28 11:32:58,1,1,1,2026-03
TXN0000021341,ACC0021985,29007.16,SUCCESS,2026-05-24 19:16:35,1,1,1,2026-05
TXN0000021362,ACC0003585,73556.0,SUCCESS,2026-06-06 22:35:23,1,1,1,2026-06
TXN0000021369,ACC0016601,145317.35,SUCCESS,2026-01-23 08:47:48,1,1,1,2026-01
TXN0000021372,ACC0008594,127846.71,SUCCESS,2026-01-19 22:17:09,1,1,1,2026-01
TXN0000021374,ACC0008788,45142.28,SUCCESS,2026-04-07 04:05:00,1,1,1,2026-04
TXN0000021390,ACC0009099,97452.63,SUCCESS,2026-02-17 11:57:36,1,1,1,2026-02
TXN0000021391,ACC0013140,101437.57,SUCCESS,2026-07-14 22:48:28,1,1,1,2026-07
TXN0000021398,ACC0013061,67993.36,SUCCESS,2026-01-26 13:29:28,1,1,1,2026-01
TXN0000021411,ACC0006462,68249.31,SUCCESS,2026-01-19 12:09:48,1,1,1,2026-01
TXN0000021430,ACC0013293,104904.17,SUCCESS,2026-06-15 14:04:18,1,1,1,2026-06
TXN0000021432,ACC0008096,21017.78,SUCCESS,2026-02-12 13:37:44,1,1,1,2026-02
TXN0000021433,ACC0022420,142982.42,SUCCESS,2026-06-14 22:18:36,1,1,1,2026-06
TXN0000021437,ACC0001201,47157.87,SUCCESS,2026-02-12 17:21:40,1,1,1,2026-02
TXN0000021443,ACC0002638,24781.1,SUCCESS,2026-04-08 10:07:41,1,1,1,2026-04
TXN0000021451,ACC0001251,142285.88,SUCCESS,2026-02-11 05:33:27,1,1,1,2026-02
TXN0000021453,ACC0029976,54620.15,SUCCESS,2026-01-08 06:38:11,1,1,1,2026-01
TXN0000021457,ACC0023959,146180.95,SUCCESS,2026-03-12 15:34:00,1,1,1,2026-03
TXN0000021458,ACC0029580,46302.13,SUCCESS,2026-01-02 07:58:35,1,1,1,2026-01
TXN0000021464,ACC0020951,82609.98,SUCCESS,2026-07-29 05:38:28,1,1,1,2026-07
TXN0000021476,ACC0004168,86422.19,SUCCESS,2026-07-15 02:19:50,1,1,1,2026-07
TXN0000021478,ACC0019863,4290.89,SUCCESS,2026-04-09 22:42:53,1,1,1,2026-04
TXN0000021481,ACC0011578,111981.2,SUCCESS,2026-04-27 00:00:34,1,1,1,2026-04
TXN0000021485,ACC0021288,113617.29,SUCCESS,2026-07-08 11:06:28,1,1,1,2026-07
TXN0000021489,ACC0015264,93239.18,SUCCESS,2026-04-09 07:42:41,1,1,1,2026-04
TXN0000021491,ACC0008955,107119.8,SUCCESS,2026-08-06 08:17:39,1,1,1,2026-08
TXN0000021504,ACC0017268,11063.91,SUCCESS,2026-06-15 01:25:26,1,1,1,2026-06
TXN0000021507,ACC0007731,20868.15,SUCCESS,2026-04-02 14:48:45,1,1,1,2026-04
TXN0000021513,ACC0029641,27119.13,SUCCESS,2026-06-20 07:01:10,1,1,1,2026-06
TXN0000021514,ACC0003153,17701.96,SUCCESS,2026-04-19 08:16:27,1,1,1,2026-04
TXN0000021524,ACC0020312,101513.19,SUCCESS,2026-05-17 20:57:57,1,1,1,2026-05
TXN0000021527,ACC0025352,94278.9,SUCCESS,2026-05-06 19:27:24,1,1,1,2026-05
TXN0000021528,ACC0001206,95029.13,SUCCESS,2026-05-16 07:33:04,1,1,1,2026-05
TXN0000021529,ACC0010277,70809.0,SUCCESS,2026-04-28 04:45:54,1,1,1,2026-04
TXN0000021532,ACC0016216,127080.88,SUCCESS,2026-03-16 14:58:02,1,1,1,2026-03
TXN0000021550,ACC0017244,9224.86,SUCCESS,2026-08-05 01:35:36,1,1,1,2026-08
TXN0000021561,ACC0017843,3629.0,SUCCESS,2026-07-21 19:11:00,1,1,1,2026-07
TXN0000021565,ACC0009204,44285.81,SUCCESS,2026-01-20 11:09:23,1,1,1,2026-01
TXN0000021570,ACC0010282,19846.23,SUCCESS,2026-07-03 03:42:28,1,1,1,2026-07
TXN0000021573,ACC0011325,129921.04,SUCCESS,2026-02-17 15:27:53,1,2,1,2026-02
TXN0000021574,ACC0003614,59069.13,SUCCESS,2026-02-16 18:13:29,1,1,1,2026-02
TXN0000021576,ACC0017321,114202.62,SUCCESS,2026-03-30 09:54:17,1,1,1,2026-03
TXN0000021582,ACC0023498,28142.64,SUCCESS,2026-04-16 18:36:55,1,1,1,2026-04
TXN0000021588,ACC0010756,40804.19,SUCCESS,2026-07-14 18:00:01,1,1,1,2026-07
TXN0000021590,ACC0004475,83773.98,SUCCESS,2026-08-08 01:10:49,1,1,1,2026-08
TXN0000021594,ACC0026271,53840.78,SUCCESS,2026-02-24 10:08:11,1,1,1,2026-02
TXN0000021599,ACC0021188,6960.1,SUCCESS,2026-01-12 10:08:13,1,1,1,2026-01
TXN0000021601,ACC0011653,60997.24,SUCCESS,2026-04-02 13:44:52,1,1,1,2026-04
TXN0000021602,ACC0028227,33198.67,SUCCESS,2026-07-17 15:44:36,1,2,1,2026-07
TXN0000021603,ACC0003552,62997.15,SUCCESS,2026-02-01 02:35:59,1,1,1,2026-02
TXN0000021607,ACC0021532,141915.63,SUCCESS,2026-01-24 06:42:07,1,1,1,2026-01
TXN0000021623,ACC0014535,133856.31,SUCCESS,2026-01-02 17:29:41,1,1,1,2026-01
TXN0000021633,ACC0014112,146923.36,SUCCESS,2026-06-12 20:28:51,1,1,1,2026-06
TXN0000021634,ACC0015160,13092.84,SUCCESS,2026-03-29 14:46:44,1,1,1,2026-03
TXN0000021636,ACC0004678,118556.08,SUCCESS,2026-05-26 22:04:58,1,1,1,2026-05
TXN0000021642,ACC0026855,39929.28,SUCCESS,2026-03-05 06:29:12,1,1,1,2026-03
TXN0000021645,ACC0020687,143634.69,SUCCESS,2026-02-05 07:24:41,1,1,1,2026-02
TXN0000021655,ACC0018777,52229.3,SUCCESS,2026-01-11 05:21:15,1,1,1,2026-01
TXN0000021660,ACC0015742,88925.49,SUCCESS,2026-04-03 22:45:34,1,1,1,2026-04
TXN0000021665,ACC0029621,137651.12,SUCCESS,2026-05-24 21:02:24,1,1,1,2026-05
TXN0000021670,ACC0022376,24304.67,SUCCESS,2026-01-12 15:48:08,1,1,1,2026-01
TXN0000021679,ACC0000859,37009.2,SUCCESS,2026-04-16 09:23:23,1,1,1,2026-04
TXN0000021680,ACC0026350,62516.7,SUCCESS,2026-01-16 11:37:22,1,1,1,2026-01
TXN0000021688,ACC0027738,93350.09,SUCCESS,2026-05-28 10:49:58,1,1,1,2026-05
TXN0000021695,ACC0019920,50302.91,SUCCESS,2026-01-20 11:49:50,1,1,1,2026-01
TXN0000021698,ACC0006332,147307.48,SUCCESS,2026-03-29 04:38:23,1,1,1,2026-03
TXN0000021702,ACC0012317,71096.41,SUCCESS,2026-02-05 21:02:29,1,1,1,2026-02
TXN0000021708,ACC0024078,134691.15,SUCCESS,2026-05-23 08:25:52,1,1,1,2026-05
TXN0000021712,ACC0001078,148069.76,SUCCESS,2026-01-25 03:38:44,1,1,1,2026-01
TXN0000021716,ACC0014125,27828.39,SUCCESS,2026-03-12 19:31:04,1,1,1,2026-03
TXN0000021722,ACC0027907,101618.5,SUCCESS,2026-07-29 01:10:20,1,1,1,2026-07
TXN0000021730,ACC0006102,137138.02,SUCCESS,2026-06-02 07:23:25,1,1,1,2026-06
TXN0000021746,ACC0002866,136176.96,SUCCESS,2026-01-26 06:27:15,1,1,1,2026-01
TXN0000021751,ACC0024016,143198.72,SUCCESS,2026-05-13 05:03:28,1,1,1,2026-05
TXN0000021752,ACC0010960,30656.56,SUCCESS,2026-03-31 23:30:18,1,1,1,2026-03
TXN0000021756,ACC0028592,80319.88,SUCCESS,2026-04-23 11:02:10,1,1,1,2026-04
TXN0000021771,ACC0002538,6800.79,SUCCESS,2026-06-27 09:14:11,1,1,1,2026-06
TXN0000021776,ACC0005588,14684.0,SUCCESS,2026-01-10 12:01:03,1,1,1,2026-01
TXN0000021786,ACC0020167,131642.81,SUCCESS,2026-03-21 14:14:17,1,1,1,2026-03
TXN0000021787,ACC0003671,29918.04,SUCCESS,2026-03-03 22:55:26,1,1,1,2026-03
TXN0000021788,ACC0015422,57093.63,SUCCESS,2026-05-30 17:55:12,1,1,1,2026-05
TXN0000021793,ACC0022854,101890.55,SUCCESS,2026-01-28 16:04:49,1,1,1,2026-01
TXN0000021794,ACC0011417,148555.43,SUCCESS,2026-04-22 09:35:18,1,1,1,2026-04
TXN0000021795,ACC0004836,60396.64,SUCCESS,2026-06-04 21:08:26,1,1,1,2026-06
TXN0000021798,ACC0001629,123648.09,SUCCESS,2026-06-10 05:08:22,1,1,1,2026-06
TXN0000021802,ACC0014030,37289.58,SUCCESS,2026-06-17 23:43:38,1,1,1,2026-06
TXN0000021830,ACC0025322,66470.07,SUCCESS,2026-01-20 14:19:22,1,1,1,2026-01
TXN0000021836,ACC0002462,39796.93,SUCCESS,2026-03-23 14:14:41,1,1,1,2026-03
TXN0000021839,ACC0029931,147851.05,SUCCESS,2026-02-12 23:14:13,1,1,1,2026-02
TXN0000021842,ACC0011361,71721.21,SUCCESS,2026-04-30 14:38:00,1,1,1,2026-04
TXN0000021846,ACC0021733,25605.59,SUCCESS,2026-05-08 09:32:57,1,1,1,2026-05
TXN0000021855,ACC0001805,135828.2,SUCCESS,2026-06-08 01:43:47,1,1,1,2026-06
TXN0000021860,ACC0012840,70880.19,SUCCESS,2026-03-17 16:22:05,1,1,1,2026-03
TXN0000021871,ACC0000445,140118.15,SUCCESS,2026-06-01 10:53:58,1,1,1,2026-06
TXN0000021881,ACC0003740,26797.64,SUCCESS,2026-06-10 13:23:31,1,1,1,2026-06
TXN0000021883,ACC0009371,5793.64,SUCCESS,2026-03-20 04:01:24,1,1,1,2026-03
TXN0000021885,ACC0023889,29542.52,SUCCESS,2026-01-05 03:55:05,1,1,1,2026-01
TXN0000021887,ACC0020402,131715.37,SUCCESS,2026-05-07 22:16:55,1,1,1,2026-05
TXN0000021888,ACC0026256,35012.65,SUCCESS,2026-01-26 15:00:30,1,1,1,2026-01
TXN0000021897,ACC0000399,51423.9,SUCCESS,2026-02-19 10:54:04,1,1,1,2026-02
TXN0000021909,ACC0012362,24642.81,SUCCESS,2026-01-30 02:17:02,1,1,1,2026-01
TXN0000021913,ACC0016984,127126.85,SUCCESS,2026-05-16 19:47:22,1,1,1,2026-05
TXN0000021918,ACC0018715,69699.21,SUCCESS,2026-02-13 13:45:50,1,1,1,2026-02
TXN0000021923,ACC0000920,85576.49,SUCCESS,2026-02-02 05:32:14,1,1,1,2026-02
TXN0000021927,ACC0015144,18793.19,SUCCESS,2026-02-21 08:13:43,1,1,1,2026-02
TXN0000021931,ACC0000250,45392.01,SUCCESS,2026-02-04 05:12:23,1,1,1,2026-02
TXN0000021934,ACC0024750,96519.86,SUCCESS,2026-06-17 15:38:12,1,1,1,2026-06
TXN0000021936,ACC0028521,47839.2,SUCCESS,2026-06-21 16:12:25,1,1,1,2026-06
TXN0000021937,ACC0004975,31133.86,SUCCESS,2026-08-04 07:26:31,1,1,1,2026-08
TXN0000021943,ACC0020336,41086.52,SUCCESS,2026-06-11 21:16:40,1,1,1,2026-06
TXN0000021956,ACC0026345,57060.7,SUCCESS,2026-07-09 14:22:52,1,1,1,2026-07
TXN0000021960,ACC0001135,47415.07,SUCCESS,2026-01-23 02:45:40,1,1,1,2026-01
TXN0000021961,ACC0021148,144322.48,SUCCESS,2026-06-15 04:33:56,1,1,1,2026-06
TXN0000021970,ACC0029107,130945.7,SUCCESS,2026-06-14 20:43:29,1,1,1,2026-06
TXN0000021975,ACC0010910,46071.15,SUCCESS,2026-01-20 04:17:37,1,1,1,2026-01
TXN0000021976,ACC0021070,74755.54,SUCCESS,2026-05-19 09:41:06,1,1,1,2026-05
TXN0000021978,ACC0001088,95573.05,SUCCESS,2026-05-15 13:19:40,1,1,1,2026-05
TXN0000021980,ACC0016913,53998.77,SUCCESS,2026-03-10 13:25:37,1,1,1,2026-03
TXN0000021984,ACC0008323,114087.92,SUCCESS,2026-02-14 09:35:59,1,1,1,2026-02
TXN0000022013,ACC0024783,80153.66,SUCCESS,2026-02-24 07:06:37,1,1,1,2026-02
TXN0000022023,ACC0023441,86023.59,SUCCESS,2026-04-04 00:30:28,1,1,1,2026-04
TXN0000022025,ACC0012066,51027.32,SUCCESS,2026-07-06 09:57:04,1,1,1,2026-07
TXN0000022027,ACC0026238,139783.48,SUCCESS,2026-03-28 17:27:57,1,1,1,2026-03
TXN0000022028,ACC0003329,142517.36,SUCCESS,2026-07-02 18:22:09,1,1,1,2026-07
TXN0000022052,ACC0019973,33883.51,SUCCESS,2026-02-02 04:19:22,1,1,1,2026-02
TXN0000022060,ACC0012308,105689.58,SUCCESS,2026-04-29 03:49:28,1,1,1,2026-04
TXN0000022065,ACC0014508,37052.71,SUCCESS,2026-01-20 09:26:15,1,1,1,2026-01
TXN0000022072,ACC0011501,1252.83,SUCCESS,2026-05-28 07:49:37,1,1,1,2026-05
TXN0000022073,ACC0006815,94705.82,SUCCESS,2026-06-24 01:59:01,1,1,1,2026-06
TXN0000022078,ACC0002581,38925.74,SUCCESS,2026-02-26 00:48:21,1,1,1,2026-02
TXN0000022082,ACC0015196,13493.34,SUCCESS,2026-04-17 20:38:26,1,1,1,2026-04
TXN0000022091,ACC0028027,55416.92,SUCCESS,2026-07-08 21:18:00,1,1,1,2026-07
TXN0000022092,ACC0018774,45477.09,SUCCESS,2026-04-21 22:37:23,1,1,1,2026-04
TXN0000022093,ACC0024694,23047.63,SUCCESS,2026-06-10 15:06:28,1,1,1,2026-06
TXN0000022099,ACC0005528,3257.04,SUCCESS,2026-01-13 20:52:50,1,1,1,2026-01
TXN0000022103,ACC0008233,92868.01,SUCCESS,2026-02-03 09:52:39,1,1,1,2026-02
TXN0000022112,ACC0022932,131918.22,SUCCESS,2026-03-05 16:37:31,1,1,1,2026-03
TXN0000022114,ACC0021147,64692.79,SUCCESS,2026-05-30 04:24:35,1,1,1,2026-05
TXN0000022115,ACC0004926,106676.52,SUCCESS,2026-07-14 07:16:29,1,1,1,2026-07
TXN0000022118,ACC0009744,57922.18,SUCCESS,2026-05-23 12:19:54,1,1,1,2026-05
TXN0000022129,ACC0006469,145724.1,SUCCESS,2026-07-10 20:51:20,1,1,1,2026-07
TXN0000022135,ACC0025920,113882.91,SUCCESS,2026-04-22 15:38:39,1,1,1,2026-04
TXN0000022144,ACC0027509,42947.25,SUCCESS,2026-03-22 12:51:26,1,1,1,2026-03
TXN0000022148,ACC0007630,119036.94,SUCCESS,2026-05-01 02:58:10,1,1,1,2026-05
TXN0000022160,ACC0020550,122506.16,SUCCESS,2026-05-05 15:48:39,1,1,1,2026-05
TXN0000022163,ACC0009266,64852.77,SUCCESS,2026-01-04 23:40:33,1,1,1,2026-01
TXN0000022166,ACC0028212,2058.46,SUCCESS,2026-04-21 17:58:17,1,1,1,2026-04
TXN0000022167,ACC0009635,83263.13,SUCCESS,2026-08-05 11:48:08,1,1,1,2026-08
TXN0000022188,ACC0022803,97752.74,SUCCESS,2026-02-17 07:24:20,1,1,1,2026-02
TXN0000022190,ACC0017873,42478.41,SUCCESS,2026-08-07 00:04:07,1,1,1,2026-08
TXN0000022192,ACC0000393,23183.02,SUCCESS,2026-03-29 02:35:07,1,1,1,2026-03
TXN0000022198,ACC0017356,67123.36,SUCCESS,2026-05-10 15:56:28,1,1,1,2026-05
TXN0000022200,ACC0001265,130617.76,SUCCESS,2026-01-01 04:45:10,1,1,1,2026-01
TXN0000022205,ACC0016050,23268.32,SUCCESS,2026-07-27 02:04:13,1,1,1,2026-07
TXN0000022207,ACC0025321,129032.24,SUCCESS,2026-03-28 01:57:54,1,1,1,2026-03
TXN0000022211,ACC0000127,44254.11,SUCCESS,2026-06-24 06:45:15,1,1,1,2026-06
TXN0000022227,ACC0024049,88056.77,SUCCESS,2026-08-08 22:00:29,1,1,1,2026-08
TXN0000022229,ACC0025994,39467.22,SUCCESS,2026-03-12 09:00:17,1,1,1,2026-03
TXN0000022232,ACC0018795,84872.29,SUCCESS,2026-03-14 15:32:24,1,1,1,2026-03
TXN0000022234,ACC0029879,147139.75,SUCCESS,2026-07-24 15:13:40,1,1,1,2026-07
TXN0000022244,ACC0026173,73287.1,SUCCESS,2026-04-26 02:43:08,1,1,1,2026-04
TXN0000022245,ACC0011354,88305.49,SUCCESS,2026-01-12 02:17:52,1,1,1,2026-01
TXN0000022249,ACC0019798,10565.15,SUCCESS,2026-05-01 17:58:21,1,1,1,2026-05
TXN0000022256,ACC0009515,137369.1,SUCCESS,2026-05-03 01:11:20,1,1,1,2026-05
TXN0000022262,ACC0025825,26956.02,SUCCESS,2026-04-04 17:37:15,1,1,1,2026-04
TXN0000022263,ACC0010200,122944.68,SUCCESS,2026-02-15 17:05:20,1,1,1,2026-02
TXN0000022266,ACC0001533,32845.41,SUCCESS,2026-05-24 02:49:21,1,1,1,2026-05
TXN0000022275,ACC0011888,75936.69,SUCCESS,2026-02-24 17:56:11,1,1,1,2026-02
TXN0000022276,ACC0017404,86863.08,SUCCESS,2026-05-26 01:47:15,1,1,1,2026-05
TXN0000022284,ACC0024000,16444.65,SUCCESS,2026-01-05 18:00:34,1,1,1,2026-01
TXN0000022302,ACC0020812,39194.8,SUCCESS,2026-04-26 14:26:19,1,1,1,2026-04
TXN0000022307,ACC0020758,104188.72,SUCCESS,2026-07-09 09:31:50,1,1,1,2026-07
TXN0000022333,ACC0027389,86967.67,SUCCESS,2026-06-11 13:37:53,1,1,1,2026-06
TXN0000022347,ACC0006485,12199.03,SUCCESS,2026-03-22 17:25:37,1,1,1,2026-03
TXN0000022351,ACC0027971,60306.03,SUCCESS,2026-06-04 19:25:42,1,1,1,2026-06
TXN0000022355,ACC0014064,49979.3,SUCCESS,2026-03-08 06:18:00,1,1,1,2026-03
TXN0000022358,ACC0006853,92172.93,SUCCESS,2026-07-13 18:54:57,1,1,1,2026-07
TXN0000022361,ACC0000949,121514.04,SUCCESS,2026-06-22 09:03:02,1,1,1,2026-06
TXN0000022372,ACC0005356,149211.37,SUCCESS,2026-07-29 19:20:55,1,1,1,2026-07
TXN0000022373,ACC0012584,58093.5,SUCCESS,2026-06-13 20:13:08,1,1,1,2026-06
TXN0000022383,ACC0003479,28163.38,SUCCESS,2026-02-24 17:40:29,1,1,1,2026-02
TXN0000022388,ACC0023703,66662.66,SUCCESS,2026-02-13 16:49:56,1,1,1,2026-02
TXN0000022389,ACC0000506,139600.33,SUCCESS,2026-07-29 09:00:59,1,1,1,2026-07
TXN0000022392,ACC0002549,100100.35,SUCCESS,2026-06-30 08:12:07,1,1,1,2026-06
TXN0000022393,ACC0029727,126816.72,SUCCESS,2026-05-18 06:10:52,1,1,1,2026-05
TXN0000022402,ACC0014200,46528.33,SUCCESS,2026-03-22 05:13:04,1,1,1,2026-03
TXN0000022409,ACC0008477,147899.21,SUCCESS,2026-03-12 14:49:18,1,1,1,2026-03
TXN0000022410,ACC0027129,51695.34,SUCCESS,2026-05-11 23:48:28,1,1,1,2026-05
TXN0000022413,ACC0017674,104328.9,SUCCESS,2026-02-04 01:23:25,1,1,1,2026-02
TXN0000022425,ACC0001333,54965.53,SUCCESS,2026-06-26 02:31:52,1,1,1,2026-06
TXN0000022426,ACC0025733,40416.32,SUCCESS,2026-05-04 10:17:09,1,1,1,2026-05
TXN0000022428,ACC0029551,7440.49,SUCCESS,2026-01-03 07:31:50,1,1,1,2026-01
TXN0000022429,ACC0021092,1423.95,SUCCESS,2026-07-05 05:19:18,1,1,1,2026-07
TXN0000022436,ACC0019113,27049.31,SUCCESS,2026-04-29 12:35:43,1,1,1,2026-04
TXN0000022437,ACC0021549,80455.2,SUCCESS,2026-04-17 11:33:59,1,1,1,2026-04
TXN0000022444,ACC0026438,77833.15,SUCCESS,2026-06-08 21:04:35,1,1,1,2026-06
TXN0000022450,ACC0003888,26325.21,SUCCESS,2026-06-12 10:34:12,1,1,1,2026-06
TXN0000022451,ACC0019284,61162.07,SUCCESS,2026-01-21 00:32:05,1,1,1,2026-01
TXN0000022458,ACC0029782,110110.89,SUCCESS,2026-05-13 03:10:43,1,1,1,2026-05
TXN0000022462,ACC0029062,51744.45,SUCCESS,2026-05-25 06:47:25,1,1,1,2026-05
TXN0000022477,ACC0014258,37257.98,SUCCESS,2026-06-27 11:27:24,1,1,1,2026-06
TXN0000022481,ACC0003637,99413.34,SUCCESS,2026-05-23 20:50:14,1,1,1,2026-05
TXN0000022483,ACC0003470,10418.48,SUCCESS,2026-04-29 01:57:42,1,2,1,2026-04
TXN0000022488,ACC0004512,85872.99,SUCCESS,2026-07-27 14:04:15,1,1,1,2026-07
TXN0000022495,ACC0020770,131924.44,SUCCESS,2026-07-16 15:45:36,1,1,1,2026-07
TXN0000022503,ACC0019301,67625.21,SUCCESS,2026-07-28 11:06:33,1,1,1,2026-07
TXN0000022505,ACC0022175,3060.39,SUCCESS,2026-01-05 17:20:19,1,1,1,2026-01
TXN0000022508,ACC0029180,51112.77,SUCCESS,2026-01-06 22:14:25,1,1,1,2026-01
TXN0000022521,ACC0020760,119238.78,SUCCESS,2026-01-26 21:51:32,1,1,1,2026-01
TXN0000022525,ACC0002612,38873.27,SUCCESS,2026-03-19 08:36:18,1,1,1,2026-03
TXN0000022528,ACC0002670,27853.18,SUCCESS,2026-07-27 20:11:47,1,1,1,2026-07
TXN0000022530,ACC0015451,69735.16,SUCCESS,2026-06-18 16:42:34,1,1,1,2026-06
TXN0000022538,ACC0029276,35045.14,SUCCESS,2026-06-12 03:53:17,1,1,1,2026-06
TXN0000022539,ACC0019646,81715.83,SUCCESS,2026-01-11 03:21:53,1,1,1,2026-01
TXN0000022540,ACC0024921,100997.17,SUCCESS,2026-03-13 05:45:45,1,1,1,2026-03
TXN0000022543,ACC0016253,106794.44,SUCCESS,2026-06-29 13:28:52,1,1,1,2026-06
TXN0000022544,ACC0015125,52680.49,SUCCESS,2026-04-21 09:13:45,1,1,1,2026-04
TXN0000022553,ACC0001121,34128.42,SUCCESS,2026-01-12 03:35:42,1,1,1,2026-01
TXN0000022557,ACC0013499,142980.63,SUCCESS,2026-07-05 11:57:37,1,1,1,2026-07
TXN0000022559,ACC0024257,117616.23,SUCCESS,2026-06-14 21:40:57,1,1,1,2026-06
TXN0000022562,ACC0004973,111149.5,SUCCESS,2026-05-05 15:25:54,1,1,1,2026-05
TXN0000022566,ACC0006579,79169.83,SUCCESS,2026-02-17 22:33:52,1,1,1,2026-02
TXN0000022578,ACC0005337,19791.87,SUCCESS,2026-01-05 09:37:22,1,1,1,2026-01
TXN0000022585,ACC0017132,131069.44,SUCCESS,2026-04-12 03:48:27,1,1,1,2026-04
TXN0000022587,ACC0026697,112959.48,SUCCESS,2026-04-05 11:04:55,1,1,1,2026-04
TXN0000022593,ACC0008278,147065.36,SUCCESS,2026-07-17 11:58:29,1,1,1,2026-07
TXN0000022597,ACC0026552,100258.83,SUCCESS,2026-06-26 05:50:34,1,1,1,2026-06
TXN0000022599,ACC0013899,147883.03,SUCCESS,2026-06-19 05:39:47,1,1,1,2026-06
TXN0000022600,ACC0010575,137524.93,SUCCESS,2026-04-04 10:05:50,1,1,1,2026-04
TXN0000022603,ACC0016714,138621.31,SUCCESS,2026-03-24 01:39:36,1,1,1,2026-03
TXN0000022612,ACC0010422,60393.29,SUCCESS,2026-02-18 05:22:29,1,1,1,2026-02
TXN0000022615,ACC0028672,137057.85,SUCCESS,2026-07-26 01:25:51,1,1,1,2026-07
TXN0000022616,ACC0025383,22428.43,SUCCESS,2026-06-28 17:34:38,1,1,1,2026-06
TXN0000022631,ACC0004425,22032.46,SUCCESS,2026-01-23 18:32:01,1,1,1,2026-01
TXN0000022644,ACC0019552,7727.69,SUCCESS,2026-02-11 12:16:08,1,1,1,2026-02
TXN0000022660,ACC0006749,16764.69,SUCCESS,2026-07-07 16:36:43,1,1,1,2026-07
TXN0000022664,ACC0000407,17203.69,SUCCESS,2026-06-12 22:27:20,1,1,1,2026-06
TXN0000022665,ACC0026694,41290.32,SUCCESS,2026-01-06 22:01:36,1,1,1,2026-01
TXN0000022675,ACC0017556,130346.77,SUCCESS,2026-06-26 15:06:34,1,1,1,2026-06
TXN0000022677,ACC0015809,24198.34,SUCCESS,2026-07-28 01:24:22,1,1,1,2026-07
TXN0000022680,ACC0021422,18946.37,SUCCESS,2026-02-13 00:06:46,1,1,1,2026-02
TXN0000022690,ACC0011280,1339.26,SUCCESS,2026-03-18 22:30:01,1,1,1,2026-03
TXN0000022698,ACC0012585,130094.46,SUCCESS,2026-06-05 00:45:31,1,1,1,2026-06
TXN0000022703,ACC0003412,11415.57,SUCCESS,2026-06-08 16:20:57,1,1,1,2026-06
TXN0000022706,ACC0010555,49156.87,SUCCESS,2026-04-08 12:10:08,1,1,1,2026-04
TXN0000022717,ACC0002343,97576.9,SUCCESS,2026-03-07 15:28:49,1,1,1,2026-03
TXN0000022718,ACC0022343,118509.2,SUCCESS,2026-03-16 21:38:28,1,1,1,2026-03
TXN0000022721,ACC0024629,52422.61,SUCCESS,2026-01-17 08:32:44,1,1,1,2026-01
TXN0000022724,ACC0010272,101780.73,SUCCESS,2026-06-24 17:54:01,1,1,1,2026-06
TXN0000022728,ACC0002287,116021.81,SUCCESS,2026-05-13 15:31:40,1,1,1,2026-05
TXN0000022734,ACC0006956,38235.54,SUCCESS,2026-05-23 09:51:42,1,1,1,2026-05
TXN0000022749,ACC0002174,14335.06,SUCCESS,2026-02-03 02:09:19,1,1,1,2026-02
TXN0000022753,ACC0028551,44863.58,SUCCESS,2026-01-01 20:45:50,1,1,1,2026-01
TXN0000022758,ACC0027159,142862.62,SUCCESS,2026-03-28 16:02:21,1,1,1,2026-03
TXN0000022759,ACC0014847,55239.6,SUCCESS,2026-05-17 05:38:14,1,1,1,2026-05
TXN0000022802,ACC0001638,22136.19,SUCCESS,2026-06-07 15:17:43,1,1,1,2026-06
TXN0000022842,ACC0011389,115807.1,SUCCESS,2026-03-03 07:03:53,1,1,1,2026-03
TXN0000022847,ACC0021325,119725.5,SUCCESS,2026-02-16 09:27:12,1,1,1,2026-02
TXN0000022857,ACC0017994,122999.11,SUCCESS,2026-04-12 14:36:31,1,1,1,2026-04
TXN0000022861,ACC0003117,102815.17,SUCCESS,2026-03-27 08:42:58,1,1,1,2026-03
TXN0000022863,ACC0010401,69966.83,SUCCESS,2026-05-11 06:43:16,1,1,1,2026-05
TXN0000022873,ACC0029537,102291.91,SUCCESS,2026-07-27 20:15:13,1,1,1,2026-07
TXN0000022875,ACC0004682,12404.17,SUCCESS,2026-05-28 23:31:37,1,1,1,2026-05
TXN0000022879,ACC0029928,56748.17,SUCCESS,2026-02-18 20:34:06,1,1,1,2026-02
TXN0000022887,ACC0004229,79177.6,SUCCESS,2026-02-28 11:28:41,1,1,1,2026-02
TXN0000022896,ACC0016397,101165.51,SUCCESS,2026-05-31 23:06:34,1,1,1,2026-05
TXN0000022904,ACC0003322,32261.12,SUCCESS,2026-05-29 19:48:05,1,1,1,2026-05
TXN0000022907,ACC0006381,149918.62,SUCCESS,2026-05-12 15:34:55,1,1,1,2026-05
TXN0000022908,ACC0019296,146188.52,SUCCESS,2026-03-05 20:00:24,1,1,1,2026-03
TXN0000022916,ACC0010448,43284.03,SUCCESS,2026-03-10 01:46:13,1,1,1,2026-03
TXN0000022920,ACC0020220,12130.24,SUCCESS,2026-06-19 18:54:39,1,1,1,2026-06
TXN0000022931,ACC0020020,118292.71,SUCCESS,2026-08-05 18:32:22,1,1,1,2026-08
TXN0000022933,ACC0028886,120469.89,SUCCESS,2026-04-09 07:44:17,1,1,1,2026-04
TXN0000022940,ACC0003980,58281.3,SUCCESS,2026-02-25 20:30:04,1,1,1,2026-02
TXN0000022956,ACC0010727,39483.13,SUCCESS,2026-06-22 07:49:32,1,1,1,2026-06
TXN0000022958,ACC0006265,131067.2,SUCCESS,2026-03-26 13:10:18,1,1,1,2026-03
TXN0000022963,ACC0005067,12221.82,SUCCESS,2026-02-26 06:34:31,1,1,1,2026-02
TXN0000022970,ACC0008890,54672.62,SUCCESS,2026-05-11 22:55:43,1,1,1,2026-05
TXN0000022985,ACC0006104,104043.07,SUCCESS,2026-01-12 16:09:55,1,1,1,2026-01
TXN0000022988,ACC0017511,75856.92,SUCCESS,2026-01-21 11:04:58,1,1,1,2026-01
TXN0000022993,ACC0002969,101408.93,SUCCESS,2026-05-13 06:40:28,1,1,1,2026-05
TXN0000022994,ACC0014712,80735.82,SUCCESS,2026-05-30 14:56:03,1,1,1,2026-05
TXN0000022997,ACC0019493,69658.78,SUCCESS,2026-02-06 05:58:43,1,1,1,2026-02
TXN0000022998,ACC0004024,66436.7,SUCCESS,2026-01-20 22:23:35,1,1,1,2026-01
TXN0000023014,ACC0013651,118511.62,SUCCESS,2026-05-25 16:48:09,1,1,1,2026-05
TXN0000023015,ACC0025901,70781.49,SUCCESS,2026-06-24 00:29:40,1,1,1,2026-06
TXN0000023018,ACC0001276,35063.84,SUCCESS,2026-03-21 00:07:29,1,1,1,2026-03
TXN0000023027,ACC0020322,126667.36,SUCCESS,2026-02-24 18:09:54,1,1,1,2026-02
TXN0000023029,ACC0005558,142592.4,SUCCESS,2026-04-20 12:21:02,1,1,1,2026-04
TXN0000023030,ACC0022030,19148.31,SUCCESS,2026-07-07 21:45:24,1,1,1,2026-07
TXN0000023033,ACC0017265,31144.82,SUCCESS,2026-05-22 14:39:31,1,1,1,2026-05
TXN0000023036,ACC0008734,127951.83,SUCCESS,2026-04-26 21:09:04,1,1,1,2026-04
TXN0000023037,ACC0020954,91286.47,SUCCESS,2026-01-31 22:24:50,1,1,1,2026-01
TXN0000023042,ACC0029029,103874.99,SUCCESS,2026-05-26 09:45:00,1,1,1,2026-05
TXN0000023046,ACC0024070,129868.31,SUCCESS,2026-04-18 20:59:53,1,1,1,2026-04
TXN0000023048,ACC0010914,6375.05,SUCCESS,2026-08-01 05:02:51,1,1,1,2026-08
TXN0000023054,ACC0028146,49765.73,SUCCESS,2026-06-11 01:17:28,1,1,1,2026-06
TXN0000023056,ACC0025883,65913.47,SUCCESS,2026-07-29 02:49:38,1,1,1,2026-07
TXN0000023067,ACC0007704,89607.65,SUCCESS,2026-04-01 00:26:55,1,1,1,2026-04
TXN0000023070,ACC0027464,66483.62,SUCCESS,2026-04-27 10:35:31,1,1,1,2026-04
TXN0000023082,ACC0025841,48486.4,SUCCESS,2026-03-06 21:05:50,1,1,1,2026-03
TXN0000023090,ACC0019263,24958.99,SUCCESS,2026-04-24 11:39:03,1,1,1,2026-04
TXN0000023094,ACC0003371,46881.02,SUCCESS,2026-01-13 06:52:43,1,1,1,2026-01
TXN0000023097,ACC0018440,106960.11,SUCCESS,2026-03-09 10:20:58,1,1,1,2026-03
TXN0000023099,ACC0021975,138608.6,SUCCESS,2026-01-22 03:23:47,1,1,1,2026-01
TXN0000023101,ACC0018379,12936.07,SUCCESS,2026-04-19 11:50:02,1,1,1,2026-04
TXN0000023111,ACC0027898,48609.54,SUCCESS,2026-07-08 08:27:14,1,1,1,2026-07
TXN0000023112,ACC0014859,121854.67,SUCCESS,2026-05-23 13:07:42,1,1,1,2026-05
TXN0000023117,ACC0014460,142770.88,SUCCESS,2026-06-17 05:04:18,1,1,1,2026-06
TXN0000023124,ACC0004059,106531.9,SUCCESS,2026-04-30 12:15:19,1,1,1,2026-04
TXN0000023128,ACC0022597,63015.48,SUCCESS,2026-03-18 01:27:42,1,1,1,2026-03
TXN0000023130,ACC0011050,57480.59,SUCCESS,2026-07-05 01:21:03,1,1,1,2026-07
TXN0000023131,ACC0000048,72852.11,SUCCESS,2026-01-18 12:35:04,1,1,1,2026-01
TXN0000023135,ACC0011554,135649.9,SUCCESS,2026-02-07 04:39:30,1,1,1,2026-02
TXN0000023155,ACC0009263,137060.96,SUCCESS,2026-08-03 13:53:49,1,1,1,2026-08
TXN0000023157,ACC0007357,77232.43,SUCCESS,2026-01-30 12:54:55,1,1,1,2026-01
TXN0000023158,ACC0014912,99980.82,SUCCESS,2026-07-28 17:39:24,1,1,1,2026-07
TXN0000023166,ACC0009881,27481.68,SUCCESS,2026-08-01 14:47:19,1,1,1,2026-08
TXN0000023167,ACC0007404,4424.92,SUCCESS,2026-05-22 04:07:59,1,1,1,2026-05
TXN0000023170,ACC0004822,64348.76,SUCCESS,2026-08-02 00:38:57,1,2,1,2026-08
TXN0000023174,ACC0011940,41296.52,SUCCESS,2026-05-19 08:12:23,1,1,1,2026-05
TXN0000023194,ACC0012117,56435.14,SUCCESS,2026-02-10 00:23:37,1,1,1,2026-02
TXN0000023195,ACC0027895,102017.73,SUCCESS,2026-03-04 15:00:53,1,1,1,2026-03
TXN0000023198,ACC0010562,105948.12,SUCCESS,2026-07-21 03:01:12,1,1,1,2026-07
TXN0000023207,ACC0001178,120922.7,SUCCESS,2026-08-01 20:05:55,1,1,1,2026-08
TXN0000023209,ACC0001727,54192.45,SUCCESS,2026-07-23 12:58:13,1,1,1,2026-07
TXN0000023210,ACC0019791,76568.76,SUCCESS,2026-07-29 00:13:29,1,1,1,2026-07
TXN0000023214,ACC0028633,77800.02,SUCCESS,2026-07-08 13:27:35,1,1,1,2026-07
TXN0000023217,ACC0022238,111604.73,SUCCESS,2026-07-20 13:32:27,1,1,1,2026-07
TXN0000023229,ACC0025169,57825.81,SUCCESS,2026-03-01 03:12:45,1,1,1,2026-03
TXN0000023238,ACC0013987,37446.28,SUCCESS,2026-04-22 16:40:28,1,1,1,2026-04
TXN0000023263,ACC0014967,25291.65,SUCCESS,2026-03-02 22:43:20,1,1,1,2026-03
TXN0000023265,ACC0000151,23606.23,SUCCESS,2026-04-08 10:36:52,1,1,1,2026-04
TXN0000023268,ACC0019808,62172.53,SUCCESS,2026-06-02 02:36:37,1,1,1,2026-06
TXN0000023269,ACC0008756,21130.38,SUCCESS,2026-01-20 00:15:54,1,1,1,2026-01
TXN0000023280,ACC0019686,1668.18,SUCCESS,2026-01-13 12:23:49,1,1,1,2026-01
TXN0000023281,ACC0025715,114853.05,SUCCESS,2026-03-14 09:01:55,1,1,1,2026-03
TXN0000023283,ACC0022850,135250.04,SUCCESS,2026-04-02 17:34:45,1,1,1,2026-04
TXN0000023284,ACC0029287,14222.25,SUCCESS,2026-01-14 00:20:54,1,1,1,2026-01
TXN0000023286,ACC0003789,114318.74,SUCCESS,2026-04-02 19:54:31,1,1,1,2026-04
TXN0000023290,ACC0008722,14327.2,SUCCESS,2026-03-16 02:49:44,1,1,1,2026-03
TXN0000023295,ACC0013653,26024.86,SUCCESS,2026-07-30 02:12:29,1,1,1,2026-07
TXN0000023308,ACC0014035,114535.87,SUCCESS,2026-02-09 05:27:15,1,1,1,2026-02
TXN0000023317,ACC0001471,14467.81,SUCCESS,2026-02-16 22:17:28,1,1,1,2026-02
TXN0000023320,ACC0014282,47093.86,SUCCESS,2026-05-28 16:12:19,1,1,1,2026-05
TXN0000023327,ACC0020258,136874.64,SUCCESS,2026-04-10 02:51:37,1,1,1,2026-04
TXN0000023329,ACC0004096,74292.46,SUCCESS,2026-04-22 23:40:38,1,1,1,2026-04
TXN0000023331,ACC0018288,74595.2,SUCCESS,2026-06-18 23:42:41,1,1,1,2026-06
TXN0000023340,ACC0011653,57272.62,SUCCESS,2026-05-21 19:04:11,1,1,1,2026-05
TXN0000023342,ACC0010066,29663.22,SUCCESS,2026-03-03 19:30:15,1,1,1,2026-03
TXN0000023347,ACC0019183,100259.8,SUCCESS,2026-02-12 22:38:13,1,1,1,2026-02
TXN0000023349,ACC0016437,133973.03,SUCCESS,2026-03-05 10:05:24,1,1,1,2026-03
TXN0000023356,ACC0009071,68226.7,SUCCESS,2026-07-22 01:33:10,1,1,1,2026-07
TXN0000023359,ACC0010477,75522.78,SUCCESS,2026-06-22 20:16:49,1,1,1,2026-06
TXN0000023362,ACC0025461,69729.01,SUCCESS,2026-03-01 22:16:01,1,1,1,2026-03
TXN0000023372,ACC0005583,87063.74,SUCCESS,2026-04-13 20:46:22,1,1,1,2026-04
TXN0000023376,ACC0015791,13414.07,SUCCESS,2026-06-26 11:33:09,1,1,1,2026-06
TXN0000023378,ACC0016414,70791.51,SUCCESS,2026-07-26 21:12:48,1,1,1,2026-07
TXN0000023380,ACC0000953,75256.22,SUCCESS,2026-07-03 12:29:49,1,1,1,2026-07
TXN0000023388,ACC0028274,50334.5,SUCCESS,2026-07-23 04:14:37,1,1,1,2026-07
TXN0000023393,ACC0006356,31262.91,SUCCESS,2026-01-06 05:55:07,1,1,1,2026-01
TXN0000023395,ACC0026591,26975.55,SUCCESS,2026-03-30 04:00:32,1,1,1,2026-03
TXN0000023396,ACC0005037,77621.12,SUCCESS,2026-06-19 23:57:43,1,1,1,2026-06
TXN0000023405,ACC0020191,27918.34,SUCCESS,2026-01-20 08:59:16,1,1,1,2026-01
TXN0000023411,ACC0024478,82313.27,SUCCESS,2026-05-24 04:51:30,1,1,1,2026-05
TXN0000023414,ACC0002954,142080.37,SUCCESS,2026-03-06 05:38:28,1,1,1,2026-03
TXN0000023417,ACC0021118,140522.64,SUCCESS,2026-07-02 05:29:08,1,1,1,2026-07
TXN0000023422,ACC0009115,37816.28,SUCCESS,2026-07-16 12:17:44,1,1,1,2026-07
TXN0000023424,ACC0024515,68263.08,SUCCESS,2026-06-07 10:19:50,1,1,1,2026-06
TXN0000023425,ACC0010460,54277.26,SUCCESS,2026-05-20 06:13:06,1,1,1,2026-05
TXN0000023430,ACC0011053,9309.19,SUCCESS,2026-03-02 17:21:36,1,1,1,2026-03
TXN0000023437,ACC0009624,137537.96,SUCCESS,2026-03-21 11:05:24,1,1,1,2026-03
TXN0000023445,ACC0012145,136919.24,SUCCESS,2026-03-03 19:35:15,1,1,1,2026-03
TXN0000023461,ACC0004303,24309.29,SUCCESS,2026-03-09 19:21:47,1,1,1,2026-03
TXN0000023462,ACC0028928,17724.56,SUCCESS,2026-06-21 03:17:23,1,1,1,2026-06
TXN0000023463,ACC0006127,92064.97,SUCCESS,2026-02-25 07:53:40,1,1,1,2026-02
TXN0000023464,ACC0027233,66752.18,SUCCESS,2026-06-14 12:14:46,1,1,1,2026-06
TXN0000023466,ACC0005753,128771.46,SUCCESS,2026-03-29 15:31:01,1,1,1,2026-03
TXN0000023474,ACC0008952,42142.34,SUCCESS,2026-01-23 06:57:47,1,1,1,2026-01
TXN0000023480,ACC0013381,140081.42,SUCCESS,2026-05-20 22:20:47,1,1,1,2026-05
TXN0000023488,ACC0014048,90390.17,SUCCESS,2026-07-29 11:56:44,1,1,1,2026-07
TXN0000023490,ACC0021779,58254.63,SUCCESS,2026-04-11 13:42:17,1,1,1,2026-04
TXN0000023499,ACC0023983,47420.01,SUCCESS,2026-01-29 14:44:09,1,1,1,2026-01
TXN0000023505,ACC0021448,55400.18,SUCCESS,2026-07-27 11:42:17,1,1,1,2026-07
TXN0000023510,ACC0014904,107451.61,SUCCESS,2026-01-27 04:45:10,1,1,1,2026-01
TXN0000023517,ACC0024451,45191.34,SUCCESS,2026-02-20 19:14:57,1,1,1,2026-02
TXN0000023519,ACC0010232,71819.7,SUCCESS,2026-04-14 10:20:34,1,1,1,2026-04
TXN0000023529,ACC0005296,3591.77,SUCCESS,2026-08-05 17:32:32,1,1,1,2026-08
TXN0000023530,ACC0009018,91976.41,SUCCESS,2026-03-19 04:21:26,1,1,1,2026-03
TXN0000023531,ACC0029216,5623.78,SUCCESS,2026-04-13 14:24:08,1,2,1,2026-04
TXN0000023533,ACC0011898,90984.72,SUCCESS,2026-02-17 05:52:36,1,1,1,2026-02
TXN0000023540,ACC0028596,53451.99,SUCCESS,2026-07-18 00:29:05,1,1,1,2026-07
TXN0000023542,ACC0025342,25497.98,SUCCESS,2026-04-27 06:21:49,1,1,1,2026-04
TXN0000023550,ACC0019997,66979.5,SUCCESS,2026-01-13 18:14:24,1,1,1,2026-01
TXN0000023552,ACC0024339,118749.76,SUCCESS,2026-05-29 14:25:15,1,1,1,2026-05
TXN0000023555,ACC0003290,21285.79,SUCCESS,2026-02-27 11:56:09,1,1,1,2026-02
TXN0000023558,ACC0026345,30743.36,SUCCESS,2026-07-22 16:23:42,1,1,1,2026-07
TXN0000023573,ACC0003326,54549.25,SUCCESS,2026-04-29 20:50:14,1,1,1,2026-04
TXN0000023579,ACC0007006,74315.84,SUCCESS,2026-04-09 13:48:29,1,1,1,2026-04
TXN0000023581,ACC0017338,55661.25,SUCCESS,2026-06-17 07:58:49,1,1,1,2026-06
TXN0000023583,ACC0017169,44890.42,SUCCESS,2026-06-15 11:14:59,1,1,1,2026-06
TXN0000023585,ACC0028719,93650.02,SUCCESS,2026-05-04 21:21:24,1,1,1,2026-05
TXN0000023592,ACC0023331,141130.02,SUCCESS,2026-07-10 03:55:36,1,1,1,2026-07
TXN0000023594,ACC0024506,38210.16,SUCCESS,2026-02-03 07:53:42,1,1,1,2026-02
TXN0000023603,ACC0018840,25988.27,SUCCESS,2026-02-14 18:17:18,1,1,1,2026-02
TXN0000023610,ACC0004566,38761.26,SUCCESS,2026-05-15 10:28:19,1,1,1,2026-05
TXN0000023616,ACC0010257,95448.48,SUCCESS,2026-06-10 07:08:08,1,1,1,2026-06
TXN0000023621,ACC0024750,22416.69,SUCCESS,2026-06-04 22:12:58,1,1,1,2026-06
TXN0000023624,ACC0009400,45553.62,SUCCESS,2026-01-29 04:22:28,1,1,1,2026-01
TXN0000023654,ACC0019359,78837.2,SUCCESS,2026-02-15 14:26:05,1,1,1,2026-02
TXN0000023657,ACC0027148,124042.88,SUCCESS,2026-01-15 13:09:49,1,1,1,2026-01
TXN0000023659,ACC0011313,11811.19,SUCCESS,2026-06-08 03:12:19,1,1,1,2026-06
TXN0000023666,ACC0024962,8188.27,SUCCESS,2026-04-07 19:21:37,1,1,1,2026-04
TXN0000023667,ACC0019399,82563.43,SUCCESS,2026-05-03 17:09:56,1,1,1,2026-05
TXN0000023674,ACC0022293,11534.3,SUCCESS,2026-05-19 02:10:56,1,1,1,2026-05
TXN0000023675,ACC0015786,5598.57,SUCCESS,2026-02-15 22:59:44,1,1,1,2026-02
TXN0000023676,ACC0022240,45892.86,SUCCESS,2026-07-26 19:28:07,1,1,1,2026-07
TXN0000023678,ACC0013993,73219.41,SUCCESS,2026-07-02 21:35:58,1,1,1,2026-07
TXN0000023684,ACC0015441,145853.82,SUCCESS,2026-04-08 16:58:49,1,1,1,2026-04
TXN0000023690,ACC0015134,116823.41,SUCCESS,2026-03-02 09:53:43,1,1,1,2026-03
TXN0000023692,ACC0008699,50926.88,SUCCESS,2026-04-27 12:11:21,1,1,1,2026-04
TXN0000023699,ACC0016215,72688.41,SUCCESS,2026-07-28 06:37:44,1,1,1,2026-07
TXN0000023705,ACC0008712,32430.57,SUCCESS,2026-01-16 22:58:44,1,1,1,2026-01
TXN0000023709,ACC0002359,115966.53,SUCCESS,2026-03-05 02:21:01,1,1,1,2026-03
TXN0000023720,ACC0026783,116123.56,SUCCESS,2026-06-08 17:08:23,1,1,1,2026-06
TXN0000023725,ACC0028728,1742.35,SUCCESS,2026-07-21 14:57:26,1,1,1,2026-07
TXN0000023736,ACC0000750,34680.03,SUCCESS,2026-01-21 00:27:48,1,1,1,2026-01
TXN0000023739,ACC0008001,134631.33,SUCCESS,2026-03-27 15:44:39,1,1,1,2026-03
TXN0000023740,ACC0017809,27677.53,SUCCESS,2026-04-24 10:02:22,1,1,1,2026-04
TXN0000023741,ACC0001968,826.19,SUCCESS,2026-03-13 02:15:26,1,1,1,2026-03
TXN0000023742,ACC0015870,59750.76,SUCCESS,2026-03-24 02:09:27,1,1,1,2026-03
TXN0000023747,ACC0015924,132197.33,SUCCESS,2026-02-07 08:32:22,1,1,1,2026-02
TXN0000023757,ACC0021896,136197.37,SUCCESS,2026-03-11 16:30:38,1,1,1,2026-03
TXN0000023758,ACC0004024,44437.56,SUCCESS,2026-02-05 15:00:56,1,1,1,2026-02
TXN0000023760,ACC0007636,110360.24,SUCCESS,2026-06-26 13:57:07,1,1,1,2026-06
TXN0000023761,ACC0028934,51119.47,SUCCESS,2026-03-30 03:42:08,1,1,1,2026-03
TXN0000023763,ACC0015110,99554.36,SUCCESS,2026-01-31 16:01:43,1,1,1,2026-01
TXN0000023767,ACC0013184,25067.58,SUCCESS,2026-01-13 06:15:55,1,1,1,2026-01
TXN0000023773,ACC0006716,28112.55,SUCCESS,2026-02-23 15:32:17,1,1,1,2026-02
TXN0000023782,ACC0013175,44070.49,SUCCESS,2026-07-16 05:51:20,1,1,1,2026-07
TXN0000023785,ACC0005954,102733.3,SUCCESS,2026-05-08 22:26:46,1,1,1,2026-05
TXN0000023790,ACC0005553,132804.33,SUCCESS,2026-06-15 04:32:43,1,1,1,2026-06
TXN0000023795,ACC0002616,90873.49,SUCCESS,2026-06-27 15:53:35,1,1,1,2026-06
TXN0000023802,ACC0026794,114710.25,SUCCESS,2026-05-08 09:36:22,1,1,1,2026-05
TXN0000023808,ACC0023365,46190.62,SUCCESS,2026-02-28 10:22:13,1,1,1,2026-02
TXN0000023814,ACC0018401,120189.8,SUCCESS,2026-05-05 06:21:08,1,1,1,2026-05
TXN0000023829,ACC0003773,20371.68,SUCCESS,2026-02-09 11:19:38,1,1,1,2026-02
TXN0000023839,ACC0000513,33859.11,SUCCESS,2026-05-14 20:37:20,1,1,1,2026-05
TXN0000023842,ACC0027409,13150.6,SUCCESS,2026-03-09 12:42:27,1,1,1,2026-03
TXN0000023845,ACC0000438,20471.5,SUCCESS,2026-08-04 03:41:35,1,1,1,2026-08
TXN0000023846,ACC0029283,6536.25,SUCCESS,2026-04-10 02:45:29,1,1,1,2026-04
TXN0000023849,ACC0027570,54345.39,SUCCESS,2026-06-02 01:10:18,1,1,1,2026-06
TXN0000023858,ACC0014830,84246.71,SUCCESS,2026-03-31 04:52:22,1,1,1,2026-03
TXN0000023873,ACC0011748,30065.9,SUCCESS,2026-08-08 13:23:21,1,1,1,2026-08
TXN0000023875,ACC0003654,89411.1,SUCCESS,2026-03-04 23:27:00,1,1,1,2026-03
TXN0000023878,ACC0011899,60068.35,SUCCESS,2026-04-14 06:24:54,1,1,1,2026-04
TXN0000023886,ACC0007910,69344.28,SUCCESS,2026-04-16 01:31:01,1,1,1,2026-04
TXN0000023894,ACC0012070,126809.63,SUCCESS,2026-01-07 14:58:05,1,1,1,2026-01
TXN0000023896,ACC0002583,68696.34,SUCCESS,2026-03-07 15:05:27,1,1,1,2026-03
TXN0000023897,ACC0000001,114222.84,SUCCESS,2026-04-09 17:09:27,1,1,1,2026-04
TXN0000023898,ACC0012857,18159.4,SUCCESS,2026-03-15 15:32:57,1,1,1,2026-03
TXN0000023900,ACC0010964,110981.82,SUCCESS,2026-02-06 00:03:48,1,1,1,2026-02
TXN0000023901,ACC0003332,8417.4,SUCCESS,2026-06-09 17:51:40,1,1,1,2026-06
TXN0000023904,ACC0000616,76260.77,SUCCESS,2026-03-29 04:25:30,1,1,1,2026-03
TXN0000023906,ACC0012255,123222.6,SUCCESS,2026-04-03 19:00:17,1,1,1,2026-04
TXN0000023909,ACC0026190,101107.7,SUCCESS,2026-06-04 07:03:59,1,1,1,2026-06
TXN0000023910,ACC0020755,96950.82,SUCCESS,2026-07-15 05:21:10,1,1,1,2026-07
TXN0000023912,ACC0011615,40141.32,SUCCESS,2026-02-05 23:17:17,1,1,1,2026-02
TXN0000023915,ACC0022263,22737.54,SUCCESS,2026-06-09 21:06:28,1,1,1,2026-06
TXN0000023921,ACC0010601,16743.98,SUCCESS,2026-07-28 03:17:08,1,1,1,2026-07
TXN0000023932,ACC0026325,141802.16,SUCCESS,2026-01-14 20:38:31,1,1,1,2026-01
TXN0000023945,ACC0009253,17932.44,SUCCESS,2026-04-06 12:37:13,1,1,1,2026-04
TXN0000023950,ACC0028971,84366.16,SUCCESS,2026-03-16 06:22:22,1,1,1,2026-03
TXN0000023958,ACC0026803,90124.75,SUCCESS,2026-02-18 20:34:29,1,1,1,2026-02
TXN0000023988,ACC0023342,54495.79,SUCCESS,2026-07-27 02:19:21,1,1,1,2026-07
TXN0000023991,ACC0012740,54840.46,SUCCESS,2026-03-10 15:01:44,1,1,1,2026-03
TXN0000024008,ACC0028871,14148.01,SUCCESS,2026-02-18 13:46:00,1,2,1,2026-02
TXN0000024010,ACC0013448,139320.45,SUCCESS,2026-02-21 20:33:31,1,1,1,2026-02
TXN0000024018,ACC0013053,122365.71,SUCCESS,2026-07-09 19:32:40,1,1,1,2026-07
TXN0000024023,ACC0014205,80924.31,SUCCESS,2026-03-10 20:27:33,1,1,1,2026-03
TXN0000024030,ACC0015589,130956.46,SUCCESS,2026-02-25 09:21:01,1,1,1,2026-02
TXN0000024036,ACC0005679,87164.8,SUCCESS,2026-08-08 09:17:46,1,1,1,2026-08
TXN0000024042,ACC0013907,136198.2,SUCCESS,2026-05-16 06:43:01,1,1,1,2026-05
TXN0000024049,ACC0013926,30040.11,SUCCESS,2026-02-15 06:37:30,1,1,1,2026-02
TXN0000024050,ACC0011951,44666.92,SUCCESS,2026-06-11 00:33:07,1,1,1,2026-06
TXN0000024054,ACC0006551,29222.88,SUCCESS,2026-04-30 13:29:03,1,1,1,2026-04
TXN0000024058,ACC0008663,108250.39,SUCCESS,2026-02-06 00:37:22,1,1,1,2026-02
TXN0000024059,ACC0015408,144432.09,SUCCESS,2026-04-10 06:59:19,1,1,1,2026-04
TXN0000024062,ACC0006912,83420.14,SUCCESS,2026-05-05 14:55:03,1,1,1,2026-05
TXN0000024063,ACC0005568,91461.04,SUCCESS,2026-05-21 23:27:27,1,1,1,2026-05
TXN0000024066,ACC0005423,143530.15,SUCCESS,2026-05-20 03:06:53,1,1,1,2026-05
TXN0000024070,ACC0014813,106411.42,SUCCESS,2026-03-25 06:22:42,1,1,1,2026-03
TXN0000024072,ACC0000143,51254.98,SUCCESS,2026-06-05 02:55:31,1,1,1,2026-06
TXN0000024073,ACC0027750,105004.89,SUCCESS,2026-06-19 12:00:49,1,1,1,2026-06
TXN0000024077,ACC0004232,20321.9,SUCCESS,2026-02-12 12:13:52,1,1,1,2026-02
TXN0000024082,ACC0012923,36225.21,SUCCESS,2026-04-04 13:39:48,1,1,1,2026-04
TXN0000024083,ACC0019059,64489.27,SUCCESS,2026-04-03 05:12:31,1,1,1,2026-04
TXN0000024086,ACC0023385,2954.98,SUCCESS,2026-02-19 04:44:21,1,1,1,2026-02
TXN0000024092,ACC0028711,1966.71,SUCCESS,2026-06-23 02:42:11,1,1,1,2026-06
TXN0000024096,ACC0001220,89228.06,SUCCESS,2026-06-14 14:12:47,1,1,1,2026-06
TXN0000024098,ACC0019323,109592.37,SUCCESS,2026-05-25 02:39:20,1,1,1,2026-05
TXN0000024099,ACC0002433,57106.02,SUCCESS,2026-07-10 04:04:12,1,1,1,2026-07
TXN0000024103,ACC0002808,3604.92,SUCCESS,2026-08-03 09:04:51,1,1,1,2026-08
TXN0000024113,ACC0012639,101942.97,SUCCESS,2026-03-07 13:49:11,1,1,1,2026-03
TXN0000024114,ACC0022617,503.76,SUCCESS,2026-04-15 17:46:56,1,1,1,2026-04
TXN0000024121,ACC0005188,112983.7,SUCCESS,2026-07-25 23:37:51,1,1,1,2026-07
TXN0000024122,ACC0026973,135699.82,SUCCESS,2026-08-06 00:48:39,1,1,1,2026-08
TXN0000024128,ACC0015708,23505.3,SUCCESS,2026-03-17 21:12:15,1,1,1,2026-03
TXN0000024141,ACC0027766,67422.36,SUCCESS,2026-02-16 03:04:57,1,1,1,2026-02
TXN0000024160,ACC0019007,137623.91,SUCCESS,2026-06-03 11:44:13,1,1,1,2026-06
TXN0000024162,ACC0024677,85190.16,SUCCESS,2026-02-08 02:08:30,1,2,1,2026-02
TXN0000024163,ACC0028323,5457.79,SUCCESS,2026-06-26 07:52:00,1,1,1,2026-06
TXN0000024166,ACC0024746,7260.37,SUCCESS,2026-05-03 17:59:35,1,1,1,2026-05
TXN0000024168,ACC0021981,41459.39,SUCCESS,2026-06-11 04:16:39,1,1,1,2026-06
TXN0000024178,ACC0024115,38459.6,SUCCESS,2026-06-09 06:50:36,1,1,1,2026-06
TXN0000024185,ACC0011317,139419.47,SUCCESS,2026-05-02 05:11:12,1,1,1,2026-05
TXN0000024189,ACC0023074,36654.14,SUCCESS,2026-06-07 00:45:16,1,1,1,2026-06
TXN0000024201,ACC0025302,18581.49,SUCCESS,2026-01-05 12:18:03,1,1,1,2026-01
TXN0000024206,ACC0016565,94484.42,SUCCESS,2026-03-11 22:35:39,1,1,1,2026-03
TXN0000024207,ACC0010679,6632.91,SUCCESS,2026-07-28 06:38:37,1,1,1,2026-07
TXN0000024208,ACC0016413,109889.36,SUCCESS,2026-03-17 01:28:15,1,1,1,2026-03
TXN0000024216,ACC0012434,147477.62,SUCCESS,2026-07-20 20:02:04,1,1,1,2026-07
TXN0000024223,ACC0005044,33238.97,SUCCESS,2026-05-04 17:18:41,1,1,1,2026-05
TXN0000024231,ACC0022872,132655.39,SUCCESS,2026-05-03 16:31:05,1,1,1,2026-05
TXN0000024241,ACC0001963,5707.56,SUCCESS,2026-08-01 10:19:08,1,1,1,2026-08
TXN0000024254,ACC0029363,79388.94,SUCCESS,2026-03-13 06:28:04,1,1,1,2026-03
TXN0000024258,ACC0020509,138601.33,SUCCESS,2026-04-08 11:12:02,1,2,1,2026-04
TXN0000024262,ACC0001948,82935.71,SUCCESS,2026-01-14 21:23:13,1,1,1,2026-01
TXN0000024264,ACC0001174,121930.79,SUCCESS,2026-06-12 04:19:59,1,1,1,2026-06
TXN0000024268,ACC0028025,52354.51,SUCCESS,2026-04-12 08:13:22,1,1,1,2026-04
TXN0000024271,ACC0006054,124058.85,SUCCESS,2026-05-26 12:25:18,1,1,1,2026-05
TXN0000024275,ACC0022584,128577.43,SUCCESS,2026-05-11 19:26:29,1,1,1,2026-05
TXN0000024294,ACC0029940,141995.94,SUCCESS,2026-05-05 05:44:31,1,1,1,2026-05
TXN0000024306,ACC0016180,90177.2,SUCCESS,2026-06-12 15:24:54,1,1,1,2026-06
TXN0000024307,ACC0008234,52529.65,SUCCESS,2026-05-21 22:21:21,1,1,1,2026-05
TXN0000024309,ACC0011123,71410.99,SUCCESS,2026-03-24 03:22:31,1,1,1,2026-03
TXN0000024318,ACC0020976,102388.34,SUCCESS,2026-02-04 07:38:39,1,1,1,2026-02
TXN0000024320,ACC0005466,5786.04,SUCCESS,2026-06-12 19:21:36,1,1,1,2026-06
TXN0000024325,ACC0004458,94578.97,SUCCESS,2026-01-11 21:54:17,1,1,1,2026-01
TXN0000024332,ACC0015152,88813.86,SUCCESS,2026-01-27 17:44:49,1,1,1,2026-01
TXN0000024340,ACC0007053,32614.2,SUCCESS,2026-03-29 02:24:39,1,1,1,2026-03
TXN0000024341,ACC0025020,106598.63,SUCCESS,2026-05-13 11:43:30,1,1,1,2026-05
TXN0000024350,ACC0009483,8867.99,SUCCESS,2026-01-20 06:40:35,1,1,1,2026-01
TXN0000024353,ACC0019086,96575.46,SUCCESS,2026-06-01 20:40:22,1,1,1,2026-06
TXN0000024356,ACC0008541,91271.77,SUCCESS,2026-01-24 06:03:53,1,1,1,2026-01
TXN0000024357,ACC0027958,134301.89,SUCCESS,2026-05-23 09:10:22,1,1,1,2026-05
TXN0000024362,ACC0001434,40677.68,SUCCESS,2026-03-29 09:34:10,1,1,1,2026-03
TXN0000024370,ACC0020018,144344.76,SUCCESS,2026-06-16 11:16:03,1,1,1,2026-06
TXN0000024371,ACC0023208,51942.97,SUCCESS,2026-05-02 10:51:19,1,1,1,2026-05
TXN0000024375,ACC0025169,9869.06,SUCCESS,2026-05-09 08:24:48,1,1,1,2026-05
TXN0000024387,ACC0023308,125353.79,SUCCESS,2026-06-05 11:25:24,1,1,1,2026-06
TXN0000024389,ACC0026657,28625.98,SUCCESS,2026-03-25 05:54:53,1,1,1,2026-03
TXN0000024390,ACC0008858,57622.45,SUCCESS,2026-06-05 17:26:52,1,1,1,2026-06
TXN0000024391,ACC0014817,112849.02,SUCCESS,2026-02-14 08:36:17,1,1,1,2026-02
TXN0000024403,ACC0026372,45468.55,SUCCESS,2026-05-28 06:28:28,1,1,1,2026-05
TXN0000024404,ACC0003732,138823.46,SUCCESS,2026-07-31 01:08:20,1,1,1,2026-07
TXN0000024408,ACC0008850,35998.88,SUCCESS,2026-06-16 23:00:22,1,1,1,2026-06
TXN0000024409,ACC0012399,104421.36,SUCCESS,2026-01-16 04:52:36,1,1,1,2026-01
TXN0000024413,ACC0019588,66489.65,SUCCESS,2026-05-13 00:03:35,1,1,1,2026-05
TXN0000024416,ACC0006441,70490.17,SUCCESS,2026-04-20 14:33:11,1,1,1,2026-04
TXN0000024420,ACC0022694,125242.88,SUCCESS,2026-02-16 07:22:49,1,1,1,2026-02
TXN0000024421,ACC0024516,81332.04,SUCCESS,2026-07-13 17:49:31,1,1,1,2026-07
TXN0000024425,ACC0018684,83082.69,SUCCESS,2026-04-07 18:33:30,1,1,1,2026-04
TXN0000024426,ACC0006042,108049.57,SUCCESS,2026-03-04 19:56:19,1,1,1,2026-03
TXN0000024433,ACC0029823,104465.41,SUCCESS,2026-06-16 19:30:04,1,1,1,2026-06
TXN0000024434,ACC0017927,74119.11,SUCCESS,2026-07-08 22:07:20,1,1,1,2026-07
TXN0000024448,ACC0029033,76244.36,SUCCESS,2026-01-29 02:20:50,1,1,1,2026-01
TXN0000024457,ACC0005243,138738.04,SUCCESS,2026-06-08 14:52:26,1,1,1,2026-06
TXN0000024471,ACC0010779,98905.84,SUCCESS,2026-05-25 08:21:07,1,1,1,2026-05
TXN0000024479,ACC0019116,71879.19,SUCCESS,2026-03-22 15:55:27,1,1,1,2026-03
TXN0000024489,ACC0013278,46158.36,SUCCESS,2026-01-16 20:57:36,1,1,1,2026-01
TXN0000024493,ACC0029498,72717.04,SUCCESS,2026-06-04 05:42:59,1,1,1,2026-06
TXN0000024503,ACC0025059,76767.28,SUCCESS,2026-05-19 18:04:22,1,1,1,2026-05
TXN0000024505,ACC0015797,63605.63,SUCCESS,2026-04-03 00:59:54,1,1,1,2026-04
TXN0000024508,ACC0026036,3227.13,SUCCESS,2026-07-18 19:45:42,1,1,1,2026-07
TXN0000024509,ACC0005753,145014.81,SUCCESS,2026-01-26 05:54:54,1,1,1,2026-01
TXN0000024514,ACC0002111,137065.52,SUCCESS,2026-01-26 19:20:20,1,1,1,2026-01
TXN0000024521,ACC0004324,70634.3,SUCCESS,2026-05-23 23:04:36,1,1,1,2026-05
TXN0000024523,ACC0020800,80783.79,SUCCESS,2026-03-08 01:04:23,1,1,1,2026-03
TXN0000024531,ACC0025364,71074.38,SUCCESS,2026-08-02 07:52:03,1,1,1,2026-08
TXN0000024537,ACC0028355,137936.21,SUCCESS,2026-04-08 14:22:49,1,1,1,2026-04
TXN0000024559,ACC0013934,58234.85,SUCCESS,2026-03-01 12:21:47,1,1,1,2026-03
TXN0000024561,ACC0029936,109411.45,SUCCESS,2026-04-28 00:50:30,1,1,1,2026-04
TXN0000024563,ACC0025486,82522.11,SUCCESS,2026-06-18 11:57:09,1,1,1,2026-06
TXN0000024564,ACC0006368,118249.68,SUCCESS,2026-04-07 23:33:11,1,1,1,2026-04
TXN0000024565,ACC0014691,107593.16,SUCCESS,2026-03-08 09:36:24,1,1,1,2026-03
TXN0000024569,ACC0003036,144560.31,SUCCESS,2026-04-03 09:46:42,1,1,1,2026-04
TXN0000024571,ACC0027845,111974.27,SUCCESS,2026-08-02 06:39:03,1,1,1,2026-08
TXN0000024581,ACC0023276,140611.95,SUCCESS,2026-03-16 12:47:26,1,1,1,2026-03
TXN0000024583,ACC0023815,137455.73,SUCCESS,2026-01-19 14:55:16,1,1,1,2026-01
TXN0000024590,ACC0023072,114592.11,SUCCESS,2026-06-07 13:34:08,1,1,1,2026-06
TXN0000024598,ACC0029150,146622.16,SUCCESS,2026-04-01 18:10:13,1,1,1,2026-04
TXN0000024605,ACC0008624,90199.7,SUCCESS,2026-03-13 05:34:31,1,1,1,2026-03
TXN0000024607,ACC0025463,930.9,SUCCESS,2026-03-18 17:56:22,1,1,1,2026-03
TXN0000024611,ACC0019455,55706.47,SUCCESS,2026-04-06 00:05:38,1,1,1,2026-04
TXN0000024617,ACC0008431,21272.17,SUCCESS,2026-01-18 14:01:41,1,1,1,2026-01
TXN0000024621,ACC0005539,45550.09,SUCCESS,2026-05-02 10:58:03,1,1,1,2026-05
TXN0000024629,ACC0026149,28050.68,SUCCESS,2026-03-20 23:44:15,1,1,1,2026-03
TXN0000024638,ACC0018938,53667.88,SUCCESS,2026-02-16 21:12:35,1,1,1,2026-02
TXN0000024641,ACC0000046,45021.98,SUCCESS,2026-01-20 11:06:42,1,1,1,2026-01
TXN0000024643,ACC0004761,56862.78,SUCCESS,2026-03-19 17:14:11,1,1,1,2026-03
TXN0000024644,ACC0005902,26067.58,SUCCESS,2026-06-24 22:51:05,1,1,1,2026-06
TXN0000024646,ACC0026555,69167.45,SUCCESS,2026-02-13 04:26:09,1,1,1,2026-02
TXN0000024651,ACC0015880,95759.11,SUCCESS,2026-07-16 00:59:43,1,1,1,2026-07
TXN0000024661,ACC0018634,18816.25,SUCCESS,2026-07-14 02:47:43,1,1,1,2026-07
TXN0000024666,ACC0001424,4903.47,SUCCESS,2026-04-02 21:30:37,1,1,1,2026-04
TXN0000024671,ACC0009874,16269.6,SUCCESS,2026-07-09 19:30:25,1,2,1,2026-07
TXN0000024679,ACC0020946,19256.9,SUCCESS,2026-03-16 14:10:46,1,1,1,2026-03
TXN0000024682,ACC0016920,123784.2,SUCCESS,2026-03-02 22:00:35,1,1,1,2026-03
TXN0000024684,ACC0016707,22895.97,SUCCESS,2026-06-22 22:05:45,1,1,1,2026-06
TXN0000024688,ACC0003231,98412.87,SUCCESS,2026-06-01 22:57:29,1,1,1,2026-06
TXN0000024693,ACC0021124,25423.53,SUCCESS,2026-01-20 12:11:15,1,1,1,2026-01
TXN0000024695,ACC0002305,76774.84,SUCCESS,2026-06-17 18:41:38,1,1,1,2026-06
TXN0000024701,ACC0018690,103714.49,SUCCESS,2026-06-01 04:59:50,1,1,1,2026-06
TXN0000024702,ACC0013478,74943.63,SUCCESS,2026-01-20 02:40:14,1,1,1,2026-01
TXN0000024704,ACC0002771,36201.08,SUCCESS,2026-02-09 13:28:08,1,1,1,2026-02
TXN0000024719,ACC0029487,118288.16,SUCCESS,2026-01-02 02:42:12,1,1,1,2026-01
TXN0000024722,ACC0009399,51039.77,SUCCESS,2026-03-30 07:58:33,1,1,1,2026-03
TXN0000024730,ACC0009115,49666.37,SUCCESS,2026-05-12 19:44:59,1,1,1,2026-05
TXN0000024732,ACC0023435,51492.82,SUCCESS,2026-08-08 23:50:23,1,1,1,2026-08
TXN0000024737,ACC0003555,130378.11,SUCCESS,2026-05-30 22:10:45,1,1,1,2026-05
TXN0000024745,ACC0011178,87202.63,SUCCESS,2026-01-28 21:31:21,1,1,1,2026-01
TXN0000024750,ACC0010875,123253.64,SUCCESS,2026-04-19 13:17:17,1,1,1,2026-04
TXN0000024753,ACC0009005,66653.31,SUCCESS,2026-01-27 05:54:00,1,1,1,2026-01
TXN0000024757,ACC0003548,19671.47,SUCCESS,2026-07-29 14:29:46,1,1,1,2026-07
TXN0000024759,ACC0021037,148459.02,SUCCESS,2026-07-05 02:51:09,1,1,1,2026-07
TXN0000024768,ACC0002339,107335.92,SUCCESS,2026-06-18 21:10:44,1,1,1,2026-06
TXN0000024782,ACC0024018,17883.29,SUCCESS,2026-01-30 08:57:57,1,1,1,2026-01
TXN0000024786,ACC0020018,73267.44,SUCCESS,2026-03-23 01:59:44,1,1,1,2026-03
TXN0000024788,ACC0024853,45527.47,SUCCESS,2026-03-27 11:11:54,1,1,1,2026-03
TXN0000024789,ACC0014362,148463.45,SUCCESS,2026-01-04 03:30:16,1,1,1,2026-01
TXN0000024791,ACC0025454,23397.78,SUCCESS,2026-05-02 19:09:07,1,1,1,2026-05
TXN0000024794,ACC0029027,65078.0,SUCCESS,2026-03-23 14:09:46,1,1,1,2026-03
TXN0000024796,ACC0012738,42387.11,SUCCESS,2026-07-03 09:23:42,1,1,1,2026-07
TXN0000024797,ACC0013886,69162.91,SUCCESS,2026-08-07 05:13:05,1,1,1,2026-08
TXN0000024800,ACC0003391,51944.94,SUCCESS,2026-03-07 12:49:20,1,1,1,2026-03
TXN0000024804,ACC0012921,24753.43,SUCCESS,2026-04-26 09:10:39,1,1,1,2026-04
TXN0000024806,ACC0025066,93434.46,SUCCESS,2026-07-17 05:34:07,1,1,1,2026-07
TXN0000024808,ACC0013668,75531.01,SUCCESS,2026-08-06 00:54:25,1,1,1,2026-08
TXN0000024811,ACC0016026,60580.64,SUCCESS,2026-04-13 00:23:22,1,1,1,2026-04
TXN0000024815,ACC0021665,53282.44,SUCCESS,2026-04-20 03:52:10,1,1,1,2026-04
TXN0000024816,ACC0002715,115846.45,SUCCESS,2026-06-28 18:37:51,1,1,1,2026-06
TXN0000024819,ACC0012098,27171.65,SUCCESS,2026-05-17 11:36:01,1,1,1,2026-05
TXN0000024824,ACC0006253,130639.48,SUCCESS,2026-06-05 15:08:43,1,1,1,2026-06
TXN0000024828,ACC0029865,71269.84,SUCCESS,2026-01-10 01:04:29,1,1,1,2026-01
TXN0000024829,ACC0029474,67204.89,SUCCESS,2026-05-03 04:02:45,1,1,1,2026-05
TXN0000024830,ACC0012203,64823.56,SUCCESS,2026-03-07 08:38:31,1,1,1,2026-03
TXN0000024832,ACC0014571,2076.51,SUCCESS,2026-01-06 03:40:38,1,1,1,2026-01
TXN0000024836,ACC0018262,114498.23,SUCCESS,2026-05-04 15:25:43,1,1,1,2026-05
TXN0000024837,ACC0026747,145059.24,SUCCESS,2026-01-15 07:00:04,1,1,1,2026-01
TXN0000024839,ACC0020393,8734.75,SUCCESS,2026-03-22 18:19:57,1,1,1,2026-03
TXN0000024845,ACC0015622,10523.85,SUCCESS,2026-05-06 13:32:27,1,1,1,2026-05
TXN0000024851,ACC0018410,32468.78,SUCCESS,2026-04-03 15:41:40,1,1,1,2026-04
TXN0000024853,ACC0027634,85072.39,SUCCESS,2026-06-17 18:28:52,1,1,1,2026-06
TXN0000024855,ACC0021678,80789.19,SUCCESS,2026-01-30 09:12:08,1,1,1,2026-01
TXN0000024856,ACC0022649,865.95,SUCCESS,2026-03-23 03:38:58,1,1,1,2026-03
TXN0000024861,ACC0014286,78788.56,SUCCESS,2026-05-24 06:42:33,1,1,1,2026-05
TXN0000024879,ACC0006962,104723.41,SUCCESS,2026-05-14 08:41:28,1,1,1,2026-05
TXN0000024886,ACC0028787,38552.8,SUCCESS,2026-07-03 08:25:20,1,1,1,2026-07
TXN0000024887,ACC0029390,117790.29,SUCCESS,2026-06-19 06:11:39,1,2,1,2026-06
TXN0000024888,ACC0021111,9057.32,SUCCESS,2026-02-24 19:13:06,1,1,1,2026-02
TXN0000024903,ACC0019724,21755.15,SUCCESS,2026-03-01 21:53:20,1,1,1,2026-03
TXN0000024904,ACC0009698,79771.41,SUCCESS,2026-06-27 05:55:38,1,1,1,2026-06
TXN0000024917,ACC0005206,8614.75,SUCCESS,2026-05-17 13:45:51,1,1,1,2026-05
TXN0000024918,ACC0003249,115699.22,SUCCESS,2026-05-09 16:12:53,1,1,1,2026-05
TXN0000024919,ACC0008582,12474.76,SUCCESS,2026-01-22 10:35:05,1,1,1,2026-01
TXN0000024921,ACC0013238,26115.66,SUCCESS,2026-03-09 23:38:25,1,1,1,2026-03
TXN0000024928,ACC0003799,96728.14,SUCCESS,2026-02-23 12:14:06,1,1,1,2026-02
TXN0000024934,ACC0017382,49624.83,SUCCESS,2026-04-15 02:12:02,1,1,1,2026-04
TXN0000024940,ACC0019970,147828.25,SUCCESS,2026-02-10 12:37:13,1,1,1,2026-02
TXN0000024951,ACC0002851,115123.01,SUCCESS,2026-01-26 06:58:08,1,1,1,2026-01
TXN0000024969,ACC0021437,62640.69,SUCCESS,2026-02-16 19:52:43,1,1,1,2026-02
TXN0000024973,ACC0007770,134119.41,SUCCESS,2026-05-11 19:20:20,1,1,1,2026-05
TXN0000024976,ACC0007027,43413.93,SUCCESS,2026-05-05 17:34:10,1,1,1,2026-05
TXN0000024977,ACC0025993,70908.0,SUCCESS,2026-04-27 21:03:55,1,1,1,2026-04
TXN0000024987,ACC0007608,37121.49,SUCCESS,2026-04-13 16:06:49,1,1,1,2026-04
TXN0000024996,ACC0002520,34070.84,SUCCESS,2026-01-07 21:52:09,1,1,1,2026-01
TXN0000025003,ACC0015921,145785.23,SUCCESS,2026-05-10 10:06:26,1,1,1,2026-05
TXN0000025007,ACC0029884,117774.36,SUCCESS,2026-03-24 05:15:13,1,1,1,2026-03
TXN0000025010,ACC0007627,149879.41,SUCCESS,2026-06-26 10:13:33,1,2,1,2026-06
TXN0000025020,ACC0015734,75175.82,SUCCESS,2026-05-17 20:16:32,1,1,1,2026-05
TXN0000025036,ACC0017078,140891.77,SUCCESS,2026-02-11 15:44:23,1,1,1,2026-02
TXN0000025044,ACC0016637,42935.8,SUCCESS,2026-01-30 07:13:34,1,1,1,2026-01
TXN0000025055,ACC0022616,101590.15,SUCCESS,2026-04-20 11:39:30,1,1,1,2026-04
TXN0000025057,ACC0010304,96543.82,SUCCESS,2026-02-06 15:16:45,1,1,1,2026-02
TXN0000025064,ACC0013323,131160.02,SUCCESS,2026-01-22 17:45:04,1,1,1,2026-01
TXN0000025067,ACC0002429,50813.46,SUCCESS,2026-06-17 08:49:44,1,1,1,2026-06
TXN0000025069,ACC0014549,83357.67,SUCCESS,2026-02-23 17:08:16,1,1,1,2026-02
TXN0000025070,ACC0029687,403.2,SUCCESS,2026-07-20 11:57:04,1,1,1,2026-07
TXN0000025073,ACC0028075,87307.09,SUCCESS,2026-07-27 15:33:40,1,1,1,2026-07
TXN0000025074,ACC0006563,141306.23,SUCCESS,2026-01-24 00:31:15,1,1,1,2026-01
TXN0000025077,ACC0012612,43881.03,SUCCESS,2026-07-31 17:16:32,1,1,1,2026-07
TXN0000025089,ACC0021513,26275.92,SUCCESS,2026-07-28 13:42:30,1,1,1,2026-07
TXN0000025093,ACC0023597,21996.83,SUCCESS,2026-05-07 00:54:33,1,1,1,2026-05
TXN0000025094,ACC0014779,87655.72,SUCCESS,2026-07-23 08:45:35,1,1,1,2026-07
TXN0000025099,ACC0005907,55447.46,SUCCESS,2026-04-27 18:32:29,1,1,1,2026-04
TXN0000025107,ACC0016455,29989.1,SUCCESS,2026-05-13 06:41:24,1,1,1,2026-05
TXN0000025113,ACC0001027,66729.11,SUCCESS,2026-07-30 21:24:18,1,1,1,2026-07
TXN0000025116,ACC0027703,76180.94,SUCCESS,2026-06-29 00:16:54,1,1,1,2026-06
TXN0000025118,ACC0000261,51882.33,SUCCESS,2026-05-19 06:12:01,1,1,1,2026-05
TXN0000025130,ACC0017990,44243.17,SUCCESS,2026-03-16 00:27:27,1,1,1,2026-03
TXN0000025131,ACC0009801,118601.28,SUCCESS,2026-07-17 08:33:47,1,1,1,2026-07
TXN0000025134,ACC0016374,65255.08,SUCCESS,2026-03-29 14:50:25,1,1,1,2026-03
TXN0000025142,ACC0002899,43881.47,SUCCESS,2026-07-23 22:12:02,1,1,1,2026-07
TXN0000025147,ACC0025223,27032.31,SUCCESS,2026-01-24 05:25:26,1,1,1,2026-01
TXN0000025148,ACC0012898,59944.87,SUCCESS,2026-03-27 12:25:55,1,1,1,2026-03
TXN0000025150,ACC0004891,122706.85,SUCCESS,2026-08-06 12:25:52,1,1,1,2026-08
TXN0000025157,ACC0006381,90170.13,SUCCESS,2026-03-03 07:40:14,1,1,1,2026-03
TXN0000025166,ACC0002121,25103.24,SUCCESS,2026-07-16 19:15:30,1,1,1,2026-07
TXN0000025167,ACC0009593,60871.73,SUCCESS,2026-07-19 15:52:59,1,1,1,2026-07
TXN0000025171,ACC0001054,35801.32,SUCCESS,2026-02-02 06:57:49,1,1,1,2026-02
TXN0000025182,ACC0014319,86465.17,SUCCESS,2026-02-26 23:17:06,1,1,1,2026-02
TXN0000025183,ACC0007288,142982.13,SUCCESS,2026-01-14 20:17:59,1,1,1,2026-01
TXN0000025185,ACC0019217,45345.98,SUCCESS,2026-08-06 01:33:04,1,1,1,2026-08
TXN0000025190,ACC0020604,94253.54,SUCCESS,2026-07-18 00:34:18,1,1,1,2026-07
TXN0000025194,ACC0015267,2244.04,SUCCESS,2026-08-07 21:43:05,1,1,1,2026-08
TXN0000025198,ACC0000886,48602.07,SUCCESS,2026-08-07 02:33:23,1,1,1,2026-08
TXN0000025204,ACC0005842,89930.32,SUCCESS,2026-02-06 07:59:39,1,1,1,2026-02
TXN0000025207,ACC0010939,73803.89,SUCCESS,2026-02-28 19:13:28,1,1,1,2026-02
TXN0000025209,ACC0014861,90403.75,SUCCESS,2026-04-05 08:09:39,1,1,1,2026-04
TXN0000025214,ACC0016632,99144.59,SUCCESS,2026-03-06 09:46:42,1,1,1,2026-03
TXN0000025221,ACC0007010,55109.35,SUCCESS,2026-01-11 07:14:06,1,1,1,2026-01
TXN0000025226,ACC0022065,72062.58,SUCCESS,2026-05-23 20:49:02,1,1,1,2026-05
TXN0000025227,ACC0012831,68873.6,SUCCESS,2026-07-29 09:15:31,1,1,1,2026-07
TXN0000025231,ACC0002290,132833.99,SUCCESS,2026-01-19 02:27:22,1,1,1,2026-01
TXN0000025234,ACC0001610,68517.66,SUCCESS,2026-02-23 22:47:03,1,1,1,2026-02
TXN0000025239,ACC0022500,59792.7,SUCCESS,2026-06-24 23:22:43,1,1,1,2026-06
TXN0000025240,ACC0008370,122930.56,SUCCESS,2026-07-11 09:29:46,1,1,1,2026-07
TXN0000025241,ACC0000037,110926.49,SUCCESS,2026-02-12 18:05:47,1,1,1,2026-02
TXN0000025252,ACC0012464,105678.04,SUCCESS,2026-01-20 14:39:50,1,2,1,2026-01
TXN0000025256,ACC0010415,9890.46,SUCCESS,2026-01-03 15:03:37,1,1,1,2026-01
TXN0000025275,ACC0018811,57326.85,SUCCESS,2026-02-05 17:36:18,1,1,1,2026-02
TXN0000025279,ACC0008029,123577.85,SUCCESS,2026-06-15 03:02:38,1,1,1,2026-06
TXN0000025285,ACC0012464,60160.95,SUCCESS,2026-05-24 07:34:00,1,1,1,2026-05
TXN0000025289,ACC0011857,18353.3,SUCCESS,2026-03-05 16:51:10,1,1,1,2026-03
TXN0000025305,ACC0005357,93784.55,SUCCESS,2026-05-23 22:47:26,1,1,1,2026-05
TXN0000025317,ACC0006948,499.81,SUCCESS,2026-01-03 08:58:54,1,1,1,2026-01
TXN0000025325,ACC0009387,17090.78,SUCCESS,2026-07-23 20:22:13,1,1,1,2026-07
TXN0000025331,ACC0010384,55959.41,SUCCESS,2026-04-24 23:48:54,1,1,1,2026-04
TXN0000025332,ACC0008578,48733.78,SUCCESS,2026-06-21 20:47:38,1,1,1,2026-06
TXN0000025333,ACC0004141,118345.77,SUCCESS,2026-06-18 09:39:33,1,1,1,2026-06
TXN0000025335,ACC0011882,68017.67,SUCCESS,2026-02-05 13:18:01,1,1,1,2026-02
TXN0000025336,ACC0023557,146704.26,SUCCESS,2026-03-12 10:38:04,1,1,1,2026-03
TXN0000025343,ACC0025467,67925.34,SUCCESS,2026-04-15 15:54:37,1,1,1,2026-04
TXN0000025344,ACC0025748,82024.39,SUCCESS,2026-04-24 00:19:55,1,1,1,2026-04
TXN0000025356,ACC0008117,127518.05,SUCCESS,2026-06-14 23:07:14,1,1,1,2026-06
TXN0000025364,ACC0006996,2639.17,SUCCESS,2026-01-16 11:38:14,1,1,1,2026-01
TXN0000025366,ACC0022011,10451.18,SUCCESS,2026-07-10 17:56:07,1,1,1,2026-07
TXN0000025371,ACC0005354,60996.93,SUCCESS,2026-04-01 19:09:48,1,1,1,2026-04
TXN0000025386,ACC0018499,141319.9,SUCCESS,2026-02-14 11:42:14,1,1,1,2026-02
TXN0000025387,ACC0022105,129873.34,SUCCESS,2026-05-30 14:04:35,1,1,1,2026-05
TXN0000025388,ACC0007161,41956.94,SUCCESS,2026-01-05 17:44:05,1,1,1,2026-01
TXN0000025403,ACC0005392,82319.0,SUCCESS,2026-01-25 12:41:19,1,1,1,2026-01
TXN0000025427,ACC0006918,62829.17,SUCCESS,2026-01-25 04:46:42,1,1,1,2026-01
TXN0000025429,ACC0028838,26348.96,SUCCESS,2026-03-17 15:02:03,1,1,1,2026-03
TXN0000025436,ACC0014418,110481.2,SUCCESS,2026-04-30 20:32:13,1,1,1,2026-04
TXN0000025440,ACC0022980,102826.68,SUCCESS,2026-01-19 02:05:28,1,1,1,2026-01
TXN0000025451,ACC0004626,39337.64,SUCCESS,2026-06-17 11:43:31,1,1,1,2026-06
TXN0000025469,ACC0019423,104673.93,SUCCESS,2026-01-13 02:09:48,1,1,1,2026-01
TXN0000025475,ACC0025821,102337.4,SUCCESS,2026-03-22 08:46:46,1,1,1,2026-03
TXN0000025478,ACC0021518,92186.16,SUCCESS,2026-04-02 13:02:42,1,1,1,2026-04
TXN0000025479,ACC0010756,123361.53,SUCCESS,2026-05-27 00:59:26,1,1,1,2026-05
TXN0000025491,ACC0024364,54499.66,SUCCESS,2026-07-02 01:30:37,1,1,1,2026-07
TXN0000025495,ACC0015508,43801.05,SUCCESS,2026-05-07 20:50:34,1,1,1,2026-05
TXN0000025499,ACC0024487,105850.68,SUCCESS,2026-02-19 12:06:39,1,1,1,2026-02
TXN0000025505,ACC0024895,102603.53,SUCCESS,2026-05-20 20:11:48,1,1,1,2026-05
TXN0000025512,ACC0000913,10681.16,SUCCESS,2026-05-21 08:31:58,1,1,1,2026-05
TXN0000025522,ACC0024932,144491.65,SUCCESS,2026-07-29 17:38:17,1,1,1,2026-07
TXN0000025524,ACC0017512,127057.21,SUCCESS,2026-06-09 19:28:50,1,1,1,2026-06
TXN0000025526,ACC0021547,75489.87,SUCCESS,2026-05-05 04:33:37,1,1,1,2026-05
TXN0000025529,ACC0024550,28105.96,SUCCESS,2026-08-07 06:44:06,1,1,1,2026-08
TXN0000025531,ACC0009865,74755.86,SUCCESS,2026-01-31 10:46:18,1,1,1,2026-01
TXN0000025542,ACC0001278,20908.94,SUCCESS,2026-04-11 19:41:45,1,1,1,2026-04
TXN0000025543,ACC0001102,67802.83,SUCCESS,2026-02-25 15:12:40,1,1,1,2026-02
TXN0000025549,ACC0000467,95619.65,SUCCESS,2026-04-17 04:28:18,1,1,1,2026-04
TXN0000025550,ACC0014553,13676.03,SUCCESS,2026-03-30 23:20:20,1,1,1,2026-03
TXN0000025562,ACC0005917,135162.74,SUCCESS,2026-01-21 11:44:24,1,1,1,2026-01
TXN0000025566,ACC0003412,97159.31,SUCCESS,2026-04-28 20:23:20,1,1,1,2026-04
TXN0000025568,ACC0009236,108411.8,SUCCESS,2026-07-21 21:08:37,1,1,1,2026-07
TXN0000025571,ACC0018775,86803.42,SUCCESS,2026-05-04 13:11:08,1,1,1,2026-05
TXN0000025582,ACC0001667,139998.27,SUCCESS,2026-04-05 20:47:54,1,1,1,2026-04
TXN0000025589,ACC0000800,65332.2,SUCCESS,2026-05-11 06:14:50,1,1,1,2026-05
TXN0000025593,ACC0004512,104323.38,SUCCESS,2026-05-23 20:12:22,1,1,1,2026-05
TXN0000025595,ACC0007862,81553.76,SUCCESS,2026-04-14 04:29:05,1,1,1,2026-04
TXN0000025601,ACC0018428,111588.31,SUCCESS,2026-07-16 20:09:30,1,1,1,2026-07
TXN0000025609,ACC0021341,104349.79,SUCCESS,2026-03-26 09:08:24,1,1,1,2026-03
TXN0000025615,ACC0003487,37008.42,SUCCESS,2026-07-10 18:03:02,1,1,1,2026-07
TXN0000025627,ACC0001507,9550.32,SUCCESS,2026-01-24 17:46:55,1,1,1,2026-01
TXN0000025632,ACC0016746,148551.27,SUCCESS,2026-04-12 13:32:14,1,1,1,2026-04
TXN0000025635,ACC0020510,11947.07,SUCCESS,2026-05-12 15:00:50,1,1,1,2026-05
TXN0000025642,ACC0000989,54329.9,SUCCESS,2026-02-09 23:28:56,1,1,1,2026-02
TXN0000025646,ACC0028347,129226.03,SUCCESS,2026-05-11 11:35:01,1,1,1,2026-05
TXN0000025649,ACC0028997,53608.58,SUCCESS,2026-02-21 18:28:23,1,1,1,2026-02
TXN0000025657,ACC0028916,51397.82,SUCCESS,2026-03-18 23:05:24,1,1,1,2026-03
TXN0000025661,ACC0029570,13831.72,SUCCESS,2026-04-01 23:43:15,1,1,1,2026-04
TXN0000025676,ACC0007585,130189.23,SUCCESS,2026-07-26 05:22:40,1,1,1,2026-07
TXN0000025677,ACC0000781,49500.72,SUCCESS,2026-05-19 20:28:14,1,1,1,2026-05
TXN0000025678,ACC0015185,68854.98,SUCCESS,2026-04-15 11:48:58,1,1,1,2026-04
TXN0000025690,ACC0002942,2114.79,SUCCESS,2026-05-21 10:43:54,1,1,1,2026-05
TXN0000025710,ACC0026387,1359.29,SUCCESS,2026-03-30 09:45:17,1,1,1,2026-03
TXN0000025726,ACC0006348,70016.95,SUCCESS,2026-03-21 04:13:04,1,1,1,2026-03
TXN0000025729,ACC0019560,61207.98,SUCCESS,2026-02-19 19:13:42,1,1,1,2026-02
TXN0000025742,ACC0021654,29608.87,SUCCESS,2026-07-19 01:33:46,1,1,1,2026-07
TXN0000025752,ACC0029956,16622.04,SUCCESS,2026-05-22 07:55:48,1,1,1,2026-05
TXN0000025753,ACC0004072,16717.78,SUCCESS,2026-05-21 21:49:27,1,1,1,2026-05
TXN0000025756,ACC0022839,145455.25,SUCCESS,2026-06-24 12:46:09,1,1,1,2026-06
TXN0000025757,ACC0026011,99255.34,SUCCESS,2026-05-14 16:06:03,1,1,1,2026-05
TXN0000025759,ACC0002249,29424.9,SUCCESS,2026-06-19 07:37:15,1,1,1,2026-06
TXN0000025762,ACC0025933,131339.48,SUCCESS,2026-03-11 13:59:37,1,1,1,2026-03
TXN0000025772,ACC0029845,26113.68,SUCCESS,2026-06-08 16:10:45,1,1,1,2026-06
TXN0000025783,ACC0027476,70829.89,SUCCESS,2026-06-12 12:21:11,1,1,1,2026-06
TXN0000025784,ACC0005936,2327.27,SUCCESS,2026-03-14 23:07:48,1,1,1,2026-03
TXN0000025787,ACC0001854,124933.06,SUCCESS,2026-07-09 18:17:47,1,1,1,2026-07
TXN0000025801,ACC0002770,12051.52,SUCCESS,2026-05-07 11:43:07,1,1,1,2026-05
TXN0000025809,ACC0029812,57818.52,SUCCESS,2026-05-02 21:07:59,1,1,1,2026-05
TXN0000025811,ACC0005123,23559.1,SUCCESS,2026-04-18 17:23:12,1,1,1,2026-04
TXN0000025815,ACC0011545,14968.08,SUCCESS,2026-01-26 19:13:31,1,1,1,2026-01
TXN0000025820,ACC0005273,58397.14,SUCCESS,2026-03-20 07:33:57,1,1,1,2026-03
TXN0000025823,ACC0029704,132387.4,SUCCESS,2026-04-26 04:14:45,1,1,1,2026-04
TXN0000025824,ACC0002947,54470.82,SUCCESS,2026-01-03 07:13:26,1,1,1,2026-01
TXN0000025826,ACC0022824,78885.31,SUCCESS,2026-01-27 00:44:35,1,1,1,2026-01
TXN0000025829,ACC0022641,63926.97,SUCCESS,2026-02-06 17:41:20,1,1,1,2026-02
TXN0000025830,ACC0004043,72347.67,SUCCESS,2026-06-28 17:58:30,1,1,1,2026-06
TXN0000025831,ACC0013439,34272.61,SUCCESS,2026-04-05 12:28:33,1,1,1,2026-04
TXN0000025833,ACC0022119,136325.2,SUCCESS,2026-05-03 03:03:11,1,1,1,2026-05
TXN0000025842,ACC0015621,56100.41,SUCCESS,2026-06-06 08:08:37,1,1,1,2026-06
TXN0000025845,ACC0016711,65037.27,SUCCESS,2026-06-16 13:52:46,1,1,1,2026-06
TXN0000025846,ACC0017910,22710.58,SUCCESS,2026-06-21 13:56:35,1,1,1,2026-06
TXN0000025856,ACC0007451,141828.49,SUCCESS,2026-03-26 15:23:28,1,1,1,2026-03
TXN0000025858,ACC0021164,28357.11,SUCCESS,2026-07-04 14:25:01,1,1,1,2026-07
TXN0000025859,ACC0004618,107343.17,SUCCESS,2026-04-10 09:56:50,1,1,1,2026-04
TXN0000025861,ACC0019477,25614.69,SUCCESS,2026-02-08 16:57:15,1,1,1,2026-02
TXN0000025869,ACC0016762,78571.43,SUCCESS,2026-04-05 00:45:33,1,1,1,2026-04
TXN0000025887,ACC0012259,68047.54,SUCCESS,2026-03-17 06:07:39,1,2,1,2026-03
TXN0000025890,ACC0007305,110257.63,SUCCESS,2026-05-03 20:42:36,1,1,1,2026-05
TXN0000025922,ACC0021443,72776.22,SUCCESS,2026-02-18 20:57:43,1,1,1,2026-02
TXN0000025935,ACC0003473,47605.84,SUCCESS,2026-02-02 06:58:13,1,1,1,2026-02
TXN0000025936,ACC0011850,133448.34,SUCCESS,2026-02-11 09:48:22,1,1,1,2026-02
TXN0000025939,ACC0009401,37828.78,SUCCESS,2026-02-02 00:23:14,1,1,1,2026-02
TXN0000025940,ACC0024676,145598.75,SUCCESS,2026-07-24 01:30:41,1,1,1,2026-07
TXN0000025941,ACC0014564,47592.32,SUCCESS,2026-08-04 11:24:47,1,1,1,2026-08
TXN0000025952,ACC0000419,38293.6,SUCCESS,2026-06-22 17:16:56,1,1,1,2026-06
TXN0000025955,ACC0005289,84254.78,SUCCESS,2026-01-14 20:32:50,1,1,1,2026-01
TXN0000025956,ACC0009444,102128.28,SUCCESS,2026-07-05 05:33:22,1,1,1,2026-07
TXN0000025957,ACC0011866,117238.36,SUCCESS,2026-07-23 10:08:40,1,1,1,2026-07
TXN0000025963,ACC0014066,66764.59,SUCCESS,2026-02-22 12:00:56,1,1,1,2026-02
TXN0000025972,ACC0001321,84060.52,SUCCESS,2026-04-25 05:33:21,1,1,1,2026-04
TXN0000025976,ACC0011569,146166.13,SUCCESS,2026-08-05 10:20:36,1,1,1,2026-08
TXN0000025977,ACC0016930,55296.17,SUCCESS,2026-02-01 10:16:20,1,1,1,2026-02
TXN0000025983,ACC0001296,3326.54,SUCCESS,2026-01-07 16:47:08,1,1,1,2026-01
TXN0000025990,ACC0018200,52342.04,SUCCESS,2026-01-18 14:04:07,1,1,1,2026-01
TXN0000025995,ACC0029847,28699.19,SUCCESS,2026-03-09 13:31:44,1,1,1,2026-03
TXN0000025997,ACC0001193,61932.17,SUCCESS,2026-05-25 21:44:06,1,2,1,2026-05
TXN0000026003,ACC0007288,33678.45,SUCCESS,2026-06-13 03:16:34,1,1,1,2026-06
TXN0000026017,ACC0003508,24518.18,SUCCESS,2026-05-16 15:06:08,1,1,1,2026-05
TXN0000026021,ACC0028450,115570.62,SUCCESS,2026-07-24 05:26:43,1,1,1,2026-07
TXN0000026023,ACC0022150,125554.3,SUCCESS,2026-03-14 10:51:48,1,1,1,2026-03
TXN0000026032,ACC0012254,31392.08,SUCCESS,2026-05-15 02:34:39,1,2,1,2026-05
TXN0000026037,ACC0021212,54554.27,SUCCESS,2026-08-06 08:26:57,1,1,1,2026-08
TXN0000026039,ACC0010795,14481.41,SUCCESS,2026-03-02 11:45:46,1,1,1,2026-03
TXN0000026043,ACC0012655,97870.87,SUCCESS,2026-03-17 16:46:12,1,1,1,2026-03
TXN0000026044,ACC0010319,106612.21,SUCCESS,2026-08-06 04:54:56,1,1,1,2026-08
TXN0000026047,ACC0004331,112115.98,SUCCESS,2026-06-09 22:01:12,1,1,1,2026-06
TXN0000026064,ACC0020587,49119.43,SUCCESS,2026-06-29 00:36:20,1,1,1,2026-06
TXN0000026068,ACC0018169,96503.15,SUCCESS,2026-06-13 04:46:14,1,1,1,2026-06
TXN0000026072,ACC0006353,93960.56,SUCCESS,2026-05-21 05:47:41,1,1,1,2026-05
TXN0000026082,ACC0006492,127739.78,SUCCESS,2026-01-05 12:43:24,1,1,1,2026-01
TXN0000026085,ACC0000070,67987.31,SUCCESS,2026-03-24 06:08:20,1,1,1,2026-03
TXN0000026098,ACC0005570,147100.98,SUCCESS,2026-02-12 23:04:33,1,1,1,2026-02
TXN0000026105,ACC0026096,52183.19,SUCCESS,2026-07-05 14:05:58,1,1,1,2026-07
TXN0000026106,ACC0006844,51004.13,SUCCESS,2026-01-22 21:33:38,1,1,1,2026-01
TXN0000026113,ACC0021792,82779.85,SUCCESS,2026-06-02 15:49:23,1,1,1,2026-06
TXN0000026119,ACC0014777,140166.41,SUCCESS,2026-01-10 19:46:35,1,1,1,2026-01
TXN0000026122,ACC0010134,101607.78,SUCCESS,2026-02-05 09:00:40,1,1,1,2026-02
TXN0000026123,ACC0009298,143984.59,SUCCESS,2026-03-02 03:02:21,1,1,1,2026-03
TXN0000026130,ACC0028831,46061.7,SUCCESS,2026-05-05 14:21:09,1,1,1,2026-05
TXN0000026139,ACC0012948,53073.36,SUCCESS,2026-01-21 01:15:58,1,1,1,2026-01
TXN0000026146,ACC0001293,145114.08,SUCCESS,2026-01-02 07:23:45,1,1,1,2026-01
TXN0000026148,ACC0017803,41449.1,SUCCESS,2026-06-07 04:43:03,1,1,1,2026-06
TXN0000026155,ACC0025045,126430.03,SUCCESS,2026-06-22 11:53:42,1,1,1,2026-06
TXN0000026156,ACC0000860,59414.4,SUCCESS,2026-02-15 08:14:07,1,1,1,2026-02
TXN0000026167,ACC0014227,37321.09,SUCCESS,2026-02-01 16:12:33,1,1,1,2026-02
TXN0000026181,ACC0015059,82860.6,SUCCESS,2026-06-16 12:26:41,1,1,1,2026-06
TXN0000026187,ACC0022251,52302.72,SUCCESS,2026-07-27 15:21:01,1,1,1,2026-07
TXN0000026194,ACC0021892,53173.68,SUCCESS,2026-06-21 00:06:43,1,1,1,2026-06
TXN0000026200,ACC0021185,135263.17,SUCCESS,2026-02-04 22:45:58,1,1,1,2026-02
TXN0000026201,ACC0011254,18884.23,SUCCESS,2026-03-11 22:43:30,1,1,1,2026-03
TXN0000026210,ACC0014721,61759.41,SUCCESS,2026-04-29 14:16:20,1,1,1,2026-04
TXN0000026211,ACC0022115,9079.61,SUCCESS,2026-03-26 18:55:19,1,1,1,2026-03
TXN0000026217,ACC0000556,132205.97,SUCCESS,2026-04-22 15:38:19,1,1,1,2026-04
TXN0000026219,ACC0008897,43500.62,SUCCESS,2026-05-10 03:38:51,1,1,1,2026-05
TXN0000026221,ACC0022794,90733.22,SUCCESS,2026-05-21 02:55:39,1,1,1,2026-05
TXN0000026222,ACC0022326,44745.39,SUCCESS,2026-07-29 20:34:07,1,1,1,2026-07
TXN0000026234,ACC0002418,102486.91,SUCCESS,2026-06-27 21:31:12,1,1,1,2026-06
TXN0000026245,ACC0013845,55971.74,SUCCESS,2026-03-30 20:41:47,1,2,1,2026-03
TXN0000026255,ACC0017063,92267.07,SUCCESS,2026-07-15 07:37:44,1,1,1,2026-07
TXN0000026265,ACC0007916,149881.38,SUCCESS,2026-03-27 12:19:10,1,1,1,2026-03
TXN0000026278,ACC0021488,93207.81,SUCCESS,2026-03-25 22:59:24,1,1,1,2026-03
TXN0000026283,ACC0018649,17934.73,SUCCESS,2026-01-10 01:39:43,1,1,1,2026-01
TXN0000026289,ACC0020010,19614.13,SUCCESS,2026-05-17 09:43:27,1,1,1,2026-05
TXN0000026298,ACC0028321,121899.09,SUCCESS,2026-04-25 05:24:11,1,1,1,2026-04
TXN0000026303,ACC0010629,113594.92,SUCCESS,2026-05-05 03:03:51,1,1,1,2026-05
TXN0000026310,ACC0000230,67294.93,SUCCESS,2026-04-01 11:57:03,1,1,1,2026-04
TXN0000026313,ACC0029442,63205.4,SUCCESS,2026-03-14 08:51:44,1,1,1,2026-03
TXN0000026314,ACC0022032,17157.85,SUCCESS,2026-05-17 04:54:21,1,1,1,2026-05
TXN0000026319,ACC0022394,128381.54,SUCCESS,2026-07-23 18:52:24,1,1,1,2026-07
TXN0000026321,ACC0022550,125791.4,SUCCESS,2026-03-21 03:29:33,1,1,1,2026-03
TXN0000026326,ACC0004610,61793.2,SUCCESS,2026-05-09 08:33:39,1,1,1,2026-05
TXN0000026337,ACC0010031,149397.97,SUCCESS,2026-03-11 10:29:58,1,1,1,2026-03
TXN0000026353,ACC0021618,65265.18,SUCCESS,2026-07-11 03:22:24,1,1,1,2026-07
TXN0000026356,ACC0003541,136745.21,SUCCESS,2026-07-05 08:31:10,1,1,1,2026-07
TXN0000026357,ACC0002182,12359.97,SUCCESS,2026-07-14 07:17:12,1,1,1,2026-07
TXN0000026359,ACC0029033,38759.9,SUCCESS,2026-07-15 02:27:04,1,1,1,2026-07
TXN0000026370,ACC0023840,80763.21,SUCCESS,2026-01-24 15:08:29,1,1,1,2026-01
TXN0000026371,ACC0011143,102693.66,SUCCESS,2026-06-05 02:18:20,1,1,1,2026-06
TXN0000026373,ACC0020331,13551.56,SUCCESS,2026-04-21 22:45:42,1,1,1,2026-04
TXN0000026376,ACC0001324,27629.6,SUCCESS,2026-04-06 03:17:53,1,1,1,2026-04
TXN0000026379,ACC0005743,113698.54,SUCCESS,2026-01-25 18:25:22,1,1,1,2026-01
TXN0000026382,ACC0019205,26709.65,SUCCESS,2026-02-20 05:28:16,1,1,1,2026-02
TXN0000026383,ACC0011616,132432.42,SUCCESS,2026-06-14 09:09:08,1,1,1,2026-06
TXN0000026390,ACC0025027,84796.86,SUCCESS,2026-02-07 19:07:39,1,1,1,2026-02
TXN0000026391,ACC0010194,143525.73,SUCCESS,2026-02-18 15:36:38,1,1,1,2026-02
TXN0000026395,ACC0008979,138158.8,SUCCESS,2026-03-15 23:38:23,1,1,1,2026-03
TXN0000026411,ACC0023936,111043.45,SUCCESS,2026-03-28 02:17:24,1,1,1,2026-03
TXN0000026412,ACC0014901,122993.99,SUCCESS,2026-07-09 22:17:07,1,1,1,2026-07
TXN0000026418,ACC0008087,26111.1,SUCCESS,2026-01-02 09:15:39,1,1,1,2026-01
TXN0000026422,ACC0022311,43395.55,SUCCESS,2026-05-14 22:19:52,1,1,1,2026-05
TXN0000026423,ACC0023627,44913.4,SUCCESS,2026-07-23 12:39:29,1,1,1,2026-07
TXN0000026425,ACC0011430,82558.05,SUCCESS,2026-06-15 19:53:10,1,1,1,2026-06
TXN0000026440,ACC0025893,119890.72,SUCCESS,2026-04-14 04:50:19,1,1,1,2026-04
TXN0000026442,ACC0001894,110695.77,SUCCESS,2026-05-03 18:07:13,1,1,1,2026-05
TXN0000026446,ACC0017591,129907.05,SUCCESS,2026-07-17 23:33:17,1,1,1,2026-07
TXN0000026448,ACC0021967,149393.55,SUCCESS,2026-02-03 16:57:05,1,1,1,2026-02
TXN0000026461,ACC0006047,121108.47,SUCCESS,2026-03-06 13:57:51,1,1,1,2026-03
TXN0000026464,ACC0020996,138885.56,SUCCESS,2026-03-25 22:07:10,1,1,1,2026-03
TXN0000026466,ACC0027193,34377.8,SUCCESS,2026-01-12 09:16:07,1,1,1,2026-01
TXN0000026476,ACC0005730,73868.76,SUCCESS,2026-05-20 06:45:55,1,1,1,2026-05
TXN0000026481,ACC0028412,108632.06,SUCCESS,2026-04-09 23:11:36,1,1,1,2026-04
TXN0000026484,ACC0026941,64392.42,SUCCESS,2026-04-29 02:51:35,1,1,1,2026-04
TXN0000026496,ACC0010695,6987.34,SUCCESS,2026-07-03 09:27:18,1,1,1,2026-07
TXN0000026508,ACC0010760,10769.65,SUCCESS,2026-01-12 01:11:27,1,1,1,2026-01
TXN0000026511,ACC0007471,20266.56,SUCCESS,2026-02-23 12:18:39,1,1,1,2026-02
TXN0000026518,ACC0026073,134304.86,SUCCESS,2026-02-13 16:21:32,1,1,1,2026-02
TXN0000026521,ACC0014919,118803.35,SUCCESS,2026-06-13 22:13:29,1,1,1,2026-06
TXN0000026527,ACC0020541,81494.65,SUCCESS,2026-04-09 16:31:42,1,1,1,2026-04
TXN0000026535,ACC0014826,41617.29,SUCCESS,2026-04-24 09:58:28,1,1,1,2026-04
TXN0000026538,ACC0018042,148805.09,SUCCESS,2026-01-19 08:28:33,1,1,1,2026-01
TXN0000026543,ACC0009494,139894.63,SUCCESS,2026-05-09 05:46:27,1,1,1,2026-05
TXN0000026545,ACC0014462,2440.19,SUCCESS,2026-03-16 01:21:32,1,1,1,2026-03
TXN0000026560,ACC0024632,107093.13,SUCCESS,2026-03-01 21:28:11,1,1,1,2026-03
TXN0000026562,ACC0021340,8519.96,SUCCESS,2026-04-06 06:44:13,1,1,1,2026-04
TXN0000026566,ACC0025945,93807.41,SUCCESS,2026-01-21 23:14:32,1,1,1,2026-01
TXN0000026576,ACC0023886,35004.96,SUCCESS,2026-02-21 00:45:54,1,1,1,2026-02
TXN0000026577,ACC0024676,102909.57,SUCCESS,2026-05-20 17:05:25,1,1,1,2026-05
TXN0000026581,ACC0008721,90333.05,SUCCESS,2026-01-14 02:18:52,1,1,1,2026-01
TXN0000026583,ACC0025291,123508.08,SUCCESS,2026-05-21 03:37:59,1,1,1,2026-05
TXN0000026584,ACC0020114,50231.29,SUCCESS,2026-04-29 04:48:11,1,1,1,2026-04
TXN0000026587,ACC0013248,108595.51,SUCCESS,2026-02-05 16:06:26,1,1,1,2026-02
TXN0000026589,ACC0001909,7829.36,SUCCESS,2026-02-22 07:02:16,1,1,1,2026-02
TXN0000026594,ACC0004624,20748.34,SUCCESS,2026-05-20 01:50:53,1,1,1,2026-05
TXN0000026598,ACC0023296,99805.85,SUCCESS,2026-06-02 14:10:03,1,1,1,2026-06
TXN0000026607,ACC0007836,134315.19,SUCCESS,2026-06-30 12:39:31,1,1,1,2026-06
TXN0000026617,ACC0028457,105399.74,SUCCESS,2026-03-18 19:02:11,1,1,1,2026-03
TXN0000026629,ACC0024726,16300.47,SUCCESS,2026-06-28 01:52:46,1,1,1,2026-06
TXN0000026639,ACC0011369,18364.64,SUCCESS,2026-03-30 05:24:28,1,1,1,2026-03
TXN0000026650,ACC0005619,19591.36,SUCCESS,2026-05-20 18:08:41,1,1,1,2026-05
TXN0000026656,ACC0011002,112115.07,SUCCESS,2026-03-12 17:49:43,1,1,1,2026-03
TXN0000026659,ACC0017537,85195.2,SUCCESS,2026-03-01 08:51:39,1,1,1,2026-03
TXN0000026666,ACC0028608,62830.75,SUCCESS,2026-04-30 06:10:24,1,1,1,2026-04
TXN0000026670,ACC0017963,31619.81,SUCCESS,2026-07-07 20:29:38,1,1,1,2026-07
TXN0000026680,ACC0023596,36951.31,SUCCESS,2026-05-18 07:31:54,1,1,1,2026-05
TXN0000026685,ACC0024479,108308.48,SUCCESS,2026-02-23 23:11:49,1,1,1,2026-02
TXN0000026691,ACC0015156,137603.03,SUCCESS,2026-07-24 23:21:48,1,1,1,2026-07
TXN0000026693,ACC0019965,78708.85,SUCCESS,2026-04-18 00:11:19,1,1,1,2026-04
TXN0000026694,ACC0012578,6573.85,SUCCESS,2026-01-10 21:45:09,1,1,1,2026-01
TXN0000026699,ACC0020101,48869.85,SUCCESS,2026-01-17 20:04:45,1,1,1,2026-01
TXN0000026700,ACC0020671,123723.03,SUCCESS,2026-01-31 16:31:25,1,1,1,2026-01
TXN0000026702,ACC0020903,139323.64,SUCCESS,2026-07-09 23:38:45,1,1,1,2026-07
TXN0000026707,ACC0028570,123963.17,SUCCESS,2026-05-22 23:22:24,1,1,1,2026-05
TXN0000026709,ACC0025815,84917.28,SUCCESS,2026-07-02 08:57:32,1,1,1,2026-07
TXN0000026711,ACC0022928,6790.77,SUCCESS,2026-04-08 03:08:17,1,1,1,2026-04
TXN0000026716,ACC0023165,931.8,SUCCESS,2026-07-21 05:43:01,1,1,1,2026-07
TXN0000026726,ACC0005348,42390.22,SUCCESS,2026-06-13 04:08:19,1,1,1,2026-06
TXN0000026728,ACC0018918,125771.34,SUCCESS,2026-07-03 16:12:53,1,1,1,2026-07
TXN0000026733,ACC0026052,18373.72,SUCCESS,2026-02-07 13:37:38,1,1,1,2026-02
TXN0000026736,ACC0017088,20734.02,SUCCESS,2026-07-24 21:31:35,1,1,1,2026-07
TXN0000026740,ACC0006557,79391.52,SUCCESS,2026-02-07 11:06:45,1,2,1,2026-02
TXN0000026743,ACC0020968,138570.64,SUCCESS,2026-02-23 03:08:19,1,1,1,2026-02
TXN0000026747,ACC0010700,107578.22,SUCCESS,2026-02-12 14:51:01,1,1,1,2026-02
TXN0000026754,ACC0019906,28803.61,SUCCESS,2026-03-13 22:10:56,1,1,1,2026-03
TXN0000026760,ACC0005819,74921.18,SUCCESS,2026-06-24 05:46:22,1,1,1,2026-06
TXN0000026771,ACC0005174,1192.54,SUCCESS,2026-05-09 07:06:15,1,1,1,2026-05
TXN0000026779,ACC0026605,44940.0,SUCCESS,2026-03-04 05:09:58,1,1,1,2026-03
TXN0000026783,ACC0006363,59652.91,SUCCESS,2026-05-28 17:21:45,1,1,1,2026-05
TXN0000026784,ACC0010869,109385.9,SUCCESS,2026-03-20 14:19:21,1,1,1,2026-03
TXN0000026791,ACC0023080,54027.35,SUCCESS,2026-07-24 21:03:30,1,1,1,2026-07
TXN0000026792,ACC0000043,11710.27,SUCCESS,2026-05-28 20:50:08,1,1,1,2026-05
TXN0000026793,ACC0017246,119519.31,SUCCESS,2026-06-19 21:55:08,1,1,1,2026-06
TXN0000026819,ACC0025671,7188.63,SUCCESS,2026-05-07 08:01:11,1,1,1,2026-05
TXN0000026830,ACC0023926,48328.78,SUCCESS,2026-05-15 13:24:03,1,1,1,2026-05
TXN0000026831,ACC0013995,70333.06,SUCCESS,2026-05-10 06:18:09,1,1,1,2026-05
TXN0000026845,ACC0001246,94806.85,SUCCESS,2026-02-24 18:18:08,1,1,1,2026-02
TXN0000026846,ACC0018639,62737.14,SUCCESS,2026-06-29 12:05:52,1,1,1,2026-06
TXN0000026856,ACC0026552,145416.76,SUCCESS,2026-01-28 10:40:47,1,1,1,2026-01
TXN0000026863,ACC0006065,43370.14,SUCCESS,2026-03-22 17:16:47,1,1,1,2026-03
TXN0000026864,ACC0021982,97044.04,SUCCESS,2026-05-25 09:18:36,1,1,1,2026-05
TXN0000026875,ACC0007029,130317.61,SUCCESS,2026-05-23 12:56:35,1,1,1,2026-05
TXN0000026881,ACC0025827,16615.14,SUCCESS,2026-03-29 21:37:30,1,1,1,2026-03
TXN0000026882,ACC0000246,42553.29,SUCCESS,2026-04-23 16:20:17,1,1,1,2026-04
TXN0000026885,ACC0009199,63228.37,SUCCESS,2026-04-14 15:03:40,1,1,1,2026-04
TXN0000026895,ACC0021452,90328.35,SUCCESS,2026-06-04 20:23:46,1,1,1,2026-06
TXN0000026897,ACC0014841,7759.46,SUCCESS,2026-07-09 19:58:46,1,1,1,2026-07
TXN0000026901,ACC0006289,84076.18,SUCCESS,2026-02-03 10:01:23,1,1,1,2026-02
TXN0000026915,ACC0005027,34265.56,SUCCESS,2026-05-09 21:07:44,1,1,1,2026-05
TXN0000026919,ACC0013636,99209.87,SUCCESS,2026-03-27 13:53:27,1,1,1,2026-03
TXN0000026932,ACC0008844,115913.62,SUCCESS,2026-06-07 15:06:21,1,1,1,2026-06
TXN0000026941,ACC0003727,69905.88,SUCCESS,2026-02-19 12:23:27,1,1,1,2026-02
TXN0000026950,ACC0029922,35149.69,SUCCESS,2026-02-08 06:23:23,1,1,1,2026-02
TXN0000026953,ACC0011490,115839.62,SUCCESS,2026-06-17 14:06:32,1,1,1,2026-06
TXN0000026955,ACC0008806,101852.59,SUCCESS,2026-07-04 12:53:23,1,1,1,2026-07
TXN0000026961,ACC0017669,62403.07,SUCCESS,2026-07-12 20:05:07,1,1,1,2026-07
TXN0000026974,ACC0018803,121664.09,SUCCESS,2026-06-16 09:51:15,1,1,1,2026-06
TXN0000026978,ACC0006659,29478.43,SUCCESS,2026-03-27 17:02:46,1,1,1,2026-03
TXN0000026987,ACC0014331,44597.93,SUCCESS,2026-06-07 14:46:44,1,1,1,2026-06
TXN0000026994,ACC0007738,17268.55,SUCCESS,2026-08-08 21:46:08,1,1,1,2026-08
TXN0000027012,ACC0020180,67254.0,SUCCESS,2026-04-07 19:20:56,1,1,1,2026-04
TXN0000027023,ACC0014030,89323.67,SUCCESS,2026-02-09 13:51:33,1,1,1,2026-02
TXN0000027025,ACC0009637,111179.33,SUCCESS,2026-06-20 15:40:06,1,1,1,2026-06
TXN0000027030,ACC0005156,113099.5,SUCCESS,2026-06-08 12:40:01,1,1,1,2026-06
TXN0000027033,ACC0029204,17643.25,SUCCESS,2026-02-23 11:31:41,1,1,1,2026-02
TXN0000027038,ACC0011058,118570.67,SUCCESS,2026-03-21 03:22:47,1,1,1,2026-03
TXN0000027039,ACC0026230,55061.16,SUCCESS,2026-02-27 22:48:06,1,1,1,2026-02
TXN0000027060,ACC0003874,22429.71,SUCCESS,2026-03-30 19:07:01,1,1,1,2026-03
TXN0000027068,ACC0015578,56344.87,SUCCESS,2026-01-04 01:04:19,1,1,1,2026-01
TXN0000027071,ACC0005602,23195.98,SUCCESS,2026-05-08 02:29:25,1,1,1,2026-05
TXN0000027072,ACC0023386,44190.89,SUCCESS,2026-07-13 01:12:17,1,1,1,2026-07
TXN0000027083,ACC0010523,53774.65,SUCCESS,2026-02-06 03:09:00,1,1,1,2026-02
TXN0000027084,ACC0018609,84194.01,SUCCESS,2026-02-26 11:03:33,1,1,1,2026-02
TXN0000027086,ACC0020547,18569.42,SUCCESS,2026-01-10 12:55:53,1,1,1,2026-01
TXN0000027097,ACC0017759,130176.19,SUCCESS,2026-06-07 14:08:54,1,1,1,2026-06
TXN0000027104,ACC0019261,70712.05,SUCCESS,2026-06-02 05:58:10,1,1,1,2026-06
TXN0000027109,ACC0019141,31473.84,SUCCESS,2026-08-04 04:15:03,1,1,1,2026-08
TXN0000027111,ACC0016988,30774.41,SUCCESS,2026-04-28 00:24:57,1,1,1,2026-04
TXN0000027112,ACC0029074,51682.37,SUCCESS,2026-04-05 16:04:27,1,1,1,2026-04
TXN0000027115,ACC0013201,41027.79,SUCCESS,2026-07-24 00:58:19,1,1,1,2026-07
TXN0000027120,ACC0026755,33152.66,SUCCESS,2026-04-16 16:25:09,1,1,1,2026-04
TXN0000027138,ACC0001230,94407.91,SUCCESS,2026-05-23 14:36:13,1,1,1,2026-05
TXN0000027155,ACC0017852,89858.1,SUCCESS,2026-01-08 04:09:17,1,1,1,2026-01
TXN0000027159,ACC0023218,13763.77,SUCCESS,2026-06-03 19:52:17,1,1,1,2026-06
TXN0000027164,ACC0014049,23498.33,SUCCESS,2026-08-06 22:35:06,1,1,1,2026-08
TXN0000027166,ACC0015621,64067.86,SUCCESS,2026-08-01 23:34:50,1,1,1,2026-08
TXN0000027168,ACC0022477,91188.88,SUCCESS,2026-03-20 09:17:27,1,1,1,2026-03
TXN0000027188,ACC0028474,137848.32,SUCCESS,2026-02-10 10:30:14,1,1,1,2026-02
TXN0000027191,ACC0019370,118129.3,SUCCESS,2026-05-12 03:19:23,1,1,1,2026-05
TXN0000027200,ACC0014038,46912.35,SUCCESS,2026-04-04 12:52:00,1,1,1,2026-04
TXN0000027213,ACC0023269,111094.96,SUCCESS,2026-03-25 13:29:58,1,1,1,2026-03
TXN0000027218,ACC0007992,137839.23,SUCCESS,2026-06-16 04:51:47,1,1,1,2026-06
TXN0000027234,ACC0004875,2601.86,SUCCESS,2026-02-05 08:08:52,1,1,1,2026-02
TXN0000027237,ACC0000694,14438.32,SUCCESS,2026-02-13 16:22:48,1,1,1,2026-02
TXN0000027239,ACC0019000,12380.04,SUCCESS,2026-06-26 23:50:25,1,1,1,2026-06
TXN0000027242,ACC0023650,52183.8,SUCCESS,2026-02-22 15:15:46,1,1,1,2026-02
TXN0000027247,ACC0003890,48355.39,SUCCESS,2026-03-07 19:17:05,1,1,1,2026-03
TXN0000027250,ACC0015781,106302.42,SUCCESS,2026-06-10 19:13:50,1,1,1,2026-06
TXN0000027253,ACC0011683,59089.91,SUCCESS,2026-01-08 23:42:05,1,1,1,2026-01
TXN0000027278,ACC0023153,77438.48,SUCCESS,2026-03-19 09:12:13,1,1,1,2026-03
TXN0000027289,ACC0028999,93657.72,SUCCESS,2026-03-05 00:01:54,1,1,1,2026-03
TXN0000027296,ACC0008559,102412.88,SUCCESS,2026-03-21 18:14:58,1,1,1,2026-03
TXN0000027299,ACC0015902,5055.6,SUCCESS,2026-07-03 23:36:30,1,1,1,2026-07
TXN0000027307,ACC0016731,80964.36,SUCCESS,2026-04-10 17:33:36,1,1,1,2026-04
TXN0000027315,ACC0001435,96932.88,SUCCESS,2026-03-19 11:15:34,1,1,1,2026-03
TXN0000027334,ACC0002057,16843.55,SUCCESS,2026-05-11 06:19:38,1,1,1,2026-05
TXN0000027348,ACC0001278,14696.77,SUCCESS,2026-05-09 10:22:48,1,1,1,2026-05
TXN0000027351,ACC0009539,137931.82,SUCCESS,2026-03-22 20:13:30,1,1,1,2026-03
TXN0000027353,ACC0025376,95447.32,SUCCESS,2026-03-22 05:05:31,1,1,1,2026-03
TXN0000027358,ACC0028558,39922.69,SUCCESS,2026-02-18 23:40:15,1,1,1,2026-02
TXN0000027361,ACC0020442,63494.98,SUCCESS,2026-06-03 08:53:32,1,1,1,2026-06
TXN0000027375,ACC0012894,16617.34,SUCCESS,2026-06-01 21:27:49,1,1,1,2026-06
TXN0000027382,ACC0024397,17690.57,SUCCESS,2026-05-29 17:57:15,1,1,1,2026-05
TXN0000027391,ACC0012176,77397.05,SUCCESS,2026-03-04 10:29:08,1,1,1,2026-03
TXN0000027392,ACC0005156,137438.41,SUCCESS,2026-08-01 13:26:51,1,1,1,2026-08
TXN0000027393,ACC0023891,13005.65,SUCCESS,2026-06-12 03:51:29,1,1,1,2026-06
TXN0000027395,ACC0002501,1067.34,SUCCESS,2026-03-15 10:03:44,1,1,1,2026-03
TXN0000027429,ACC0020622,79901.5,SUCCESS,2026-03-15 20:14:09,1,1,1,2026-03
TXN0000027431,ACC0023986,141620.02,SUCCESS,2026-07-29 05:55:47,1,1,1,2026-07
TXN0000027434,ACC0020007,53131.47,SUCCESS,2026-04-15 22:04:59,1,1,1,2026-04
TXN0000027435,ACC0021802,113946.19,SUCCESS,2026-06-03 01:21:52,1,1,1,2026-06
TXN0000027454,ACC0012238,81624.27,SUCCESS,2026-04-12 19:36:13,1,1,1,2026-04
TXN0000027455,ACC0019709,93739.99,SUCCESS,2026-07-30 00:48:43,1,1,1,2026-07
TXN0000027459,ACC0025050,49607.89,SUCCESS,2026-05-05 19:55:33,1,1,1,2026-05
TXN0000027464,ACC0027166,117878.42,SUCCESS,2026-01-08 05:59:48,1,1,1,2026-01
TXN0000027475,ACC0010062,130777.64,SUCCESS,2026-02-22 04:12:29,1,1,1,2026-02
TXN0000027484,ACC0002126,63955.48,SUCCESS,2026-03-25 14:31:30,1,1,1,2026-03
TXN0000027500,ACC0028192,36536.96,SUCCESS,2026-06-15 06:57:37,1,1,1,2026-06
TXN0000027504,ACC0010633,90539.14,SUCCESS,2026-01-14 03:05:14,1,1,1,2026-01
TXN0000027518,ACC0001098,28266.14,SUCCESS,2026-04-01 03:19:50,1,1,1,2026-04
TXN0000027521,ACC0014800,24146.0,SUCCESS,2026-06-17 17:25:19,1,1,1,2026-06
TXN0000027529,ACC0024240,69981.01,SUCCESS,2026-03-16 17:11:38,1,1,1,2026-03
TXN0000027537,ACC0001759,67472.5,SUCCESS,2026-07-26 22:57:52,1,1,1,2026-07
TXN0000027538,ACC0025839,128101.0,SUCCESS,2026-03-10 10:02:54,1,1,1,2026-03
TXN0000027539,ACC0023081,144559.57,SUCCESS,2026-07-21 00:22:20,1,1,1,2026-07
TXN0000027545,ACC0024256,32158.91,SUCCESS,2026-07-21 17:45:06,1,1,1,2026-07
TXN0000027546,ACC0021787,16673.13,SUCCESS,2026-03-04 02:16:42,1,1,1,2026-03
TXN0000027552,ACC0019348,85422.27,SUCCESS,2026-02-26 01:30:32,1,1,1,2026-02
TXN0000027553,ACC0006093,29539.33,SUCCESS,2026-04-06 01:49:35,1,1,1,2026-04
TXN0000027555,ACC0011454,149903.5,SUCCESS,2026-08-08 03:45:49,1,1,1,2026-08
TXN0000027560,ACC0005673,106293.96,SUCCESS,2026-04-17 06:31:35,1,1,1,2026-04
TXN0000027566,ACC0028160,54833.14,SUCCESS,2026-04-21 07:30:31,1,1,1,2026-04
TXN0000027573,ACC0014670,123316.75,SUCCESS,2026-01-06 12:26:43,1,1,1,2026-01
TXN0000027574,ACC0011980,89544.2,SUCCESS,2026-07-27 13:57:57,1,1,1,2026-07
TXN0000027583,ACC0017452,33422.44,SUCCESS,2026-03-08 02:35:19,1,1,1,2026-03
TXN0000027607,ACC0007927,10185.66,SUCCESS,2026-05-18 18:31:39,1,1,1,2026-05
TXN0000027616,ACC0022707,117278.92,SUCCESS,2026-05-13 22:43:22,1,1,1,2026-05
TXN0000027617,ACC0010864,21739.07,SUCCESS,2026-06-12 15:32:23,1,1,1,2026-06
TXN0000027618,ACC0026108,87259.62,SUCCESS,2026-07-14 02:53:10,1,1,1,2026-07
TXN0000027627,ACC0023713,50994.37,SUCCESS,2026-07-26 09:10:09,1,1,1,2026-07
TXN0000027642,ACC0006112,28911.13,SUCCESS,2026-06-12 01:01:18,1,1,1,2026-06
TXN0000027643,ACC0023969,133140.7,SUCCESS,2026-04-12 00:25:01,1,1,1,2026-04
TXN0000027645,ACC0017927,42189.03,SUCCESS,2026-02-15 23:36:43,1,1,1,2026-02
TXN0000027648,ACC0028547,128341.01,SUCCESS,2026-03-19 00:57:37,1,1,1,2026-03
TXN0000027657,ACC0017789,57560.54,SUCCESS,2026-04-14 10:46:28,1,1,1,2026-04
TXN0000027660,ACC0008464,98271.22,SUCCESS,2026-02-19 01:57:29,1,1,1,2026-02
TXN0000027661,ACC0026109,8416.29,SUCCESS,2026-06-18 22:47:19,1,1,1,2026-06
TXN0000027663,ACC0026517,26011.69,SUCCESS,2026-05-26 02:17:39,1,1,1,2026-05
TXN0000027687,ACC0009797,18096.51,SUCCESS,2026-06-11 02:06:40,1,1,1,2026-06
TXN0000027689,ACC0014016,126506.74,SUCCESS,2026-03-12 22:19:02,1,1,1,2026-03
TXN0000027696,ACC0003329,63760.05,SUCCESS,2026-05-22 10:16:02,1,1,1,2026-05
TXN0000027698,ACC0019268,145002.02,SUCCESS,2026-06-15 20:57:55,1,1,1,2026-06
TXN0000027706,ACC0020912,124105.5,SUCCESS,2026-05-16 15:54:08,1,1,1,2026-05
TXN0000027709,ACC0005869,63887.91,SUCCESS,2026-06-26 20:49:37,1,1,1,2026-06
TXN0000027715,ACC0001117,13391.7,SUCCESS,2026-02-02 16:03:48,1,1,1,2026-02
TXN0000027719,ACC0009962,39677.12,SUCCESS,2026-03-06 16:46:47,1,1,1,2026-03
TXN0000027726,ACC0006652,16642.78,SUCCESS,2026-04-17 10:14:29,1,1,1,2026-04
TXN0000027730,ACC0008495,17773.51,SUCCESS,2026-08-03 12:29:25,1,1,1,2026-08
TXN0000027738,ACC0004723,117048.29,SUCCESS,2026-07-07 01:57:50,1,1,1,2026-07
TXN0000027739,ACC0002583,37964.62,SUCCESS,2026-02-04 01:58:09,1,1,1,2026-02
TXN0000027751,ACC0018986,129703.69,SUCCESS,2026-07-07 00:43:56,1,1,1,2026-07
TXN0000027752,ACC0010258,112476.01,SUCCESS,2026-01-02 04:13:39,1,1,1,2026-01
TXN0000027754,ACC0006331,74013.28,SUCCESS,2026-03-19 02:19:16,1,1,1,2026-03
TXN0000027767,ACC0020473,17925.74,SUCCESS,2026-05-07 04:12:15,1,1,1,2026-05
TXN0000027768,ACC0002291,15647.62,SUCCESS,2026-03-26 02:14:27,1,1,1,2026-03
TXN0000027772,ACC0003839,21406.0,SUCCESS,2026-07-02 02:18:39,1,1,1,2026-07
TXN0000027773,ACC0002395,110905.24,SUCCESS,2026-01-23 10:50:45,1,1,1,2026-01
TXN0000027776,ACC0010122,57148.8,SUCCESS,2026-05-13 07:07:31,1,1,1,2026-05
TXN0000027777,ACC0022777,41988.17,SUCCESS,2026-07-18 13:19:17,1,1,1,2026-07
TXN0000027781,ACC0005510,33066.41,SUCCESS,2026-04-04 12:18:49,1,1,1,2026-04
TXN0000027800,ACC0012893,35441.23,SUCCESS,2026-01-29 21:11:27,1,1,1,2026-01
TXN0000027803,ACC0024520,144852.48,SUCCESS,2026-06-15 18:03:23,1,1,1,2026-06
TXN0000027815,ACC0016325,90155.76,SUCCESS,2026-02-21 13:56:41,1,1,1,2026-02
TXN0000027846,ACC0005451,33868.6,SUCCESS,2026-04-19 14:49:37,1,1,1,2026-04
TXN0000027848,ACC0015207,31755.76,SUCCESS,2026-05-13 23:21:21,1,2,1,2026-05
TXN0000027849,ACC0017173,124042.6,SUCCESS,2026-01-28 22:39:12,1,1,1,2026-01
TXN0000027850,ACC0018622,98573.69,SUCCESS,2026-02-13 05:46:33,1,1,1,2026-02
TXN0000027851,ACC0017184,38710.42,SUCCESS,2026-06-15 04:28:51,1,1,1,2026-06
TXN0000027853,ACC0015820,128910.76,SUCCESS,2026-06-12 20:27:42,1,1,1,2026-06
TXN0000027854,ACC0024913,9873.1,SUCCESS,2026-08-01 14:05:07,1,1,1,2026-08
TXN0000027857,ACC0015522,87541.25,SUCCESS,2026-01-24 02:28:15,1,1,1,2026-01
TXN0000027860,ACC0012273,46948.9,SUCCESS,2026-04-30 09:09:19,1,1,1,2026-04
TXN0000027862,ACC0026938,120152.26,SUCCESS,2026-07-23 17:05:03,1,1,1,2026-07
TXN0000027865,ACC0012107,4577.78,SUCCESS,2026-02-20 00:12:16,1,1,1,2026-02
TXN0000027870,ACC0001477,46954.08,SUCCESS,2026-04-15 19:09:43,1,1,1,2026-04
TXN0000027878,ACC0018530,116534.43,SUCCESS,2026-07-03 12:43:11,1,1,1,2026-07
TXN0000027879,ACC0014985,9254.4,SUCCESS,2026-06-25 19:28:36,1,1,1,2026-06
TXN0000027885,ACC0027447,73447.3,SUCCESS,2026-01-21 13:35:47,1,1,1,2026-01
TXN0000027886,ACC0029979,22932.24,SUCCESS,2026-03-30 03:55:09,1,1,1,2026-03
TXN0000027900,ACC0021718,53682.44,SUCCESS,2026-02-27 21:30:19,1,2,1,2026-02
TXN0000027905,ACC0012046,144967.4,SUCCESS,2026-02-24 06:41:57,1,1,1,2026-02
TXN0000027917,ACC0016919,132738.39,SUCCESS,2026-01-18 01:27:23,1,1,1,2026-01
TXN0000027923,ACC0009611,111734.51,SUCCESS,2026-02-19 21:46:44,1,1,1,2026-02
TXN0000027924,ACC0001475,56066.1,SUCCESS,2026-06-11 22:09:08,1,1,1,2026-06
TXN0000027939,ACC0001894,18266.73,SUCCESS,2026-03-01 19:59:38,1,1,1,2026-03
TXN0000027940,ACC0002146,53264.12,SUCCESS,2026-05-24 10:09:41,1,1,1,2026-05
TXN0000027941,ACC0016222,111578.86,SUCCESS,2026-05-04 09:18:44,1,1,1,2026-05
TXN0000027958,ACC0000167,29814.17,SUCCESS,2026-03-24 19:59:01,1,1,1,2026-03
TXN0000027960,ACC0007259,112313.85,SUCCESS,2026-04-26 07:52:43,1,1,1,2026-04
TXN0000027966,ACC0009947,87694.59,SUCCESS,2026-03-25 17:58:47,1,1,1,2026-03
TXN0000027967,ACC0011787,94177.99,SUCCESS,2026-02-10 11:38:13,1,1,1,2026-02
TXN0000027969,ACC0008206,60045.53,SUCCESS,2026-07-27 06:42:54,1,1,1,2026-07
TXN0000027974,ACC0013086,138800.97,SUCCESS,2026-04-06 17:32:48,1,1,1,2026-04
TXN0000027975,ACC0014687,40658.51,SUCCESS,2026-04-09 14:12:46,1,1,1,2026-04
TXN0000027980,ACC0012876,3547.21,SUCCESS,2026-01-10 12:55:48,1,1,1,2026-01
TXN0000027982,ACC0011595,2183.68,SUCCESS,2026-03-30 14:13:58,1,1,1,2026-03
TXN0000027989,ACC0011596,98799.9,SUCCESS,2026-06-28 12:05:08,1,1,1,2026-06
TXN0000027992,ACC0012567,110037.51,SUCCESS,2026-05-23 20:02:38,1,1,1,2026-05
TXN0000027997,ACC0016660,38157.71,SUCCESS,2026-02-25 04:19:48,1,1,1,2026-02
TXN0000027999,ACC0015770,79332.78,SUCCESS,2026-01-06 14:20:27,1,1,1,2026-01
TXN0000028006,ACC0025255,59303.41,SUCCESS,2026-01-07 11:19:28,1,1,1,2026-01
TXN0000028014,ACC0007853,99827.95,SUCCESS,2026-07-28 22:59:00,1,1,1,2026-07
TXN0000028022,ACC0008201,123544.58,SUCCESS,2026-02-19 06:40:55,1,1,1,2026-02
TXN0000028023,ACC0019573,34622.78,SUCCESS,2026-07-22 21:11:35,1,1,1,2026-07
TXN0000028031,ACC0022159,87584.95,SUCCESS,2026-01-27 00:05:37,1,2,1,2026-01
TXN0000028039,ACC0029240,116916.53,SUCCESS,2026-07-23 16:33:09,1,1,1,2026-07
TXN0000028042,ACC0006729,51273.76,SUCCESS,2026-04-22 22:35:01,1,1,1,2026-04
TXN0000028049,ACC0017186,112241.66,SUCCESS,2026-06-23 19:52:36,1,1,1,2026-06
TXN0000028053,ACC0002115,133617.81,SUCCESS,2026-02-21 16:42:08,1,1,1,2026-02
TXN0000028054,ACC0025070,130175.56,SUCCESS,2026-01-24 11:59:15,1,1,1,2026-01
TXN0000028056,ACC0028220,99242.13,SUCCESS,2026-01-24 23:15:45,1,1,1,2026-01
TXN0000028061,ACC0008886,26788.58,SUCCESS,2026-01-16 08:16:15,1,2,1,2026-01
TXN0000028063,ACC0022190,2256.52,SUCCESS,2026-05-08 07:00:40,1,1,1,2026-05
TXN0000028071,ACC0014497,118396.73,SUCCESS,2026-04-08 15:13:36,1,1,1,2026-04
TXN0000028074,ACC0021927,29541.22,SUCCESS,2026-08-01 02:31:27,1,1,1,2026-08
TXN0000028080,ACC0007766,33691.26,SUCCESS,2026-03-19 13:46:41,1,1,1,2026-03
TXN0000028083,ACC0025532,75845.88,SUCCESS,2026-04-06 09:31:21,1,1,1,2026-04
TXN0000028086,ACC0001035,68557.49,SUCCESS,2026-05-21 17:31:16,1,1,1,2026-05
TXN0000028088,ACC0024608,52568.18,SUCCESS,2026-05-24 14:23:08,1,1,1,2026-05
TXN0000028094,ACC0005179,45980.72,SUCCESS,2026-04-02 05:49:58,1,1,1,2026-04
TXN0000028095,ACC0022009,139806.51,SUCCESS,2026-01-23 03:56:25,1,1,1,2026-01
TXN0000028100,ACC0009690,8163.63,SUCCESS,2026-03-18 04:42:47,1,1,1,2026-03
TXN0000028102,ACC0002702,42713.5,SUCCESS,2026-01-18 02:06:29,1,1,1,2026-01
TXN0000028113,ACC0012682,4517.38,SUCCESS,2026-05-04 13:02:07,1,1,1,2026-05
TXN0000028116,ACC0011547,47671.85,SUCCESS,2026-01-26 07:27:32,1,1,1,2026-01
TXN0000028127,ACC0029863,99322.59,SUCCESS,2026-04-19 23:02:35,1,1,1,2026-04
TXN0000028135,ACC0001243,49622.29,SUCCESS,2026-02-15 14:14:35,1,2,1,2026-02
TXN0000028139,ACC0016301,112559.51,SUCCESS,2026-02-13 18:29:44,1,1,1,2026-02
TXN0000028149,ACC0010152,126423.0,SUCCESS,2026-01-26 09:18:31,1,1,1,2026-01
TXN0000028152,ACC0001975,64565.03,SUCCESS,2026-02-22 15:49:56,1,1,1,2026-02
TXN0000028156,ACC0006089,110510.47,SUCCESS,2026-07-07 12:33:09,1,1,1,2026-07
TXN0000028164,ACC0015274,73218.2,SUCCESS,2026-06-13 17:33:21,1,1,1,2026-06
TXN0000028178,ACC0022253,77368.23,SUCCESS,2026-06-30 08:43:44,1,1,1,2026-06
TXN0000028180,ACC0006175,93795.82,SUCCESS,2026-04-08 04:52:04,1,1,1,2026-04
TXN0000028186,ACC0017534,46766.28,SUCCESS,2026-06-28 23:37:26,1,1,1,2026-06
TXN0000028189,ACC0020021,16939.76,SUCCESS,2026-05-28 06:51:07,1,1,1,2026-05
TXN0000028190,ACC0021164,75299.08,SUCCESS,2026-05-25 05:06:55,1,1,1,2026-05
TXN0000028196,ACC0004561,62757.78,SUCCESS,2026-06-28 19:38:21,1,1,1,2026-06
TXN0000028197,ACC0016325,26602.09,SUCCESS,2026-06-04 00:51:40,1,1,1,2026-06
TXN0000028202,ACC0017256,111173.0,SUCCESS,2026-07-04 18:23:57,1,1,1,2026-07
TXN0000028206,ACC0029609,90207.26,SUCCESS,2026-03-02 10:39:18,1,1,1,2026-03
TXN0000028211,ACC0016438,64102.08,SUCCESS,2026-05-15 13:42:38,1,1,1,2026-05
TXN0000028215,ACC0007485,99808.44,SUCCESS,2026-05-30 12:12:35,1,1,1,2026-05
TXN0000028217,ACC0009453,86280.17,SUCCESS,2026-06-11 01:04:45,1,1,1,2026-06
TXN0000028229,ACC0016399,69813.23,SUCCESS,2026-02-08 04:44:44,1,1,1,2026-02
TXN0000028246,ACC0005417,128756.55,SUCCESS,2026-07-05 08:40:38,1,1,1,2026-07
TXN0000028252,ACC0019971,407.16,SUCCESS,2026-02-17 10:04:38,1,1,1,2026-02
TXN0000028260,ACC0020998,3804.04,SUCCESS,2026-04-25 00:32:44,1,1,1,2026-04
TXN0000028262,ACC0017677,85652.99,SUCCESS,2026-04-25 07:24:20,1,1,1,2026-04
TXN0000028266,ACC0002974,17677.68,SUCCESS,2026-06-29 22:37:43,1,1,1,2026-06
TXN0000028271,ACC0013819,118591.02,SUCCESS,2026-03-04 14:22:30,1,1,1,2026-03
TXN0000028274,ACC0025273,97942.79,SUCCESS,2026-07-07 15:22:55,1,1,1,2026-07
TXN0000028289,ACC0019931,100147.38,SUCCESS,2026-06-28 22:56:33,1,1,1,2026-06
TXN0000028304,ACC0005872,124154.29,SUCCESS,2026-06-25 01:52:46,1,1,1,2026-06
TXN0000028305,ACC0011974,134900.82,SUCCESS,2026-04-13 06:09:08,1,1,1,2026-04
TXN0000028316,ACC0000029,54002.91,SUCCESS,2026-06-08 23:26:13,1,1,1,2026-06
TXN0000028318,ACC0018023,111707.59,SUCCESS,2026-03-08 02:43:38,1,1,1,2026-03
TXN0000028319,ACC0010049,82772.54,SUCCESS,2026-05-16 16:01:31,1,1,1,2026-05
TXN0000028322,ACC0017962,79280.47,SUCCESS,2026-01-17 12:47:39,1,1,1,2026-01
TXN0000028347,ACC0015956,58918.51,SUCCESS,2026-05-13 07:47:38,1,1,1,2026-05
TXN0000028353,ACC0018361,87906.8,SUCCESS,2026-01-01 00:50:36,1,1,1,2026-01
TXN0000028356,ACC0002180,135582.28,SUCCESS,2026-02-20 21:07:59,1,1,1,2026-02
TXN0000028386,ACC0016850,114332.47,SUCCESS,2026-02-13 13:01:25,1,1,1,2026-02
TXN0000028390,ACC0027459,139621.27,SUCCESS,2026-01-06 11:57:43,1,1,1,2026-01
TXN0000028416,ACC0022772,4488.44,SUCCESS,2026-08-06 09:09:48,1,1,1,2026-08
TXN0000028432,ACC0029303,53752.39,SUCCESS,2026-01-08 09:40:23,1,1,1,2026-01
TXN0000028437,ACC0007959,18661.58,SUCCESS,2026-02-19 02:50:08,1,1,1,2026-02
TXN0000028442,ACC0001517,97347.71,SUCCESS,2026-07-16 21:39:49,1,1,1,2026-07
TXN0000028444,ACC0024469,48612.99,SUCCESS,2026-05-07 11:00:13,1,1,1,2026-05
TXN0000028449,ACC0019373,65357.64,SUCCESS,2026-07-01 08:17:56,1,1,1,2026-07
TXN0000028454,ACC0007991,69879.96,SUCCESS,2026-05-03 08:35:46,1,1,1,2026-05
TXN0000028460,ACC0026992,109686.41,SUCCESS,2026-01-10 07:46:43,1,1,1,2026-01
TXN0000028473,ACC0012473,115415.58,SUCCESS,2026-03-24 16:51:25,1,1,1,2026-03
TXN0000028478,ACC0022895,107355.02,SUCCESS,2026-04-29 13:40:44,1,1,1,2026-04
TXN0000028480,ACC0004609,42061.55,SUCCESS,2026-01-03 20:47:11,1,1,1,2026-01
TXN0000028497,ACC0013028,28135.87,SUCCESS,2026-01-09 01:39:23,1,1,1,2026-01
TXN0000028500,ACC0009962,46552.81,SUCCESS,2026-01-02 14:38:06,1,1,1,2026-01
TXN0000028508,ACC0012945,73295.43,SUCCESS,2026-07-30 13:51:34,1,1,1,2026-07
TXN0000028510,ACC0005576,80521.77,SUCCESS,2026-07-30 19:35:29,1,1,1,2026-07
TXN0000028520,ACC0011959,87484.02,SUCCESS,2026-05-19 12:15:00,1,1,1,2026-05
TXN0000028521,ACC0002063,95560.89,SUCCESS,2026-03-27 10:24:27,1,1,1,2026-03
TXN0000028523,ACC0017874,138748.33,SUCCESS,2026-01-12 20:22:34,1,1,1,2026-01
TXN0000028524,ACC0025399,78722.33,SUCCESS,2026-05-06 23:35:34,1,1,1,2026-05
TXN0000028525,ACC0006754,67602.06,SUCCESS,2026-02-09 18:52:25,1,1,1,2026-02
TXN0000028527,ACC0002545,25763.83,SUCCESS,2026-06-26 22:06:03,1,1,1,2026-06
TXN0000028529,ACC0014448,106654.86,SUCCESS,2026-02-23 15:32:16,1,1,1,2026-02
TXN0000028531,ACC0016458,69092.99,SUCCESS,2026-03-06 05:47:08,1,1,1,2026-03
TXN0000028532,ACC0010584,134980.78,SUCCESS,2026-03-02 20:07:13,1,1,1,2026-03
TXN0000028536,ACC0009752,22328.44,SUCCESS,2026-06-05 22:10:37,1,1,1,2026-06
TXN0000028540,ACC0016278,141555.38,SUCCESS,2026-01-17 07:10:21,1,1,1,2026-01
TXN0000028541,ACC0027018,22215.67,SUCCESS,2026-01-01 12:11:48,1,1,1,2026-01
TXN0000028543,ACC0022341,40836.71,SUCCESS,2026-05-11 07:10:22,1,1,1,2026-05
TXN0000028547,ACC0004024,13001.83,SUCCESS,2026-05-28 11:40:20,1,1,1,2026-05
TXN0000028554,ACC0006244,93101.82,SUCCESS,2026-02-26 01:43:14,1,1,1,2026-02
TXN0000028556,ACC0001616,130978.97,SUCCESS,2026-07-18 14:00:44,1,1,1,2026-07
TXN0000028557,ACC0013505,60727.03,SUCCESS,2026-02-15 05:42:38,1,1,1,2026-02
TXN0000028569,ACC0021628,108936.68,SUCCESS,2026-01-28 17:12:50,1,1,1,2026-01
TXN0000028571,ACC0010511,92216.55,SUCCESS,2026-07-27 18:41:12,1,1,1,2026-07
TXN0000028580,ACC0003649,35794.95,SUCCESS,2026-03-10 07:34:43,1,1,1,2026-03
TXN0000028586,ACC0007984,72056.36,SUCCESS,2026-07-12 19:24:09,1,1,1,2026-07
TXN0000028595,ACC0011731,63576.79,SUCCESS,2026-07-06 16:50:35,1,1,1,2026-07
TXN0000028598,ACC0019162,34137.62,SUCCESS,2026-07-14 16:16:46,1,1,1,2026-07
TXN0000028603,ACC0019490,119722.81,SUCCESS,2026-02-06 03:27:19,1,1,1,2026-02
TXN0000028605,ACC0021236,76824.79,SUCCESS,2026-04-28 19:24:56,1,1,1,2026-04
TXN0000028609,ACC0022814,105665.02,SUCCESS,2026-08-02 02:44:51,1,1,1,2026-08
TXN0000028617,ACC0000384,80294.09,SUCCESS,2026-02-25 07:11:58,1,1,1,2026-02
TXN0000028618,ACC0005847,72432.8,SUCCESS,2026-04-09 04:29:30,1,1,1,2026-04
TXN0000028620,ACC0007022,17408.31,SUCCESS,2026-07-09 20:08:55,1,1,1,2026-07
TXN0000028625,ACC0008408,40021.17,SUCCESS,2026-01-22 04:58:38,1,1,1,2026-01
TXN0000028642,ACC0028497,2902.68,SUCCESS,2026-04-16 12:01:57,1,2,1,2026-04
TXN0000028644,ACC0013118,106744.87,SUCCESS,2026-03-14 14:41:29,1,1,1,2026-03
TXN0000028646,ACC0026468,34569.75,SUCCESS,2026-05-02 02:37:14,1,1,1,2026-05
TXN0000028648,ACC0029698,110969.76,SUCCESS,2026-06-11 20:22:27,1,1,1,2026-06
TXN0000028654,ACC0013594,82076.8,SUCCESS,2026-05-02 06:17:46,1,1,1,2026-05
TXN0000028655,ACC0007602,25355.81,SUCCESS,2026-04-10 18:48:41,1,1,1,2026-04
TXN0000028656,ACC0007297,33518.6,SUCCESS,2026-03-09 13:35:39,1,1,1,2026-03
TXN0000028658,ACC0011128,35057.07,SUCCESS,2026-04-09 09:52:22,1,1,1,2026-04
TXN0000028665,ACC0013362,85743.7,SUCCESS,2026-01-14 00:29:26,1,1,1,2026-01
TXN0000028677,ACC0017770,6303.91,SUCCESS,2026-04-15 23:05:27,1,1,1,2026-04
TXN0000028686,ACC0012968,99308.86,SUCCESS,2026-07-13 10:59:14,1,1,1,2026-07
TXN0000028687,ACC0014896,37295.83,SUCCESS,2026-02-06 11:15:20,1,1,1,2026-02
TXN0000028689,ACC0013815,40883.84,SUCCESS,2026-04-17 23:14:38,1,1,1,2026-04
TXN0000028697,ACC0002039,53652.22,SUCCESS,2026-04-14 19:07:19,1,1,1,2026-04
TXN0000028700,ACC0025078,50526.76,SUCCESS,2026-08-02 23:52:45,1,1,1,2026-08
TXN0000028702,ACC0020687,85941.51,SUCCESS,2026-05-12 17:30:03,1,1,1,2026-05
TXN0000028704,ACC0003266,3959.41,SUCCESS,2026-03-03 04:23:33,1,1,1,2026-03
TXN0000028707,ACC0017991,102604.49,SUCCESS,2026-04-14 17:05:19,1,1,1,2026-04
TXN0000028718,ACC0014028,2332.3,SUCCESS,2026-05-08 09:17:27,1,1,1,2026-05
TXN0000028722,ACC0012690,64191.63,SUCCESS,2026-03-06 23:05:55,1,1,1,2026-03
TXN0000028727,ACC0011765,79631.21,SUCCESS,2026-03-05 12:50:14,1,1,1,2026-03
TXN0000028729,ACC0014908,110446.58,SUCCESS,2026-01-19 21:33:39,1,1,1,2026-01
TXN0000028731,ACC0001588,1953.65,SUCCESS,2026-02-16 19:35:22,1,1,1,2026-02
TXN0000028732,ACC0020346,40715.57,SUCCESS,2026-02-12 19:07:27,1,1,1,2026-02
TXN0000028734,ACC0019086,93260.49,SUCCESS,2026-07-16 13:26:51,1,1,1,2026-07
TXN0000028738,ACC0021736,37725.21,SUCCESS,2026-07-11 07:57:20,1,1,1,2026-07
TXN0000028747,ACC0026759,90850.92,SUCCESS,2026-05-24 14:05:26,1,1,1,2026-05
TXN0000028751,ACC0001438,119423.32,SUCCESS,2026-07-30 13:56:31,1,1,1,2026-07
TXN0000028758,ACC0010381,116740.23,SUCCESS,2026-02-03 10:16:48,1,1,1,2026-02
TXN0000028761,ACC0025988,18485.01,SUCCESS,2026-02-10 01:20:20,1,1,1,2026-02
TXN0000028764,ACC0029692,14987.66,SUCCESS,2026-06-23 18:45:29,1,1,1,2026-06
TXN0000028767,ACC0006915,69679.04,SUCCESS,2026-06-05 18:53:15,1,1,1,2026-06
TXN0000028773,ACC0024079,71380.32,SUCCESS,2026-01-26 21:47:22,1,1,1,2026-01
TXN0000028774,ACC0014423,39827.67,SUCCESS,2026-08-06 14:43:51,1,1,1,2026-08
TXN0000028778,ACC0000531,62415.99,SUCCESS,2026-03-17 23:21:34,1,1,1,2026-03
TXN0000028779,ACC0026781,4536.3,SUCCESS,2026-06-01 21:29:47,1,1,1,2026-06
TXN0000028780,ACC0010899,29922.15,SUCCESS,2026-05-28 10:56:24,1,1,1,2026-05
TXN0000028790,ACC0022702,87402.91,SUCCESS,2026-02-01 08:38:36,1,1,1,2026-02
TXN0000028807,ACC0023783,63664.66,SUCCESS,2026-03-25 07:58:29,1,1,1,2026-03
TXN0000028824,ACC0024945,92012.57,SUCCESS,2026-04-03 11:04:18,1,1,1,2026-04
TXN0000028828,ACC0020956,86192.46,SUCCESS,2026-05-29 08:49:42,1,1,1,2026-05
TXN0000028832,ACC0019705,7905.76,SUCCESS,2026-05-02 15:26:46,1,1,1,2026-05
TXN0000028835,ACC0002517,24571.05,SUCCESS,2026-03-03 08:41:24,1,1,1,2026-03
TXN0000028840,ACC0010072,132855.82,SUCCESS,2026-08-04 07:05:21,1,1,1,2026-08
TXN0000028850,ACC0012396,16936.79,SUCCESS,2026-05-22 03:43:31,1,1,1,2026-05
TXN0000028854,ACC0011607,43841.32,SUCCESS,2026-07-31 23:31:03,1,1,1,2026-07
TXN0000028859,ACC0029340,49237.8,SUCCESS,2026-07-10 11:15:39,1,1,1,2026-07
TXN0000028862,ACC0024459,43537.56,SUCCESS,2026-05-06 13:08:31,1,1,1,2026-05
TXN0000028869,ACC0028540,141540.82,SUCCESS,2026-01-12 19:46:52,1,1,1,2026-01
TXN0000028871,ACC0009351,63281.03,SUCCESS,2026-05-04 05:21:24,1,1,1,2026-05
TXN0000028881,ACC0018846,66377.11,SUCCESS,2026-03-13 13:51:35,1,1,1,2026-03
TXN0000028884,ACC0025329,94417.22,SUCCESS,2026-06-01 21:59:11,1,1,1,2026-06
TXN0000028888,ACC0010319,60026.77,SUCCESS,2026-04-08 14:46:06,1,1,1,2026-04
TXN0000028897,ACC0016690,87902.57,SUCCESS,2026-05-06 11:38:44,1,1,1,2026-05
TXN0000028905,ACC0022321,42961.0,SUCCESS,2026-05-02 05:28:24,1,1,1,2026-05
TXN0000028906,ACC0001644,136546.09,SUCCESS,2026-01-15 18:04:44,1,1,1,2026-01
TXN0000028907,ACC0009366,122215.81,SUCCESS,2026-06-01 20:12:32,1,1,1,2026-06
TXN0000028914,ACC0000876,85452.38,SUCCESS,2026-05-04 20:46:05,1,1,1,2026-05
TXN0000028930,ACC0021098,73714.01,SUCCESS,2026-06-22 02:42:49,1,1,1,2026-06
TXN0000028932,ACC0010597,5223.25,SUCCESS,2026-01-09 08:11:25,1,1,1,2026-01
TXN0000028934,ACC0021817,6313.1,SUCCESS,2026-03-29 20:29:49,1,1,1,2026-03
TXN0000028936,ACC0011565,5932.2,SUCCESS,2026-01-12 23:55:51,1,1,1,2026-01
TXN0000028944,ACC0018151,129924.4,SUCCESS,2026-04-27 20:50:57,1,1,1,2026-04
TXN0000028958,ACC0028375,130539.42,SUCCESS,2026-05-29 20:44:01,1,1,1,2026-05
TXN0000028966,ACC0026333,28730.61,SUCCESS,2026-05-28 14:19:13,1,1,1,2026-05
TXN0000028978,ACC0005375,144325.71,SUCCESS,2026-02-01 10:56:35,1,1,1,2026-02
TXN0000028980,ACC0026602,104040.86,SUCCESS,2026-05-15 05:52:38,1,2,1,2026-05
TXN0000028985,ACC0008250,23558.03,SUCCESS,2026-04-09 22:24:02,1,1,1,2026-04
TXN0000028986,ACC0024360,40156.7,SUCCESS,2026-08-07 09:04:49,1,1,1,2026-08
TXN0000028993,ACC0021019,51436.67,SUCCESS,2026-02-12 02:09:49,1,1,1,2026-02
TXN0000029002,ACC0022380,142898.52,SUCCESS,2026-07-21 06:09:09,1,1,1,2026-07
TXN0000029005,ACC0018397,5067.66,SUCCESS,2026-06-03 19:46:16,1,1,1,2026-06
TXN0000029018,ACC0022426,68025.42,SUCCESS,2026-03-13 06:21:53,1,1,1,2026-03
TXN0000029030,ACC0020983,37480.64,SUCCESS,2026-03-29 20:00:51,1,1,1,2026-03
TXN0000029042,ACC0020983,105974.88,SUCCESS,2026-06-08 21:44:36,1,1,1,2026-06
TXN0000029044,ACC0009292,147660.74,SUCCESS,2026-05-11 05:57:24,1,1,1,2026-05
TXN0000029046,ACC0011921,80866.03,SUCCESS,2026-06-21 09:01:12,1,1,1,2026-06
TXN0000029048,ACC0029062,11312.95,SUCCESS,2026-02-28 07:13:29,1,1,1,2026-02
TXN0000029059,ACC0001488,149691.14,SUCCESS,2026-03-19 02:15:17,1,1,1,2026-03
TXN0000029061,ACC0011000,45998.68,SUCCESS,2026-01-06 21:53:14,1,1,1,2026-01
TXN0000029068,ACC0023328,56786.6,SUCCESS,2026-05-18 08:27:05,1,1,1,2026-05
TXN0000029076,ACC0013144,117769.69,SUCCESS,2026-06-05 15:52:12,1,1,1,2026-06
TXN0000029088,ACC0002991,123077.08,SUCCESS,2026-04-03 11:10:11,1,1,1,2026-04
TXN0000029089,ACC0018212,39565.22,SUCCESS,2026-07-23 05:08:31,1,1,1,2026-07
TXN0000029095,ACC0010378,65125.48,SUCCESS,2026-03-02 06:10:49,1,1,1,2026-03
TXN0000029096,ACC0029113,114010.79,SUCCESS,2026-04-22 19:22:57,1,1,1,2026-04
TXN0000029100,ACC0022140,8337.05,SUCCESS,2026-06-03 12:54:00,1,1,1,2026-06
TXN0000029101,ACC0008227,128246.21,SUCCESS,2026-02-18 16:46:26,1,1,1,2026-02
TXN0000029107,ACC0018506,11724.22,SUCCESS,2026-02-25 06:27:49,1,1,1,2026-02
TXN0000029108,ACC0018276,103104.42,SUCCESS,2026-04-22 22:47:41,1,1,1,2026-04
TXN0000029113,ACC0026978,34367.66,SUCCESS,2026-01-10 18:39:52,1,1,1,2026-01
TXN0000029114,ACC0016762,130130.92,SUCCESS,2026-02-03 15:50:37,1,1,1,2026-02
TXN0000029125,ACC0017123,101914.97,SUCCESS,2026-04-01 17:52:14,1,1,1,2026-04
TXN0000029126,ACC0011988,136002.89,SUCCESS,2026-06-08 20:42:11,1,1,1,2026-06
TXN0000029131,ACC0011938,79590.55,SUCCESS,2026-06-28 22:29:20,1,1,1,2026-06
TXN0000029134,ACC0012159,16309.64,SUCCESS,2026-04-08 22:02:23,1,1,1,2026-04
TXN0000029152,ACC0020623,117893.56,SUCCESS,2026-08-02 01:36:13,1,2,1,2026-08
TXN0000029165,ACC0022119,53263.76,SUCCESS,2026-01-08 20:42:27,1,1,1,2026-01
TXN0000029182,ACC0009313,144247.43,SUCCESS,2026-03-12 10:25:04,1,1,1,2026-03
TXN0000029195,ACC0004726,14147.21,SUCCESS,2026-05-18 23:34:32,1,1,1,2026-05
TXN0000029196,ACC0020891,68282.91,SUCCESS,2026-02-07 03:16:41,1,1,1,2026-02
TXN0000029203,ACC0017747,33835.44,SUCCESS,2026-02-13 11:48:43,1,1,1,2026-02
TXN0000029210,ACC0026142,46382.22,SUCCESS,2026-02-01 21:11:31,1,1,1,2026-02
TXN0000029218,ACC0015283,147063.12,SUCCESS,2026-05-20 09:00:43,1,1,1,2026-05
TXN0000029219,ACC0027483,61406.12,SUCCESS,2026-05-28 21:12:37,1,1,1,2026-05
TXN0000029222,ACC0029007,38319.91,SUCCESS,2026-02-13 17:21:10,1,1,1,2026-02
TXN0000029224,ACC0014774,72800.96,SUCCESS,2026-04-05 01:43:57,1,1,1,2026-04
TXN0000029225,ACC0021754,60980.83,SUCCESS,2026-03-18 01:56:23,1,1,1,2026-03
TXN0000029231,ACC0022652,130292.56,SUCCESS,2026-02-09 23:25:42,1,1,1,2026-02
TXN0000029237,ACC0008706,147001.97,SUCCESS,2026-07-03 22:22:43,1,1,1,2026-07
TXN0000029241,ACC0028610,24499.3,SUCCESS,2026-02-07 14:37:42,1,1,1,2026-02
TXN0000029254,ACC0024644,50842.64,SUCCESS,2026-07-27 09:28:57,1,1,1,2026-07
TXN0000029255,ACC0023524,69848.74,SUCCESS,2026-07-05 01:10:17,1,1,1,2026-07
TXN0000029257,ACC0017760,110989.09,SUCCESS,2026-06-18 08:41:55,1,1,1,2026-06
TXN0000029262,ACC0014911,15852.45,SUCCESS,2026-03-06 18:47:26,1,1,1,2026-03
TXN0000029268,ACC0014155,51173.25,SUCCESS,2026-06-11 14:59:09,1,1,1,2026-06
TXN0000029270,ACC0021841,78493.3,SUCCESS,2026-07-26 06:49:33,1,1,1,2026-07
TXN0000029275,ACC0015443,10207.26,SUCCESS,2026-06-19 05:14:14,1,1,1,2026-06
TXN0000029276,ACC0025573,45615.63,SUCCESS,2026-06-06 23:00:05,1,1,1,2026-06
TXN0000029311,ACC0025955,41598.89,SUCCESS,2026-01-21 00:48:33,1,2,1,2026-01
TXN0000029315,ACC0002903,75766.99,SUCCESS,2026-02-12 21:09:40,1,1,1,2026-02
TXN0000029322,ACC0011148,24718.59,SUCCESS,2026-01-14 23:45:19,1,1,1,2026-01
TXN0000029331,ACC0013965,119445.12,SUCCESS,2026-06-30 02:52:08,1,1,1,2026-06
TXN0000029343,ACC0022793,51907.95,SUCCESS,2026-07-21 17:37:33,1,1,1,2026-07
TXN0000029358,ACC0015004,133547.63,SUCCESS,2026-01-19 15:08:21,1,1,1,2026-01
TXN0000029359,ACC0013983,82336.35,SUCCESS,2026-03-08 09:52:05,1,1,1,2026-03
TXN0000029361,ACC0012443,55852.6,SUCCESS,2026-02-26 18:54:21,1,1,1,2026-02
TXN0000029365,ACC0008076,41024.46,SUCCESS,2026-03-28 17:49:03,1,1,1,2026-03
TXN0000029382,ACC0027635,122806.9,SUCCESS,2026-04-28 15:20:40,1,1,1,2026-04
TXN0000029387,ACC0029161,8027.94,SUCCESS,2026-04-07 13:45:52,1,1,1,2026-04
TXN0000029390,ACC0009859,74539.77,SUCCESS,2026-03-17 09:42:30,1,1,1,2026-03
TXN0000029392,ACC0013508,87752.14,SUCCESS,2026-05-09 10:52:48,1,1,1,2026-05
TXN0000029397,ACC0024456,39855.64,SUCCESS,2026-07-09 10:55:00,1,1,1,2026-07
TXN0000029411,ACC0015957,129973.21,SUCCESS,2026-02-11 22:30:48,1,1,1,2026-02
TXN0000029414,ACC0001273,88191.97,SUCCESS,2026-01-18 01:56:52,1,1,1,2026-01
TXN0000029415,ACC0009050,88584.14,SUCCESS,2026-02-11 17:50:04,1,1,1,2026-02
TXN0000029416,ACC0002218,106578.97,SUCCESS,2026-01-26 05:48:05,1,1,1,2026-01
TXN0000029419,ACC0004943,117594.81,SUCCESS,2026-04-08 17:04:32,1,1,1,2026-04
TXN0000029423,ACC0026783,136986.98,SUCCESS,2026-07-09 22:12:53,1,1,1,2026-07
TXN0000029427,ACC0013506,21181.07,SUCCESS,2026-05-15 04:34:39,1,1,1,2026-05
TXN0000029431,ACC0004282,73678.93,SUCCESS,2026-06-01 05:01:25,1,1,1,2026-06
TXN0000029433,ACC0018575,7251.51,SUCCESS,2026-04-24 12:27:22,1,1,1,2026-04
TXN0000029443,ACC0010652,24081.25,SUCCESS,2026-07-12 16:24:27,1,1,1,2026-07
TXN0000029445,ACC0018351,27923.23,SUCCESS,2026-06-16 06:11:01,1,1,1,2026-06
TXN0000029456,ACC0009683,34588.5,SUCCESS,2026-06-28 11:48:40,1,1,1,2026-06
TXN0000029466,ACC0018314,46986.14,SUCCESS,2026-04-23 06:36:14,1,1,1,2026-04
TXN0000029478,ACC0026237,102014.12,SUCCESS,2026-07-31 08:30:03,1,1,1,2026-07
TXN0000029479,ACC0019620,90294.58,SUCCESS,2026-01-07 22:45:09,1,1,1,2026-01
TXN0000029482,ACC0027623,59462.97,SUCCESS,2026-03-29 18:02:43,1,1,1,2026-03
TXN0000029489,ACC0014216,30527.95,SUCCESS,2026-02-02 09:32:33,1,1,1,2026-02
TXN0000029496,ACC0000529,74223.17,SUCCESS,2026-06-19 16:38:41,1,1,1,2026-06
TXN0000029500,ACC0018331,107850.15,SUCCESS,2026-01-27 12:31:12,1,1,1,2026-01
TXN0000029509,ACC0029100,116177.46,SUCCESS,2026-02-05 15:43:51,1,1,1,2026-02
TXN0000029513,ACC0029581,75718.29,SUCCESS,2026-06-18 00:07:05,1,1,1,2026-06
TXN0000029525,ACC0017967,120398.94,SUCCESS,2026-07-17 06:38:48,1,1,1,2026-07
TXN0000029527,ACC0024066,79613.98,SUCCESS,2026-04-23 05:38:24,1,1,1,2026-04
TXN0000029528,ACC0017636,40944.27,SUCCESS,2026-02-14 08:19:13,1,1,1,2026-02
TXN0000029531,ACC0007796,60428.55,SUCCESS,2026-02-12 10:48:08,1,1,1,2026-02
TXN0000029538,ACC0019884,119598.17,SUCCESS,2026-05-11 16:36:53,1,1,1,2026-05
TXN0000029548,ACC0011808,98364.1,SUCCESS,2026-05-15 01:55:22,1,1,1,2026-05
TXN0000029552,ACC0020437,17636.3,SUCCESS,2026-08-04 09:30:25,1,1,1,2026-08
TXN0000029563,ACC0001247,72011.57,SUCCESS,2026-06-24 08:36:16,1,1,1,2026-06
TXN0000029568,ACC0020037,106100.42,SUCCESS,2026-01-18 02:52:17,1,1,1,2026-01
TXN0000029572,ACC0026202,85234.96,SUCCESS,2026-03-07 05:46:48,1,1,1,2026-03
TXN0000029574,ACC0001489,37570.84,SUCCESS,2026-05-03 19:34:53,1,1,1,2026-05
TXN0000029575,ACC0018866,68689.29,SUCCESS,2026-02-13 23:11:38,1,1,1,2026-02
TXN0000029580,ACC0000804,19297.26,SUCCESS,2026-07-25 13:43:59,1,1,1,2026-07
TXN0000029583,ACC0000126,138805.01,SUCCESS,2026-04-15 11:52:14,1,1,1,2026-04
TXN0000029586,ACC0003454,112482.27,SUCCESS,2026-02-15 05:50:52,1,1,1,2026-02
TXN0000029592,ACC0003892,118170.95,SUCCESS,2026-03-02 02:39:06,1,1,1,2026-03
TXN0000029596,ACC0008990,125744.0,SUCCESS,2026-03-13 04:01:24,1,1,1,2026-03
TXN0000029605,ACC0012151,7132.14,SUCCESS,2026-01-23 17:30:41,1,1,1,2026-01
TXN0000029606,ACC0017228,118435.78,SUCCESS,2026-03-24 16:19:51,1,1,1,2026-03
TXN0000029613,ACC0004512,80258.44,SUCCESS,2026-07-07 00:35:28,1,1,1,2026-07
TXN0000029614,ACC0024207,84373.54,SUCCESS,2026-01-07 21:08:56,1,1,1,2026-01
TXN0000029615,ACC0004859,147740.78,SUCCESS,2026-08-03 08:29:55,1,1,1,2026-08
TXN0000029617,ACC0001192,20220.92,SUCCESS,2026-02-23 13:36:49,1,1,1,2026-02
TXN0000029619,ACC0000971,142894.74,SUCCESS,2026-06-24 20:14:48,1,1,1,2026-06
TXN0000029622,ACC0004175,94673.26,SUCCESS,2026-05-18 13:22:40,1,1,1,2026-05
TXN0000029629,ACC0013074,103102.1,SUCCESS,2026-02-13 15:37:55,1,1,1,2026-02
TXN0000029633,ACC0006224,99484.46,SUCCESS,2026-06-05 08:25:29,1,1,1,2026-06
TXN0000029640,ACC0002364,120608.44,SUCCESS,2026-04-02 00:53:26,1,1,1,2026-04
TXN0000029658,ACC0022292,129467.7,SUCCESS,2026-04-05 08:03:35,1,1,1,2026-04
TXN0000029663,ACC0017217,109116.4,SUCCESS,2026-03-08 01:38:55,1,1,1,2026-03
TXN0000029666,ACC0019748,104862.72,SUCCESS,2026-01-28 19:26:28,1,1,1,2026-01
TXN0000029671,ACC0006701,18044.78,SUCCESS,2026-03-22 22:55:57,1,1,1,2026-03
TXN0000029674,ACC0022565,114593.28,SUCCESS,2026-02-02 03:31:46,1,1,1,2026-02
TXN0000029677,ACC0004818,128392.48,SUCCESS,2026-04-23 23:24:32,1,1,1,2026-04
TXN0000029685,ACC0028732,4319.8,SUCCESS,2026-05-21 03:52:50,1,1,1,2026-05
TXN0000029686,ACC0001048,25089.89,SUCCESS,2026-06-24 17:41:29,1,1,1,2026-06
TXN0000029687,ACC0008365,115048.96,SUCCESS,2026-04-24 02:39:00,1,1,1,2026-04
TXN0000029689,ACC0020051,133265.6,SUCCESS,2026-07-21 17:28:38,1,1,1,2026-07
TXN0000029692,ACC0020576,127966.25,SUCCESS,2026-05-13 03:56:24,1,1,1,2026-05
TXN0000029695,ACC0004964,46730.49,SUCCESS,2026-04-01 00:33:03,1,1,1,2026-04
TXN0000029699,ACC0001503,44694.42,SUCCESS,2026-04-02 15:09:17,1,1,1,2026-04
TXN0000029700,ACC0026408,52470.63,SUCCESS,2026-08-07 18:55:56,1,1,1,2026-08
TXN0000029711,ACC0010630,59313.18,SUCCESS,2026-05-22 23:44:11,1,1,1,2026-05
TXN0000029716,ACC0000548,130790.16,SUCCESS,2026-01-21 05:53:15,1,1,1,2026-01
TXN0000029718,ACC0026086,19060.71,SUCCESS,2026-01-25 03:21:33,1,1,1,2026-01
TXN0000029728,ACC0015474,1681.66,SUCCESS,2026-04-29 17:23:07,1,2,1,2026-04
TXN0000029729,ACC0006807,35912.79,SUCCESS,2026-02-19 23:24:29,1,1,1,2026-02
TXN0000029733,ACC0005052,75113.29,SUCCESS,2026-01-09 02:30:27,1,1,1,2026-01
TXN0000029739,ACC0023587,119515.14,SUCCESS,2026-06-07 09:52:17,1,1,1,2026-06
TXN0000029743,ACC0005709,62875.21,SUCCESS,2026-07-06 12:45:42,1,1,1,2026-07
TXN0000029747,ACC0005876,116201.05,SUCCESS,2026-07-19 15:22:59,1,1,1,2026-07
TXN0000029750,ACC0015562,19822.03,SUCCESS,2026-02-09 20:17:46,1,1,1,2026-02
TXN0000029752,ACC0008968,45526.81,SUCCESS,2026-02-15 14:48:53,1,2,1,2026-02
TXN0000029753,ACC0009653,135590.5,SUCCESS,2026-01-05 16:05:11,1,1,1,2026-01
TXN0000029756,ACC0026974,31158.91,SUCCESS,2026-02-27 15:16:34,1,1,1,2026-02
TXN0000029763,ACC0014479,120498.39,SUCCESS,2026-02-19 08:36:40,1,1,1,2026-02
TXN0000029766,ACC0028186,146199.75,SUCCESS,2026-04-01 06:20:26,1,1,1,2026-04
TXN0000029767,ACC0010194,13660.81,SUCCESS,2026-02-28 23:10:00,1,1,1,2026-02
TXN0000029773,ACC0026106,56095.65,SUCCESS,2026-06-09 07:02:05,1,1,1,2026-06
TXN0000029783,ACC0014977,38626.56,SUCCESS,2026-03-29 13:26:59,1,1,1,2026-03
TXN0000029785,ACC0014256,122162.67,SUCCESS,2026-06-18 12:23:18,1,1,1,2026-06
TXN0000029796,ACC0026112,119921.14,SUCCESS,2026-06-16 03:01:16,1,1,1,2026-06
TXN0000029800,ACC0018719,36628.0,SUCCESS,2026-05-06 00:36:51,1,1,1,2026-05
TXN0000029815,ACC0005955,30436.6,SUCCESS,2026-05-01 19:39:38,1,1,1,2026-05
TXN0000029822,ACC0009616,41309.71,SUCCESS,2026-02-04 21:45:06,1,1,1,2026-02
TXN0000029841,ACC0024238,142441.53,SUCCESS,2026-07-26 08:34:04,1,1,1,2026-07
TXN0000029846,ACC0017111,63232.97,SUCCESS,2026-07-22 04:06:30,1,1,1,2026-07
TXN0000029853,ACC0027301,36175.31,SUCCESS,2026-03-21 17:49:04,1,2,1,2026-03
TXN0000029856,ACC0008374,4746.96,SUCCESS,2026-07-20 12:14:57,1,1,1,2026-07
TXN0000029857,ACC0024212,138955.2,SUCCESS,2026-07-07 14:19:06,1,1,1,2026-07
TXN0000029864,ACC0003168,102887.36,SUCCESS,2026-01-22 03:22:23,1,1,1,2026-01
TXN0000029865,ACC0007260,102729.65,SUCCESS,2026-08-06 21:02:33,1,1,1,2026-08
TXN0000029873,ACC0020056,142762.47,SUCCESS,2026-03-14 21:13:36,1,1,1,2026-03
TXN0000029876,ACC0009225,127020.42,SUCCESS,2026-01-05 14:59:05,1,1,1,2026-01
TXN0000029879,ACC0012036,68489.32,SUCCESS,2026-04-16 17:31:01,1,1,1,2026-04
TXN0000029896,ACC0021917,51949.92,SUCCESS,2026-07-07 01:21:08,1,1,1,2026-07
TXN0000029907,ACC0011941,74792.39,SUCCESS,2026-03-15 04:30:27,1,1,1,2026-03
TXN0000029913,ACC0002653,61248.41,SUCCESS,2026-03-02 05:00:31,1,1,1,2026-03
TXN0000029924,ACC0003933,33552.49,SUCCESS,2026-05-11 15:36:06,1,1,1,2026-05
TXN0000029925,ACC0003850,93497.24,SUCCESS,2026-04-13 22:31:47,1,1,1,2026-04
TXN0000029932,ACC0009644,74199.89,SUCCESS,2026-03-14 02:20:47,1,1,1,2026-03
TXN0000029939,ACC0021185,134355.0,SUCCESS,2026-06-16 04:13:23,1,1,1,2026-06
TXN0000029944,ACC0015695,114093.06,SUCCESS,2026-02-25 22:04:09,1,1,1,2026-02
TXN0000029949,ACC0029340,72048.76,SUCCESS,2026-06-15 17:36:33,1,1,1,2026-06
TXN0000029951,ACC0008163,60667.65,SUCCESS,2026-07-21 21:02:21,1,1,1,2026-07
TXN0000029958,ACC0019706,36513.23,SUCCESS,2026-01-13 15:59:28,1,1,1,2026-01
TXN0000029960,ACC0025971,8335.49,SUCCESS,2026-05-11 21:59:01,1,1,1,2026-05
TXN0000029964,ACC0023826,94051.36,SUCCESS,2026-04-25 14:44:38,1,1,1,2026-04
TXN0000029967,ACC0020737,58541.48,SUCCESS,2026-02-27 16:41:48,1,1,1,2026-02
TXN0000029974,ACC0005298,60253.35,SUCCESS,2026-03-20 19:57:26,1,1,1,2026-03
TXN0000029976,ACC0016186,89765.82,SUCCESS,2026-01-27 16:03:30,1,1,1,2026-01
TXN0000029991,ACC0017489,84571.86,SUCCESS,2026-06-07 09:44:35,1,1,1,2026-06
TXN0000029995,ACC0018129,123555.73,SUCCESS,2026-05-26 04:05:08,1,1,1,2026-05
TXN0000029999,ACC0012890,69779.55,SUCCESS,2026-04-03 11:06:24,1,1,1,2026-04
TXN0000030014,ACC0026741,142816.37,SUCCESS,2026-05-04 00:16:12,1,1,1,2026-05
TXN0000030025,ACC0001292,30956.99,SUCCESS,2026-07-16 17:27:20,1,1,1,2026-07
TXN0000030026,ACC0000975,10895.12,SUCCESS,2026-01-20 20:45:48,1,1,1,2026-01
TXN0000030027,ACC0005138,10762.76,SUCCESS,2026-04-06 10:08:14,1,1,1,2026-04
TXN0000030032,ACC0018717,12901.38,SUCCESS,2026-05-21 21:18:03,1,1,1,2026-05
TXN0000030038,ACC0006283,101764.84,SUCCESS,2026-06-22 12:35:33,1,1,1,2026-06
TXN0000030042,ACC0013680,52791.55,SUCCESS,2026-05-23 09:42:06,1,1,1,2026-05
TXN0000030045,ACC0004852,130456.53,SUCCESS,2026-01-24 01:48:23,1,1,1,2026-01
TXN0000030046,ACC0006646,85915.77,SUCCESS,2026-01-09 12:20:12,1,1,1,2026-01
TXN0000030059,ACC0014892,123114.81,SUCCESS,2026-02-24 10:27:04,1,1,1,2026-02
TXN0000030063,ACC0008047,82880.85,SUCCESS,2026-04-19 01:59:51,1,1,1,2026-04
TXN0000030068,ACC0021636,9268.28,SUCCESS,2026-04-13 12:15:29,1,1,1,2026-04
TXN0000030070,ACC0019390,145510.53,SUCCESS,2026-07-19 17:57:39,1,1,1,2026-07
TXN0000030075,ACC0014367,90595.49,SUCCESS,2026-08-03 23:17:54,1,1,1,2026-08
TXN0000030078,ACC0018487,31853.32,SUCCESS,2026-04-07 07:37:18,1,1,1,2026-04
TXN0000030081,ACC0004313,14894.03,SUCCESS,2026-01-30 11:32:02,1,1,1,2026-01
TXN0000030082,ACC0002872,148669.2,SUCCESS,2026-03-02 18:38:58,1,1,1,2026-03
TXN0000030088,ACC0002107,68516.72,SUCCESS,2026-03-09 03:44:13,1,1,1,2026-03
TXN0000030094,ACC0011592,2614.2,SUCCESS,2026-01-28 13:43:34,1,1,1,2026-01
TXN0000030096,ACC0027988,97416.98,SUCCESS,2026-01-28 03:05:50,1,1,1,2026-01
TXN0000030109,ACC0017019,86289.09,SUCCESS,2026-05-06 04:34:26,1,1,1,2026-05
TXN0000030116,ACC0025452,134486.14,SUCCESS,2026-06-24 05:38:31,1,1,1,2026-06
TXN0000030117,ACC0024188,31570.2,SUCCESS,2026-05-30 02:32:47,1,1,1,2026-05
TXN0000030122,ACC0023412,18416.37,SUCCESS,2026-08-04 00:35:10,1,1,1,2026-08
TXN0000030133,ACC0008488,82844.15,SUCCESS,2026-07-07 13:50:06,1,1,1,2026-07
TXN0000030148,ACC0014516,1272.88,SUCCESS,2026-07-15 20:41:41,1,1,1,2026-07
TXN0000030149,ACC0004302,34829.25,SUCCESS,2026-01-10 20:34:07,1,1,1,2026-01
TXN0000030150,ACC0004714,141236.01,SUCCESS,2026-03-20 07:09:53,1,1,1,2026-03
TXN0000030157,ACC0017714,56335.85,SUCCESS,2026-06-16 21:46:15,1,1,1,2026-06
TXN0000030176,ACC0028574,72519.51,SUCCESS,2026-07-01 09:35:49,1,1,1,2026-07
TXN0000030189,ACC0012615,133410.68,SUCCESS,2026-07-06 08:44:35,1,1,1,2026-07
TXN0000030193,ACC0016983,148475.81,SUCCESS,2026-05-01 12:01:22,1,1,1,2026-05
TXN0000030197,ACC0013671,134845.48,SUCCESS,2026-04-10 09:47:52,1,1,1,2026-04
TXN0000030199,ACC0020789,67045.26,SUCCESS,2026-06-08 21:52:19,1,1,1,2026-06
TXN0000030206,ACC0013283,137227.65,SUCCESS,2026-04-26 01:46:27,1,1,1,2026-04
TXN0000030215,ACC0023169,40126.66,SUCCESS,2026-01-05 14:23:44,1,1,1,2026-01
TXN0000030238,ACC0016959,65313.46,SUCCESS,2026-01-28 17:07:53,1,1,1,2026-01
TXN0000030252,ACC0000664,12120.36,SUCCESS,2026-04-07 21:02:18,1,1,1,2026-04
TXN0000030253,ACC0024131,146068.93,SUCCESS,2026-01-18 18:14:40,1,1,1,2026-01
TXN0000030276,ACC0022853,73782.97,SUCCESS,2026-01-19 04:50:57,1,1,1,2026-01
TXN0000030279,ACC0015462,15436.02,SUCCESS,2026-01-30 07:22:43,1,1,1,2026-01
TXN0000030280,ACC0013973,36478.53,SUCCESS,2026-02-06 07:35:10,1,1,1,2026-02
TXN0000030293,ACC0005858,122460.75,SUCCESS,2026-06-21 05:01:13,1,1,1,2026-06
TXN0000030294,ACC0021739,69466.66,SUCCESS,2026-07-02 01:41:40,1,1,1,2026-07
TXN0000030298,ACC0011671,18828.54,SUCCESS,2026-02-13 16:15:40,1,1,1,2026-02
TXN0000030299,ACC0015267,3343.61,SUCCESS,2026-02-09 17:28:53,1,1,1,2026-02
TXN0000030303,ACC0028389,97822.07,SUCCESS,2026-04-23 10:57:41,1,1,1,2026-04
TXN0000030304,ACC0014388,5346.33,SUCCESS,2026-04-13 12:15:51,1,1,1,2026-04
TXN0000030310,ACC0001856,114258.81,SUCCESS,2026-01-14 06:02:55,1,1,1,2026-01
TXN0000030318,ACC0019631,28697.54,SUCCESS,2026-04-02 21:49:38,1,1,1,2026-04
TXN0000030333,ACC0013008,47493.64,SUCCESS,2026-03-30 10:26:19,1,1,1,2026-03
TXN0000030334,ACC0028335,19035.43,SUCCESS,2026-04-17 19:50:57,1,1,1,2026-04
TXN0000030337,ACC0026487,141454.17,SUCCESS,2026-08-02 00:44:55,1,1,1,2026-08
TXN0000030348,ACC0023276,140862.55,SUCCESS,2026-01-29 10:15:16,1,1,1,2026-01
TXN0000030358,ACC0009251,59482.34,SUCCESS,2026-03-12 05:47:04,1,1,1,2026-03
TXN0000030384,ACC0014156,70837.62,SUCCESS,2026-06-28 14:30:54,1,1,1,2026-06
TXN0000030390,ACC0006668,92005.95,SUCCESS,2026-01-17 06:31:19,1,1,1,2026-01
TXN0000030394,ACC0007021,107256.81,SUCCESS,2026-04-15 16:59:11,1,1,1,2026-04
TXN0000030395,ACC0020236,103198.77,SUCCESS,2026-07-07 13:33:33,1,1,1,2026-07
TXN0000030401,ACC0012624,107789.2,SUCCESS,2026-04-18 23:42:59,1,1,1,2026-04
TXN0000030403,ACC0029073,66389.84,SUCCESS,2026-06-23 09:07:22,1,1,1,2026-06
TXN0000030413,ACC0024822,32377.9,SUCCESS,2026-07-10 19:08:48,1,1,1,2026-07
TXN0000030432,ACC0007182,112850.79,SUCCESS,2026-02-09 22:20:20,1,1,1,2026-02
TXN0000030436,ACC0025678,148488.8,SUCCESS,2026-01-29 21:10:09,1,1,1,2026-01
TXN0000030438,ACC0023879,23288.0,SUCCESS,2026-06-14 02:12:44,1,1,1,2026-06
TXN0000030439,ACC0012552,86567.73,SUCCESS,2026-01-23 08:06:23,1,1,1,2026-01
TXN0000030440,ACC0012373,26125.64,SUCCESS,2026-07-21 11:58:28,1,1,1,2026-07
TXN0000030444,ACC0029692,43762.16,SUCCESS,2026-01-14 16:57:28,1,1,1,2026-01
TXN0000030446,ACC0013862,132110.03,SUCCESS,2026-07-06 15:25:02,1,1,1,2026-07
TXN0000030448,ACC0027079,109367.17,SUCCESS,2026-03-04 20:48:58,1,1,1,2026-03
TXN0000030450,ACC0020360,109918.73,SUCCESS,2026-01-29 12:11:37,1,1,1,2026-01
TXN0000030460,ACC0017562,35907.18,SUCCESS,2026-03-30 08:53:55,1,1,1,2026-03
TXN0000030461,ACC0014043,122544.54,SUCCESS,2026-08-01 08:37:39,1,2,1,2026-08
TXN0000030465,ACC0000238,129371.01,SUCCESS,2026-07-16 14:54:40,1,1,1,2026-07
TXN0000030470,ACC0023670,131012.31,SUCCESS,2026-01-09 10:07:30,1,1,1,2026-01
TXN0000030472,ACC0013054,146597.01,SUCCESS,2026-08-05 07:36:10,1,1,1,2026-08
TXN0000030479,ACC0026956,141821.99,SUCCESS,2026-08-06 09:35:53,1,1,1,2026-08
TXN0000030484,ACC0024082,24893.73,SUCCESS,2026-02-01 16:33:38,1,1,1,2026-02
TXN0000030494,ACC0014820,53491.41,SUCCESS,2026-02-01 04:50:30,1,1,1,2026-02
TXN0000030501,ACC0000168,149716.88,SUCCESS,2026-06-18 06:43:41,1,1,1,2026-06
TXN0000030502,ACC0022751,49608.8,SUCCESS,2026-03-06 19:52:39,1,1,1,2026-03
TXN0000030503,ACC0020834,138746.98,SUCCESS,2026-04-06 15:20:26,1,1,1,2026-04
TXN0000030512,ACC0000370,107675.74,SUCCESS,2026-08-08 16:48:52,1,1,1,2026-08
TXN0000030522,ACC0019318,61657.1,SUCCESS,2026-07-04 03:13:45,1,1,1,2026-07
TXN0000030525,ACC0028862,110922.35,SUCCESS,2026-03-20 20:01:10,1,1,1,2026-03
TXN0000030529,ACC0020896,122749.13,SUCCESS,2026-07-01 21:48:30,1,1,1,2026-07
TXN0000030534,ACC0021989,130543.03,SUCCESS,2026-08-01 22:17:31,1,1,1,2026-08
TXN0000030535,ACC0012104,130652.76,SUCCESS,2026-05-19 03:25:52,1,1,1,2026-05
TXN0000030540,ACC0016277,932.4,SUCCESS,2026-06-28 08:38:18,1,2,1,2026-06
TXN0000030546,ACC0029543,64985.75,SUCCESS,2026-07-06 01:56:40,1,1,1,2026-07
TXN0000030555,ACC0023042,13024.08,SUCCESS,2026-05-20 22:43:54,1,1,1,2026-05
TXN0000030556,ACC0000822,117124.82,SUCCESS,2026-01-16 14:56:52,1,1,1,2026-01
TXN0000030571,ACC0000032,148264.74,SUCCESS,2026-03-27 01:51:44,1,1,1,2026-03
TXN0000030573,ACC0023685,93419.01,SUCCESS,2026-05-18 22:33:43,1,1,1,2026-05
TXN0000030576,ACC0016992,119109.43,SUCCESS,2026-08-08 06:15:41,1,1,1,2026-08
TXN0000030584,ACC0013802,485.99,SUCCESS,2026-01-21 14:19:03,1,1,1,2026-01
TXN0000030590,ACC0026055,66053.37,SUCCESS,2026-02-13 13:49:03,1,2,1,2026-02
TXN0000030597,ACC0028261,146683.99,SUCCESS,2026-03-27 00:52:34,1,1,1,2026-03
TXN0000030598,ACC0022422,148468.19,SUCCESS,2026-06-26 10:26:26,1,1,1,2026-06
TXN0000030606,ACC0011937,51145.51,SUCCESS,2026-07-20 06:00:49,1,1,1,2026-07
TXN0000030607,ACC0002038,60947.35,SUCCESS,2026-04-14 15:40:42,1,1,1,2026-04
TXN0000030616,ACC0024573,12849.59,SUCCESS,2026-05-29 00:19:26,1,1,1,2026-05
TXN0000030622,ACC0002467,33770.23,SUCCESS,2026-08-06 13:05:34,1,1,1,2026-08
TXN0000030636,ACC0011206,59389.61,SUCCESS,2026-03-30 17:55:46,1,1,1,2026-03
TXN0000030637,ACC0023810,14325.54,SUCCESS,2026-07-09 03:28:45,1,1,1,2026-07
TXN0000030639,ACC0023829,43193.39,SUCCESS,2026-06-25 19:38:01,1,1,1,2026-06
TXN0000030640,ACC0020322,109519.43,SUCCESS,2026-08-06 04:38:47,1,1,1,2026-08
TXN0000030646,ACC0014690,95401.45,SUCCESS,2026-07-30 20:00:50,1,1,1,2026-07
TXN0000030652,ACC0025494,63531.15,SUCCESS,2026-03-24 05:18:30,1,1,1,2026-03
TXN0000030666,ACC0022791,145915.42,SUCCESS,2026-03-20 21:11:29,1,1,1,2026-03
TXN0000030676,ACC0008625,37063.92,SUCCESS,2026-02-11 17:44:47,1,1,1,2026-02
TXN0000030681,ACC0011373,107150.4,SUCCESS,2026-01-25 22:18:06,1,1,1,2026-01
TXN0000030683,ACC0002099,51932.15,SUCCESS,2026-03-10 09:06:04,1,1,1,2026-03
TXN0000030686,ACC0017882,77319.04,SUCCESS,2026-01-08 13:40:14,1,1,1,2026-01
TXN0000030690,ACC0028667,102953.23,SUCCESS,2026-02-18 19:20:58,1,2,1,2026-02
TXN0000030694,ACC0008230,5763.62,SUCCESS,2026-04-14 16:15:46,1,1,1,2026-04
TXN0000030695,ACC0016737,28515.56,SUCCESS,2026-05-02 03:10:50,1,1,1,2026-05
TXN0000030697,ACC0028634,1853.2,SUCCESS,2026-07-20 04:34:13,1,1,1,2026-07
TXN0000030698,ACC0021289,141402.8,SUCCESS,2026-08-02 21:22:35,1,1,1,2026-08
TXN0000030700,ACC0015811,2949.83,SUCCESS,2026-04-19 14:35:03,1,1,1,2026-04
TXN0000030704,ACC0016880,63767.07,SUCCESS,2026-01-21 21:33:19,1,2,1,2026-01
TXN0000030706,ACC0005177,101447.75,SUCCESS,2026-07-17 10:32:01,1,1,1,2026-07
TXN0000030708,ACC0020365,147183.98,SUCCESS,2026-02-10 15:11:43,1,1,1,2026-02
TXN0000030715,ACC0027099,16006.69,SUCCESS,2026-01-23 22:22:48,1,1,1,2026-01
TXN0000030720,ACC0020744,55158.47,SUCCESS,2026-07-09 06:44:36,1,1,1,2026-07
TXN0000030721,ACC0011396,109184.63,SUCCESS,2026-01-05 05:51:34,1,1,1,2026-01
TXN0000030724,ACC0025281,129009.37,SUCCESS,2026-01-20 11:56:34,1,1,1,2026-01
TXN0000030731,ACC0009634,123051.35,SUCCESS,2026-03-26 13:59:22,1,1,1,2026-03
TXN0000030732,ACC0001504,34325.21,SUCCESS,2026-01-30 12:29:47,1,1,1,2026-01
TXN0000030743,ACC0018087,121335.41,SUCCESS,2026-01-03 23:19:10,1,1,1,2026-01
TXN0000030747,ACC0015907,121522.76,SUCCESS,2026-01-18 02:59:19,1,1,1,2026-01
TXN0000030752,ACC0024273,90136.33,SUCCESS,2026-07-08 18:56:10,1,1,1,2026-07
TXN0000030762,ACC0001395,82211.5,SUCCESS,2026-04-19 17:18:17,1,1,1,2026-04
TXN0000030765,ACC0008163,49458.65,SUCCESS,2026-03-02 15:57:14,1,1,1,2026-03
TXN0000030771,ACC0026263,17805.14,SUCCESS,2026-07-13 19:10:56,1,1,1,2026-07
TXN0000030778,ACC0007081,18221.17,SUCCESS,2026-02-14 17:05:01,1,1,1,2026-02
TXN0000030812,ACC0004484,149331.1,SUCCESS,2026-03-21 03:57:41,1,2,1,2026-03
TXN0000030813,ACC0001077,61372.15,SUCCESS,2026-02-18 13:39:04,1,1,1,2026-02
TXN0000030820,ACC0008394,26472.66,SUCCESS,2026-02-22 11:01:17,1,1,1,2026-02
TXN0000030822,ACC0009520,142515.99,SUCCESS,2026-01-12 08:28:29,1,1,1,2026-01
TXN0000030825,ACC0017069,31220.94,SUCCESS,2026-06-05 18:20:23,1,1,1,2026-06
TXN0000030831,ACC0028036,102187.86,SUCCESS,2026-02-12 05:12:50,1,1,1,2026-02
TXN0000030835,ACC0018868,125366.81,SUCCESS,2026-04-28 13:48:32,1,1,1,2026-04
TXN0000030836,ACC0005478,128395.49,SUCCESS,2026-06-30 06:27:32,1,1,1,2026-06
TXN0000030842,ACC0008768,149407.71,SUCCESS,2026-01-03 00:20:09,1,2,1,2026-01
TXN0000030847,ACC0025100,31201.94,SUCCESS,2026-03-01 13:56:29,1,1,1,2026-03
TXN0000030853,ACC0007457,123128.84,SUCCESS,2026-05-25 08:14:47,1,1,1,2026-05
TXN0000030854,ACC0004081,21343.04,SUCCESS,2026-07-03 14:02:25,1,1,1,2026-07
TXN0000030872,ACC0027290,131751.24,SUCCESS,2026-04-13 17:32:13,1,1,1,2026-04
TXN0000030887,ACC0007737,68283.96,SUCCESS,2026-06-29 19:43:39,1,1,1,2026-06
TXN0000030888,ACC0009903,110511.59,SUCCESS,2026-06-29 20:17:52,1,1,1,2026-06
TXN0000030900,ACC0021678,39070.53,SUCCESS,2026-01-11 02:18:02,1,1,1,2026-01
TXN0000030913,ACC0020556,6630.08,SUCCESS,2026-02-26 03:50:34,1,1,1,2026-02
TXN0000030922,ACC0026242,117531.51,SUCCESS,2026-02-03 15:34:54,1,1,1,2026-02
TXN0000030925,ACC0015236,126115.77,SUCCESS,2026-06-10 06:55:30,1,1,1,2026-06
TXN0000030930,ACC0001881,13457.54,SUCCESS,2026-06-05 18:13:54,1,1,1,2026-06
TXN0000030931,ACC0025205,90080.01,SUCCESS,2026-05-27 04:04:07,1,1,1,2026-05
TXN0000030935,ACC0025574,80418.19,SUCCESS,2026-01-31 03:38:11,1,2,1,2026-01
TXN0000030942,ACC0009230,124111.48,SUCCESS,2026-07-29 09:57:18,1,1,1,2026-07
TXN0000030946,ACC0020938,40842.38,SUCCESS,2026-07-27 19:11:28,1,1,1,2026-07
TXN0000030947,ACC0012430,96833.5,SUCCESS,2026-03-24 21:30:32,1,1,1,2026-03
TXN0000030953,ACC0019493,111299.21,SUCCESS,2026-05-03 14:01:30,1,1,1,2026-05
TXN0000030954,ACC0013246,138632.5,SUCCESS,2026-07-14 20:50:35,1,1,1,2026-07
TXN0000030955,ACC0016649,118995.2,SUCCESS,2026-07-11 15:19:46,1,1,1,2026-07
TXN0000030959,ACC0018805,138951.2,SUCCESS,2026-01-22 05:48:48,1,1,1,2026-01
TXN0000030967,ACC0005531,15072.53,SUCCESS,2026-04-23 11:56:19,1,1,1,2026-04
TXN0000030983,ACC0007498,132714.09,SUCCESS,2026-07-24 17:37:36,1,1,1,2026-07
TXN0000030988,ACC0016716,70380.72,SUCCESS,2026-04-21 02:48:50,1,1,1,2026-04
TXN0000030992,ACC0018952,101482.58,SUCCESS,2026-03-11 00:16:48,1,1,1,2026-03
TXN0000030994,ACC0002267,17266.6,SUCCESS,2026-07-03 20:38:16,1,1,1,2026-07
TXN0000030998,ACC0002864,45662.78,SUCCESS,2026-06-06 07:22:09,1,1,1,2026-06
TXN0000030999,ACC0029329,138857.58,SUCCESS,2026-07-18 05:11:00,1,1,1,2026-07
TXN0000031005,ACC0001328,147841.05,SUCCESS,2026-01-17 04:56:14,1,1,1,2026-01
TXN0000031008,ACC0019220,134153.97,SUCCESS,2026-04-24 12:32:22,1,1,1,2026-04
TXN0000031015,ACC0010199,2902.68,SUCCESS,2026-04-15 15:13:48,1,1,1,2026-04
TXN0000031016,ACC0014452,92511.56,SUCCESS,2026-02-19 16:25:05,1,1,1,2026-02
TXN0000031021,ACC0012101,53286.12,SUCCESS,2026-01-30 03:11:50,1,1,1,2026-01
TXN0000031022,ACC0011922,27573.16,SUCCESS,2026-05-30 06:34:24,1,1,1,2026-05
TXN0000031027,ACC0012985,61697.42,SUCCESS,2026-02-25 18:25:40,1,1,1,2026-02
TXN0000031033,ACC0010282,31115.99,SUCCESS,2026-06-10 04:02:35,1,1,1,2026-06
TXN0000031042,ACC0012298,32188.95,SUCCESS,2026-05-17 20:15:32,1,1,1,2026-05
TXN0000031055,ACC0018825,130986.78,SUCCESS,2026-06-02 15:54:43,1,1,1,2026-06
TXN0000031066,ACC0018503,122226.1,SUCCESS,2026-01-02 12:53:22,1,1,1,2026-01
TXN0000031068,ACC0006770,32597.33,SUCCESS,2026-01-02 15:31:36,1,1,1,2026-01
TXN0000031072,ACC0005945,62796.57,SUCCESS,2026-01-05 03:31:19,1,1,1,2026-01
TXN0000031078,ACC0012268,70268.02,SUCCESS,2026-08-01 19:14:07,1,2,1,2026-08
TXN0000031079,ACC0011474,138496.63,SUCCESS,2026-03-05 05:31:00,1,1,1,2026-03
TXN0000031080,ACC0023652,42236.75,SUCCESS,2026-08-07 03:06:16,1,1,1,2026-08
TXN0000031093,ACC0017511,90836.97,SUCCESS,2026-04-29 16:43:12,1,1,1,2026-04
TXN0000031097,ACC0012062,91748.93,SUCCESS,2026-06-28 21:37:46,1,1,1,2026-06
TXN0000031101,ACC0026856,73925.15,SUCCESS,2026-07-07 04:37:45,1,1,1,2026-07
TXN0000031114,ACC0012056,62643.72,SUCCESS,2026-01-19 21:11:45,1,1,1,2026-01
TXN0000031161,ACC0004112,45538.19,SUCCESS,2026-07-18 16:02:19,1,1,1,2026-07
TXN0000031162,ACC0027927,26639.84,SUCCESS,2026-02-20 06:44:57,1,1,1,2026-02
TXN0000031163,ACC0011343,80004.84,SUCCESS,2026-07-20 20:51:33,1,1,1,2026-07
TXN0000031169,ACC0015689,69708.39,SUCCESS,2026-07-20 01:42:44,1,1,1,2026-07
TXN0000031180,ACC0027200,101834.89,SUCCESS,2026-03-28 17:17:09,1,1,1,2026-03
TXN0000031189,ACC0021176,88233.16,SUCCESS,2026-01-08 01:25:07,1,1,1,2026-01
TXN0000031195,ACC0027806,138924.73,SUCCESS,2026-01-17 13:12:28,1,1,1,2026-01
TXN0000031200,ACC0015496,17781.75,SUCCESS,2026-03-19 22:51:13,1,1,1,2026-03
TXN0000031211,ACC0023284,112402.39,SUCCESS,2026-01-09 21:00:24,1,1,1,2026-01
TXN0000031212,ACC0004002,34847.56,SUCCESS,2026-05-17 02:33:47,1,1,1,2026-05
TXN0000031218,ACC0026704,24049.92,SUCCESS,2026-04-18 14:28:22,1,1,1,2026-04
TXN0000031222,ACC0002680,120990.93,SUCCESS,2026-01-25 19:06:31,1,1,1,2026-01
TXN0000031227,ACC0019191,110480.49,SUCCESS,2026-07-06 07:55:55,1,1,1,2026-07
TXN0000031234,ACC0015715,140188.87,SUCCESS,2026-03-16 14:03:41,1,1,1,2026-03
TXN0000031242,ACC0008351,66058.99,SUCCESS,2026-04-30 12:20:05,1,1,1,2026-04
TXN0000031248,ACC0012928,40784.36,SUCCESS,2026-01-12 17:20:08,1,2,1,2026-01
TXN0000031250,ACC0018650,98959.5,SUCCESS,2026-01-08 06:33:09,1,1,1,2026-01
TXN0000031252,ACC0009348,103941.74,SUCCESS,2026-07-18 01:35:43,1,1,1,2026-07
TXN0000031254,ACC0004720,21938.46,SUCCESS,2026-07-29 17:40:22,1,1,1,2026-07
TXN0000031257,ACC0005490,84812.01,SUCCESS,2026-04-24 10:04:25,1,1,1,2026-04
TXN0000031281,ACC0009969,58532.06,SUCCESS,2026-01-22 20:21:17,1,1,1,2026-01
TXN0000031284,ACC0018205,974.16,SUCCESS,2026-05-16 16:51:53,1,1,1,2026-05
TXN0000031285,ACC0022259,116626.32,SUCCESS,2026-06-03 12:02:54,1,1,1,2026-06
TXN0000031287,ACC0008179,53556.75,SUCCESS,2026-01-27 20:08:01,1,1,1,2026-01
TXN0000031288,ACC0003042,72361.83,SUCCESS,2026-05-15 01:59:57,1,1,1,2026-05
TXN0000031293,ACC0001057,75848.32,SUCCESS,2026-03-21 01:28:13,1,1,1,2026-03
TXN0000031295,ACC0003460,103648.88,SUCCESS,2026-05-11 20:45:46,1,1,1,2026-05
TXN0000031297,ACC0022052,81595.65,SUCCESS,2026-05-19 02:27:43,1,1,1,2026-05
TXN0000031306,ACC0028826,137278.75,SUCCESS,2026-04-13 07:05:36,1,1,1,2026-04
TXN0000031313,ACC0020243,110737.89,SUCCESS,2026-02-15 23:17:50,1,1,1,2026-02
TXN0000031317,ACC0016612,74748.43,SUCCESS,2026-03-20 15:36:31,1,1,1,2026-03
TXN0000031318,ACC0029228,40766.96,SUCCESS,2026-04-26 01:06:34,1,1,1,2026-04
TXN0000031319,ACC0013907,37150.01,SUCCESS,2026-06-23 09:02:58,1,1,1,2026-06
TXN0000031320,ACC0022843,85724.53,SUCCESS,2026-07-15 20:38:25,1,1,1,2026-07
TXN0000031331,ACC0014405,92429.25,SUCCESS,2026-07-20 05:44:58,1,1,1,2026-07
TXN0000031332,ACC0004805,2555.23,SUCCESS,2026-06-04 14:32:57,1,1,1,2026-06
TXN0000031341,ACC0022944,64029.98,SUCCESS,2026-03-28 22:18:58,1,1,1,2026-03
TXN0000031349,ACC0004772,133029.51,SUCCESS,2026-03-26 03:08:48,1,1,1,2026-03
TXN0000031350,ACC0005724,130976.66,SUCCESS,2026-07-18 21:59:59,1,1,1,2026-07
TXN0000031356,ACC0022624,39871.21,SUCCESS,2026-02-15 18:38:15,1,1,1,2026-02
TXN0000031363,ACC0028746,55826.68,SUCCESS,2026-08-06 17:20:23,1,1,1,2026-08
TXN0000031370,ACC0004741,17065.04,SUCCESS,2026-04-07 10:51:46,1,1,1,2026-04
TXN0000031383,ACC0025079,14172.08,SUCCESS,2026-07-17 18:34:01,1,1,1,2026-07
TXN0000031385,ACC0023482,10117.1,SUCCESS,2026-01-17 05:42:51,1,1,1,2026-01
TXN0000031392,ACC0002575,3120.95,SUCCESS,2026-02-21 15:17:49,1,1,1,2026-02
TXN0000031403,ACC0015126,32796.34,SUCCESS,2026-01-19 01:03:28,1,1,1,2026-01
TXN0000031413,ACC0010177,136849.83,SUCCESS,2026-06-03 22:21:39,1,1,1,2026-06
TXN0000031417,ACC0021997,20729.94,SUCCESS,2026-01-28 09:16:36,1,1,1,2026-01
TXN0000031429,ACC0002657,135586.73,SUCCESS,2026-02-14 23:40:24,1,1,1,2026-02
TXN0000031435,ACC0022734,46003.96,SUCCESS,2026-03-04 09:39:21,1,1,1,2026-03
TXN0000031439,ACC0012697,102728.41,SUCCESS,2026-05-07 11:09:11,1,1,1,2026-05
TXN0000031444,ACC0002960,125045.91,SUCCESS,2026-05-08 17:23:53,1,1,1,2026-05
TXN0000031459,ACC0029722,19121.17,SUCCESS,2026-06-05 10:12:51,1,1,1,2026-06
TXN0000031469,ACC0025574,33843.87,SUCCESS,2026-06-24 11:21:20,1,1,1,2026-06
TXN0000031473,ACC0010995,91678.12,SUCCESS,2026-06-19 10:39:52,1,1,1,2026-06
TXN0000031479,ACC0020195,135915.19,SUCCESS,2026-07-07 11:38:40,1,1,1,2026-07
TXN0000031480,ACC0012210,113430.43,SUCCESS,2026-02-07 10:05:43,1,1,1,2026-02
TXN0000031490,ACC0008977,32122.95,SUCCESS,2026-07-17 09:46:34,1,1,1,2026-07
TXN0000031492,ACC0005987,80466.65,SUCCESS,2026-07-31 23:38:03,1,1,1,2026-07
TXN0000031500,ACC0005508,17342.86,SUCCESS,2026-08-02 19:19:31,1,1,1,2026-08
TXN0000031514,ACC0017257,64698.34,SUCCESS,2026-01-15 02:55:37,1,1,1,2026-01
TXN0000031517,ACC0006216,18352.83,SUCCESS,2026-06-28 19:39:51,1,1,1,2026-06
TXN0000031520,ACC0010813,32569.02,SUCCESS,2026-03-15 19:01:55,1,1,1,2026-03
TXN0000031522,ACC0016049,77057.63,SUCCESS,2026-07-01 18:53:07,1,1,1,2026-07
TXN0000031525,ACC0000047,111011.52,SUCCESS,2026-04-10 09:35:38,1,1,1,2026-04
TXN0000031533,ACC0021015,62935.27,SUCCESS,2026-03-25 23:28:34,1,1,1,2026-03
TXN0000031534,ACC0021951,72096.51,SUCCESS,2026-03-17 23:57:14,1,1,1,2026-03
TXN0000031535,ACC0000069,2701.59,SUCCESS,2026-06-15 19:41:56,1,1,1,2026-06
TXN0000031541,ACC0026210,143775.1,SUCCESS,2026-06-12 09:23:00,1,1,1,2026-06
TXN0000031545,ACC0018862,130553.72,SUCCESS,2026-01-05 09:39:24,1,1,1,2026-01
TXN0000031556,ACC0006630,89927.27,SUCCESS,2026-07-06 10:43:58,1,1,1,2026-07
TXN0000031559,ACC0014421,16374.44,SUCCESS,2026-07-30 20:21:16,1,1,1,2026-07
TXN0000031562,ACC0008722,113214.09,SUCCESS,2026-07-10 14:08:12,1,1,1,2026-07
TXN0000031564,ACC0016349,81411.53,SUCCESS,2026-07-07 10:21:39,1,1,1,2026-07
TXN0000031565,ACC0017389,128963.98,SUCCESS,2026-07-19 22:09:45,1,1,1,2026-07
TXN0000031567,ACC0023333,16431.0,SUCCESS,2026-04-20 15:57:02,1,1,1,2026-04
TXN0000031572,ACC0018433,90361.3,SUCCESS,2026-05-04 09:55:20,1,1,1,2026-05
TXN0000031587,ACC0015692,41111.11,SUCCESS,2026-04-06 08:58:55,1,1,1,2026-04
TXN0000031603,ACC0018567,68771.2,SUCCESS,2026-05-10 19:10:15,1,1,1,2026-05
TXN0000031610,ACC0003265,116277.59,SUCCESS,2026-04-14 23:00:23,1,1,1,2026-04
TXN0000031612,ACC0014494,89890.05,SUCCESS,2026-02-01 05:21:35,1,1,1,2026-02
TXN0000031613,ACC0007610,61054.56,SUCCESS,2026-01-17 02:10:13,1,1,1,2026-01
TXN0000031624,ACC0018750,111781.69,SUCCESS,2026-08-03 00:52:59,1,1,1,2026-08
TXN0000031628,ACC0019020,130188.59,SUCCESS,2026-01-16 20:47:58,1,1,1,2026-01
TXN0000031630,ACC0001972,133888.1,SUCCESS,2026-01-10 21:38:57,1,1,1,2026-01
TXN0000031642,ACC0008592,132548.26,SUCCESS,2026-04-04 23:17:49,1,1,1,2026-04
TXN0000031643,ACC0028641,29446.3,SUCCESS,2026-05-08 21:41:47,1,1,1,2026-05
TXN0000031649,ACC0024217,32331.38,SUCCESS,2026-02-15 17:39:35,1,1,1,2026-02
TXN0000031669,ACC0005572,124107.42,SUCCESS,2026-01-17 04:42:55,1,1,1,2026-01
TXN0000031678,ACC0012503,98374.19,SUCCESS,2026-07-29 15:40:55,1,1,1,2026-07
TXN0000031680,ACC0000486,135219.39,SUCCESS,2026-06-29 01:33:26,1,1,1,2026-06
TXN0000031683,ACC0022405,99821.98,SUCCESS,2026-06-23 02:34:23,1,1,1,2026-06
TXN0000031693,ACC0016236,124231.77,SUCCESS,2026-06-22 19:15:36,1,1,1,2026-06
TXN0000031695,ACC0013164,3194.43,SUCCESS,2026-04-20 11:38:44,1,1,1,2026-04
TXN0000031697,ACC0002842,28546.3,SUCCESS,2026-02-10 21:17:21,1,1,1,2026-02
TXN0000031704,ACC0004649,116210.1,SUCCESS,2026-03-15 00:44:37,1,1,1,2026-03
TXN0000031706,ACC0015062,116827.34,SUCCESS,2026-01-12 20:09:09,1,1,1,2026-01
TXN0000031707,ACC0000827,13937.22,SUCCESS,2026-02-15 22:52:54,1,1,1,2026-02
TXN0000031709,ACC0025252,142081.57,SUCCESS,2026-05-06 09:32:17,1,1,1,2026-05
TXN0000031713,ACC0019960,64663.88,SUCCESS,2026-02-28 23:57:08,1,1,1,2026-02
TXN0000031728,ACC0005203,27553.28,SUCCESS,2026-02-04 22:36:05,1,1,1,2026-02
TXN0000031736,ACC0019855,96614.79,SUCCESS,2026-07-13 08:49:29,1,1,1,2026-07
TXN0000031748,ACC0024407,55899.11,SUCCESS,2026-01-26 05:26:50,1,1,1,2026-01
TXN0000031750,ACC0021021,54234.44,SUCCESS,2026-02-07 23:33:09,1,1,1,2026-02
TXN0000031768,ACC0023639,102636.09,SUCCESS,2026-05-03 23:17:07,1,1,1,2026-05
TXN0000031800,ACC0003800,81946.99,SUCCESS,2026-04-18 12:46:24,1,1,1,2026-04
TXN0000031810,ACC0014792,4868.8,SUCCESS,2026-08-07 01:40:37,1,1,1,2026-08
TXN0000031814,ACC0023988,115385.11,SUCCESS,2026-03-09 09:49:25,1,1,1,2026-03
TXN0000031820,ACC0024549,90235.81,SUCCESS,2026-02-04 08:51:37,1,1,1,2026-02
TXN0000031831,ACC0009973,41024.99,SUCCESS,2026-01-02 09:20:19,1,1,1,2026-01
TXN0000031833,ACC0019045,70547.15,SUCCESS,2026-01-15 17:02:05,1,1,1,2026-01
TXN0000031837,ACC0002991,37420.34,SUCCESS,2026-05-31 09:44:19,1,1,1,2026-05
TXN0000031838,ACC0005131,112003.11,SUCCESS,2026-03-20 19:57:19,1,1,1,2026-03
TXN0000031850,ACC0001584,128993.01,SUCCESS,2026-02-04 16:06:25,1,1,1,2026-02
TXN0000031853,ACC0019065,113570.81,SUCCESS,2026-06-03 05:44:37,1,1,1,2026-06
TXN0000031862,ACC0005040,116368.61,SUCCESS,2026-06-22 13:09:35,1,1,1,2026-06
TXN0000031870,ACC0015506,129073.54,SUCCESS,2026-06-04 21:44:14,1,1,1,2026-06
TXN0000031881,ACC0025836,147444.23,SUCCESS,2026-07-18 01:52:15,1,1,1,2026-07
TXN0000031887,ACC0012086,92118.63,SUCCESS,2026-01-10 20:35:27,1,1,1,2026-01
TXN0000031888,ACC0015357,129660.8,SUCCESS,2026-03-07 06:24:03,1,1,1,2026-03
TXN0000031892,ACC0028336,50587.97,SUCCESS,2026-02-27 23:10:22,1,1,1,2026-02
TXN0000031894,ACC0002029,122790.15,SUCCESS,2026-07-03 15:03:11,1,1,1,2026-07
TXN0000031900,ACC0012256,121798.7,SUCCESS,2026-02-24 13:46:32,1,1,1,2026-02
TXN0000031909,ACC0027908,87809.87,SUCCESS,2026-02-11 23:08:17,1,1,1,2026-02
TXN0000031915,ACC0009401,49425.41,SUCCESS,2026-01-20 15:05:24,1,1,1,2026-01
TXN0000031924,ACC0029892,75869.89,SUCCESS,2026-02-14 03:14:41,1,1,1,2026-02
TXN0000031925,ACC0000599,132797.2,SUCCESS,2026-02-02 23:04:16,1,1,1,2026-02
TXN0000031926,ACC0004893,31809.94,SUCCESS,2026-02-07 00:56:13,1,1,1,2026-02
TXN0000031929,ACC0027082,34172.95,SUCCESS,2026-08-03 09:52:15,1,1,1,2026-08
TXN0000031931,ACC0002062,33992.46,SUCCESS,2026-01-19 07:31:39,1,1,1,2026-01
TXN0000031940,ACC0027222,87227.88,SUCCESS,2026-04-06 09:42:17,1,1,1,2026-04
TXN0000031942,ACC0027809,42090.92,SUCCESS,2026-05-07 15:36:47,1,1,1,2026-05
TXN0000031945,ACC0012796,130999.62,SUCCESS,2026-01-10 21:51:40,1,1,1,2026-01
TXN0000031952,ACC0006043,76981.46,SUCCESS,2026-07-15 02:40:00,1,1,1,2026-07
TXN0000031954,ACC0019075,86740.3,SUCCESS,2026-04-29 15:40:15,1,1,1,2026-04
TXN0000031958,ACC0027120,10890.52,SUCCESS,2026-06-04 00:52:24,1,1,1,2026-06
TXN0000031969,ACC0013488,122521.22,SUCCESS,2026-06-21 11:42:11,1,1,1,2026-06
TXN0000031972,ACC0002111,138529.82,SUCCESS,2026-05-21 14:43:02,1,1,1,2026-05
TXN0000031979,ACC0025090,607.77,SUCCESS,2026-02-22 22:07:09,1,1,1,2026-02
TXN0000031985,ACC0003045,98554.38,SUCCESS,2026-01-02 13:40:26,1,1,1,2026-01
TXN0000031986,ACC0026585,31448.71,SUCCESS,2026-02-21 03:51:53,1,1,1,2026-02
TXN0000031995,ACC0022657,142815.29,SUCCESS,2026-04-20 21:05:35,1,1,1,2026-04
TXN0000032000,ACC0015621,47892.49,SUCCESS,2026-02-10 18:55:04,1,1,1,2026-02
TXN0000032012,ACC0024391,65302.44,SUCCESS,2026-05-07 01:21:19,1,1,1,2026-05
TXN0000032015,ACC0007621,136443.17,SUCCESS,2026-01-24 00:25:51,1,1,1,2026-01
TXN0000032019,ACC0024352,136104.16,SUCCESS,2026-07-25 23:40:16,1,1,1,2026-07
TXN0000032027,ACC0020548,130479.84,SUCCESS,2026-01-10 01:19:10,1,1,1,2026-01
TXN0000032035,ACC0001463,57829.9,SUCCESS,2026-03-13 21:27:53,1,1,1,2026-03
TXN0000032042,ACC0012048,17876.31,SUCCESS,2026-07-04 01:19:04,1,1,1,2026-07
TXN0000032046,ACC0021097,91166.3,SUCCESS,2026-04-07 11:29:52,1,1,1,2026-04
TXN0000032048,ACC0019067,103629.85,SUCCESS,2026-02-18 19:40:01,1,1,1,2026-02
TXN0000032059,ACC0002439,33059.23,SUCCESS,2026-05-24 14:21:27,1,1,1,2026-05
TXN0000032064,ACC0021250,108568.63,SUCCESS,2026-08-07 11:37:12,1,1,1,2026-08
TXN0000032079,ACC0000206,128760.36,SUCCESS,2026-07-22 02:42:29,1,1,1,2026-07
TXN0000032083,ACC0024791,104128.19,SUCCESS,2026-03-12 21:20:53,1,1,1,2026-03
TXN0000032085,ACC0020172,119343.27,SUCCESS,2026-03-10 12:58:25,1,1,1,2026-03
TXN0000032091,ACC0001617,120017.91,SUCCESS,2026-02-27 10:15:36,1,1,1,2026-02
TXN0000032094,ACC0025924,111839.51,SUCCESS,2026-05-31 23:23:05,1,1,1,2026-05
TXN0000032099,ACC0009975,93756.36,SUCCESS,2026-02-05 20:00:58,1,1,1,2026-02
TXN0000032100,ACC0012697,22947.12,SUCCESS,2026-08-03 06:43:51,1,1,1,2026-08
TXN0000032107,ACC0000580,5721.7,SUCCESS,2026-02-04 01:15:36,1,1,1,2026-02
TXN0000032108,ACC0019252,62966.14,SUCCESS,2026-06-05 16:13:56,1,1,1,2026-06
TXN0000032123,ACC0025690,59377.02,SUCCESS,2026-08-05 09:22:30,1,1,1,2026-08
TXN0000032127,ACC0010640,71122.16,SUCCESS,2026-01-12 02:49:21,1,1,1,2026-01
TXN0000032131,ACC0025265,29218.06,SUCCESS,2026-01-19 21:05:34,1,1,1,2026-01
TXN0000032139,ACC0017984,113058.64,SUCCESS,2026-07-18 05:14:44,1,1,1,2026-07
TXN0000032160,ACC0025902,108508.36,SUCCESS,2026-07-29 03:46:57,1,1,1,2026-07
TXN0000032164,ACC0026482,80189.75,SUCCESS,2026-02-21 00:29:18,1,1,1,2026-02
TXN0000032176,ACC0018869,114600.16,SUCCESS,2026-02-28 00:32:57,1,1,1,2026-02
TXN0000032188,ACC0020117,90287.5,SUCCESS,2026-02-09 15:17:54,1,1,1,2026-02
TXN0000032189,ACC0012574,37190.33,SUCCESS,2026-02-27 17:37:25,1,1,1,2026-02
TXN0000032194,ACC0010744,91800.6,SUCCESS,2026-01-08 16:06:30,1,1,1,2026-01
TXN0000032200,ACC0020290,31261.44,SUCCESS,2026-05-28 07:25:51,1,1,1,2026-05
TXN0000032203,ACC0002629,125568.25,SUCCESS,2026-05-02 13:54:56,1,1,1,2026-05
TXN0000032214,ACC0023311,90659.0,SUCCESS,2026-04-23 15:01:29,1,1,1,2026-04
TXN0000032219,ACC0021076,22227.39,SUCCESS,2026-03-12 04:16:49,1,1,1,2026-03
TXN0000032220,ACC0022722,57755.08,SUCCESS,2026-01-15 01:29:49,1,1,1,2026-01
TXN0000032225,ACC0012851,29910.21,SUCCESS,2026-02-03 23:36:14,1,1,1,2026-02
TXN0000032229,ACC0027518,124654.17,SUCCESS,2026-04-18 08:21:03,1,1,1,2026-04
TXN0000032234,ACC0010474,45616.88,SUCCESS,2026-05-01 08:07:37,1,1,1,2026-05
TXN0000032237,ACC0022735,9820.13,SUCCESS,2026-06-11 23:55:43,1,1,1,2026-06
TXN0000032238,ACC0024006,90895.91,SUCCESS,2026-03-06 12:44:37,1,1,1,2026-03
TXN0000032247,ACC0027723,5808.24,SUCCESS,2026-04-15 12:09:35,1,1,1,2026-04
TXN0000032263,ACC0006618,76968.97,SUCCESS,2026-07-03 14:36:51,1,1,1,2026-07
TXN0000032268,ACC0006275,109677.34,SUCCESS,2026-02-06 10:51:03,1,1,1,2026-02
TXN0000032269,ACC0024398,24324.63,SUCCESS,2026-03-08 04:54:49,1,1,1,2026-03
TXN0000032275,ACC0016828,19896.55,SUCCESS,2026-06-01 09:02:13,1,1,1,2026-06
TXN0000032279,ACC0028823,134752.86,SUCCESS,2026-05-25 05:53:43,1,1,1,2026-05
TXN0000032287,ACC0019042,15448.61,SUCCESS,2026-06-01 12:26:02,1,1,1,2026-06
TXN0000032288,ACC0007755,90568.01,SUCCESS,2026-03-16 09:51:08,1,1,1,2026-03
TXN0000032314,ACC0009652,89941.56,SUCCESS,2026-07-04 21:24:47,1,1,1,2026-07
TXN0000032316,ACC0004295,124.29,SUCCESS,2026-05-07 06:42:59,1,1,1,2026-05
TXN0000032318,ACC0010726,72739.36,SUCCESS,2026-04-15 03:08:11,1,1,1,2026-04
TXN0000032320,ACC0019524,120023.54,SUCCESS,2026-04-27 13:18:56,1,1,1,2026-04
TXN0000032328,ACC0016648,96003.3,SUCCESS,2026-07-16 09:19:21,1,1,1,2026-07
TXN0000032330,ACC0019450,87296.3,SUCCESS,2026-07-31 02:15:45,1,1,1,2026-07
TXN0000032334,ACC0018493,71091.32,SUCCESS,2026-02-21 02:44:48,1,1,1,2026-02
TXN0000032337,ACC0026325,42725.87,SUCCESS,2026-01-13 16:40:13,1,1,1,2026-01
TXN0000032338,ACC0023951,46925.23,SUCCESS,2026-01-11 23:57:06,1,1,1,2026-01
TXN0000032341,ACC0003272,103543.74,SUCCESS,2026-04-28 19:04:50,1,1,1,2026-04
TXN0000032347,ACC0027982,61152.61,SUCCESS,2026-02-15 17:09:28,1,1,1,2026-02
TXN0000032362,ACC0006243,27458.3,SUCCESS,2026-02-06 01:39:04,1,1,1,2026-02
TXN0000032375,ACC0002814,96949.43,SUCCESS,2026-05-27 16:55:02,1,1,1,2026-05
TXN0000032378,ACC0015604,134474.8,SUCCESS,2026-06-07 03:08:12,1,1,1,2026-06
TXN0000032380,ACC0010788,39985.6,SUCCESS,2026-01-22 04:40:30,1,1,1,2026-01
TXN0000032397,ACC0028523,149285.03,SUCCESS,2026-06-02 12:40:30,1,1,1,2026-06
TXN0000032401,ACC0024059,103378.65,SUCCESS,2026-06-01 02:42:47,1,1,1,2026-06
TXN0000032403,ACC0014593,91092.44,SUCCESS,2026-02-27 04:44:09,1,1,1,2026-02
TXN0000032412,ACC0024428,37821.86,SUCCESS,2026-07-07 04:08:10,1,1,1,2026-07
TXN0000032416,ACC0004302,133716.8,SUCCESS,2026-07-14 07:45:28,1,1,1,2026-07
TXN0000032418,ACC0005413,30045.81,SUCCESS,2026-06-12 09:55:18,1,1,1,2026-06
TXN0000032436,ACC0006695,14189.61,SUCCESS,2026-02-24 04:40:50,1,1,1,2026-02
TXN0000032441,ACC0016369,147780.56,SUCCESS,2026-03-15 06:52:49,1,1,1,2026-03
TXN0000032444,ACC0027871,34946.01,SUCCESS,2026-07-24 09:36:41,1,1,1,2026-07
TXN0000032462,ACC0023645,94931.17,SUCCESS,2026-02-25 21:20:52,1,1,1,2026-02
TXN0000032464,ACC0004474,90384.64,SUCCESS,2026-08-04 23:00:20,1,1,1,2026-08
TXN0000032466,ACC0025646,111081.85,SUCCESS,2026-04-06 03:21:09,1,1,1,2026-04
TXN0000032467,ACC0001190,90347.48,SUCCESS,2026-08-03 13:19:39,1,1,1,2026-08
TXN0000032470,ACC0008202,29484.75,SUCCESS,2026-03-22 06:28:05,1,1,1,2026-03
TXN0000032477,ACC0002682,108247.37,SUCCESS,2026-02-26 22:48:08,1,1,1,2026-02
TXN0000032480,ACC0009988,58107.68,SUCCESS,2026-04-06 02:26:29,1,1,1,2026-04
TXN0000032483,ACC0010839,87038.17,SUCCESS,2026-06-17 19:44:41,1,1,1,2026-06
TXN0000032485,ACC0004989,17514.35,SUCCESS,2026-02-17 23:15:09,1,1,1,2026-02
TXN0000032488,ACC0029485,147071.19,SUCCESS,2026-02-25 07:39:48,1,1,1,2026-02
TXN0000032493,ACC0006247,136260.05,SUCCESS,2026-05-12 19:00:36,1,2,1,2026-05
TXN0000032495,ACC0023696,90828.99,SUCCESS,2026-02-24 02:34:34,1,1,1,2026-02
TXN0000032509,ACC0009952,131280.73,SUCCESS,2026-07-29 07:44:10,1,1,1,2026-07
TXN0000032510,ACC0028387,6492.61,SUCCESS,2026-03-25 15:38:05,1,1,1,2026-03
TXN0000032516,ACC0007687,148646.55,SUCCESS,2026-01-05 02:14:32,1,1,1,2026-01
TXN0000032518,ACC0008605,38921.43,SUCCESS,2026-01-17 19:14:51,1,1,1,2026-01
TXN0000032523,ACC0002791,73341.68,SUCCESS,2026-06-04 08:53:16,1,1,1,2026-06
TXN0000032524,ACC0002845,140658.53,SUCCESS,2026-06-07 17:40:41,1,1,1,2026-06
TXN0000032532,ACC0017876,127174.77,SUCCESS,2026-03-23 01:05:42,1,1,1,2026-03
TXN0000032551,ACC0020922,55817.18,SUCCESS,2026-06-14 00:06:00,1,1,1,2026-06
TXN0000032587,ACC0008129,108474.07,SUCCESS,2026-01-09 06:16:08,1,1,1,2026-01
TXN0000032592,ACC0001559,58350.31,SUCCESS,2026-07-24 07:20:32,1,1,1,2026-07
TXN0000032593,ACC0021131,128518.6,SUCCESS,2026-04-14 02:09:05,1,1,1,2026-04
TXN0000032594,ACC0028188,123820.74,SUCCESS,2026-05-17 06:25:22,1,2,1,2026-05
TXN0000032600,ACC0010452,143324.62,SUCCESS,2026-02-03 10:33:56,1,2,1,2026-02
TXN0000032609,ACC0014748,49353.21,SUCCESS,2026-02-26 01:58:00,1,1,1,2026-02
TXN0000032610,ACC0021176,9823.76,SUCCESS,2026-02-07 22:59:13,1,1,1,2026-02
TXN0000032611,ACC0020694,128732.97,SUCCESS,2026-01-04 06:33:40,1,1,1,2026-01
TXN0000032614,ACC0016160,140758.9,SUCCESS,2026-04-11 22:40:57,1,1,1,2026-04
TXN0000032617,ACC0014082,43418.28,SUCCESS,2026-01-29 03:30:58,1,1,1,2026-01
TXN0000032620,ACC0014410,13635.74,SUCCESS,2026-08-01 16:29:02,1,1,1,2026-08
TXN0000032626,ACC0009739,85604.09,SUCCESS,2026-05-14 02:57:47,1,1,1,2026-05
TXN0000032634,ACC0016052,125842.03,SUCCESS,2026-04-18 07:53:12,1,1,1,2026-04
TXN0000032638,ACC0024677,109728.83,SUCCESS,2026-04-13 02:08:44,1,1,1,2026-04
TXN0000032639,ACC0017197,56265.59,SUCCESS,2026-07-09 02:39:25,1,1,1,2026-07
TXN0000032643,ACC0026849,122417.7,SUCCESS,2026-04-10 22:34:49,1,1,1,2026-04
TXN0000032666,ACC0021515,100609.3,SUCCESS,2026-05-19 13:34:38,1,1,1,2026-05
TXN0000032680,ACC0009486,24357.14,SUCCESS,2026-07-17 15:12:25,1,1,1,2026-07
TXN0000032681,ACC0002421,4736.06,SUCCESS,2026-06-01 21:01:36,1,1,1,2026-06
TXN0000032682,ACC0028390,115722.56,SUCCESS,2026-08-08 03:37:41,1,1,1,2026-08
TXN0000032689,ACC0026711,36021.97,SUCCESS,2026-07-26 07:52:54,1,1,1,2026-07
TXN0000032702,ACC0002433,141399.17,SUCCESS,2026-03-02 09:55:25,1,1,1,2026-03
TXN0000032703,ACC0025739,18746.26,SUCCESS,2026-02-11 04:12:10,1,1,1,2026-02
TXN0000032706,ACC0011857,123534.36,SUCCESS,2026-01-28 20:35:09,1,1,1,2026-01
TXN0000032717,ACC0000172,4550.57,SUCCESS,2026-03-30 12:42:07,1,1,1,2026-03
TXN0000032721,ACC0023638,36582.65,SUCCESS,2026-04-03 11:34:23,1,1,1,2026-04
TXN0000032734,ACC0014847,33184.79,SUCCESS,2026-03-23 04:12:30,1,1,1,2026-03
TXN0000032735,ACC0015640,14504.23,SUCCESS,2026-03-18 06:13:40,1,1,1,2026-03
TXN0000032737,ACC0015571,71779.9,SUCCESS,2026-02-04 07:21:03,1,1,1,2026-02
TXN0000032751,ACC0008173,94797.44,SUCCESS,2026-04-25 17:48:43,1,1,1,2026-04
TXN0000032753,ACC0005583,115998.41,SUCCESS,2026-05-17 12:26:34,1,1,1,2026-05
TXN0000032760,ACC0005554,135784.33,SUCCESS,2026-05-20 12:31:06,1,1,1,2026-05
TXN0000032763,ACC0029432,73917.6,SUCCESS,2026-03-21 14:56:02,1,1,1,2026-03
TXN0000032767,ACC0018687,79579.51,SUCCESS,2026-07-18 04:22:57,1,1,1,2026-07
TXN0000032773,ACC0018195,56636.18,SUCCESS,2026-03-08 03:46:17,1,1,1,2026-03
TXN0000032778,ACC0013463,31313.03,SUCCESS,2026-04-11 16:15:10,1,1,1,2026-04
TXN0000032786,ACC0026978,88452.11,SUCCESS,2026-07-30 16:19:49,1,1,1,2026-07
TXN0000032789,ACC0012946,41500.89,SUCCESS,2026-06-23 13:03:09,1,1,1,2026-06
TXN0000032790,ACC0010380,132573.95,SUCCESS,2026-03-13 16:19:38,1,1,1,2026-03
TXN0000032796,ACC0016439,38419.41,SUCCESS,2026-05-23 16:14:31,1,1,1,2026-05
TXN0000032803,ACC0017169,82495.37,SUCCESS,2026-07-10 10:38:49,1,1,1,2026-07
TXN0000032806,ACC0003764,98778.06,SUCCESS,2026-04-03 22:11:19,1,1,1,2026-04
TXN0000032807,ACC0014729,100340.55,SUCCESS,2026-02-02 21:45:29,1,1,1,2026-02
TXN0000032813,ACC0009331,11656.5,SUCCESS,2026-06-04 04:35:43,1,1,1,2026-06
TXN0000032815,ACC0006871,84663.18,SUCCESS,2026-03-23 22:26:52,1,1,1,2026-03
TXN0000032818,ACC0019657,38647.36,SUCCESS,2026-04-18 05:52:41,1,1,1,2026-04
TXN0000032820,ACC0029835,99004.04,SUCCESS,2026-05-06 02:16:58,1,1,1,2026-05
TXN0000032825,ACC0011904,130180.66,SUCCESS,2026-06-09 12:14:26,1,1,1,2026-06
TXN0000032833,ACC0001393,76079.02,SUCCESS,2026-06-27 12:04:27,1,1,1,2026-06
TXN0000032835,ACC0022186,100977.47,SUCCESS,2026-01-14 17:28:15,1,1,1,2026-01
TXN0000032847,ACC0018061,127537.38,SUCCESS,2026-02-10 09:51:12,1,1,1,2026-02
TXN0000032855,ACC0007680,124327.26,SUCCESS,2026-02-27 20:55:46,1,1,1,2026-02
TXN0000032858,ACC0006794,97406.48,SUCCESS,2026-06-05 14:22:26,1,1,1,2026-06
TXN0000032860,ACC0012450,107920.19,SUCCESS,2026-07-28 03:37:14,1,1,1,2026-07
TXN0000032863,ACC0025467,149164.23,SUCCESS,2026-02-17 05:23:55,1,1,1,2026-02
TXN0000032865,ACC0024533,62784.11,SUCCESS,2026-05-10 05:19:00,1,1,1,2026-05
TXN0000032866,ACC0014451,146162.5,SUCCESS,2026-01-27 15:51:33,1,1,1,2026-01
TXN0000032868,ACC0011227,63505.26,SUCCESS,2026-06-22 02:22:23,1,1,1,2026-06
TXN0000032870,ACC0019937,79526.11,SUCCESS,2026-07-19 11:59:50,1,1,1,2026-07
TXN0000032873,ACC0004206,92848.86,SUCCESS,2026-04-10 19:11:42,1,1,1,2026-04
TXN0000032874,ACC0018114,4320.28,SUCCESS,2026-07-17 16:43:00,1,1,1,2026-07
TXN0000032879,ACC0026191,32490.96,SUCCESS,2026-06-26 09:31:48,1,1,1,2026-06
TXN0000032883,ACC0011262,7963.66,SUCCESS,2026-01-13 03:11:43,1,1,1,2026-01
TXN0000032888,ACC0022170,44837.28,SUCCESS,2026-07-30 15:54:52,1,1,1,2026-07
TXN0000032889,ACC0002564,124587.02,SUCCESS,2026-07-23 00:37:12,1,1,1,2026-07
TXN0000032890,ACC0007655,34931.06,SUCCESS,2026-01-04 23:30:55,1,1,1,2026-01
TXN0000032898,ACC0025969,85000.43,SUCCESS,2026-01-30 15:42:22,1,1,1,2026-01
TXN0000032901,ACC0006275,108400.11,SUCCESS,2026-05-14 06:04:39,1,1,1,2026-05
TXN0000032902,ACC0015416,91563.02,SUCCESS,2026-08-05 12:05:11,1,1,1,2026-08
TXN0000032904,ACC0002851,111280.03,SUCCESS,2026-02-05 05:40:25,1,1,1,2026-02
TXN0000032905,ACC0023393,1739.58,SUCCESS,2026-01-20 07:23:58,1,1,1,2026-01
TXN0000032912,ACC0025099,113033.88,SUCCESS,2026-04-21 20:22:36,1,1,1,2026-04
TXN0000032913,ACC0026849,108529.22,SUCCESS,2026-06-14 22:22:56,1,1,1,2026-06
TXN0000032928,ACC0006151,128841.12,SUCCESS,2026-02-27 09:38:15,1,1,1,2026-02
TXN0000032929,ACC0028021,29825.59,SUCCESS,2026-07-28 17:39:42,1,1,1,2026-07
TXN0000032933,ACC0005972,147225.84,SUCCESS,2026-03-22 06:50:58,1,1,1,2026-03
TXN0000032934,ACC0010728,24635.19,SUCCESS,2026-02-27 00:55:39,1,1,1,2026-02
TXN0000032937,ACC0008926,148171.3,SUCCESS,2026-01-17 14:11:50,1,1,1,2026-01
TXN0000032941,ACC0026229,66597.04,SUCCESS,2026-02-20 09:45:11,1,1,1,2026-02
TXN0000032946,ACC0015027,36533.87,SUCCESS,2026-04-24 05:06:09,1,1,1,2026-04
TXN0000032949,ACC0008072,117372.88,SUCCESS,2026-06-06 20:05:38,1,1,1,2026-06
TXN0000032952,ACC0016904,113863.91,SUCCESS,2026-03-19 10:11:59,1,1,1,2026-03
TXN0000032957,ACC0027466,83009.04,SUCCESS,2026-07-30 12:11:00,1,1,1,2026-07
TXN0000032961,ACC0021750,113631.61,SUCCESS,2026-02-26 04:40:27,1,1,1,2026-02
TXN0000032964,ACC0011704,124382.37,SUCCESS,2026-01-12 06:31:12,1,1,1,2026-01
TXN0000032965,ACC0003628,7679.77,SUCCESS,2026-02-08 15:33:20,1,1,1,2026-02
TXN0000032966,ACC0008090,115350.63,SUCCESS,2026-02-25 00:21:51,1,1,1,2026-02
TXN0000032967,ACC0026665,131060.98,SUCCESS,2026-06-08 20:33:33,1,1,1,2026-06
TXN0000032969,ACC0010906,65615.97,SUCCESS,2026-07-10 07:09:06,1,1,1,2026-07
TXN0000032979,ACC0016039,112021.5,SUCCESS,2026-05-24 11:46:21,1,1,1,2026-05
TXN0000032986,ACC0013344,71947.42,SUCCESS,2026-06-01 04:05:20,1,1,1,2026-06
TXN0000032989,ACC0012028,89676.44,SUCCESS,2026-07-06 07:16:45,1,1,1,2026-07
TXN0000032990,ACC0003457,62481.17,SUCCESS,2026-06-26 16:26:25,1,1,1,2026-06
TXN0000033005,ACC0018988,110044.54,SUCCESS,2026-01-08 01:24:47,1,1,1,2026-01
TXN0000033006,ACC0022180,105566.63,SUCCESS,2026-02-05 12:44:06,1,1,1,2026-02
TXN0000033013,ACC0028959,114203.93,SUCCESS,2026-06-20 03:04:32,1,1,1,2026-06
TXN0000033018,ACC0029781,43652.74,SUCCESS,2026-07-16 22:54:59,1,1,1,2026-07
TXN0000033019,ACC0026373,5079.17,SUCCESS,2026-05-18 22:53:31,1,1,1,2026-05
TXN0000033020,ACC0023060,126784.05,SUCCESS,2026-07-12 22:42:53,1,1,1,2026-07
TXN0000033036,ACC0019220,9504.69,SUCCESS,2026-06-20 07:37:34,1,1,1,2026-06
TXN0000033039,ACC0021176,30298.31,SUCCESS,2026-07-27 12:46:02,1,1,1,2026-07
TXN0000033042,ACC0002256,91066.72,SUCCESS,2026-03-16 18:49:30,1,1,1,2026-03
TXN0000033057,ACC0027991,130067.64,SUCCESS,2026-03-14 22:32:45,1,1,1,2026-03
TXN0000033058,ACC0017784,129246.89,SUCCESS,2026-06-15 13:21:30,1,1,1,2026-06
TXN0000033078,ACC0027423,44217.52,SUCCESS,2026-05-23 19:55:15,1,2,1,2026-05
TXN0000033082,ACC0003482,102286.6,SUCCESS,2026-03-21 10:20:29,1,1,1,2026-03
TXN0000033090,ACC0003429,75139.83,SUCCESS,2026-04-19 05:14:01,1,1,1,2026-04
TXN0000033098,ACC0014651,58803.05,SUCCESS,2026-06-21 18:50:59,1,1,1,2026-06
TXN0000033107,ACC0019122,86119.3,SUCCESS,2026-02-02 02:22:36,1,1,1,2026-02
TXN0000033114,ACC0026297,36361.84,SUCCESS,2026-06-10 16:02:21,1,1,1,2026-06
TXN0000033115,ACC0001530,82229.31,SUCCESS,2026-02-12 08:43:59,1,1,1,2026-02
TXN0000033117,ACC0008316,99409.93,SUCCESS,2026-03-23 01:21:40,1,1,1,2026-03
TXN0000033122,ACC0005810,6602.84,SUCCESS,2026-04-06 16:56:20,1,1,1,2026-04
TXN0000033126,ACC0000381,131862.96,SUCCESS,2026-06-28 04:09:11,1,1,1,2026-06
TXN0000033137,ACC0014352,67531.32,SUCCESS,2026-06-24 06:52:32,1,1,1,2026-06
TXN0000033140,ACC0005636,48541.71,SUCCESS,2026-05-17 18:03:31,1,1,1,2026-05
TXN0000033143,ACC0029194,125374.23,SUCCESS,2026-02-19 22:47:38,1,1,1,2026-02
TXN0000033147,ACC0014616,144443.3,SUCCESS,2026-04-06 03:36:23,1,1,1,2026-04
TXN0000033150,ACC0028643,48449.41,SUCCESS,2026-04-15 03:28:26,1,1,1,2026-04
TXN0000033158,ACC0010309,96269.43,SUCCESS,2026-01-12 09:49:24,1,1,1,2026-01
TXN0000033162,ACC0006900,108869.03,SUCCESS,2026-03-31 18:48:27,1,1,1,2026-03
TXN0000033163,ACC0028692,4660.32,SUCCESS,2026-04-16 22:55:45,1,1,1,2026-04
TXN0000033164,ACC0002687,123880.55,SUCCESS,2026-06-10 01:03:37,1,1,1,2026-06
TXN0000033168,ACC0013015,142641.53,SUCCESS,2026-07-15 11:51:01,1,1,1,2026-07
TXN0000033169,ACC0005192,33024.7,SUCCESS,2026-08-07 05:14:26,1,1,1,2026-08
TXN0000033184,ACC0003898,84904.22,SUCCESS,2026-07-05 03:38:12,1,1,1,2026-07
TXN0000033188,ACC0010081,6626.72,SUCCESS,2026-02-22 08:02:24,1,1,1,2026-02
TXN0000033191,ACC0006157,43943.01,SUCCESS,2026-04-18 23:25:30,1,1,1,2026-04
TXN0000033197,ACC0014613,391.18,SUCCESS,2026-03-04 02:14:06,1,1,1,2026-03
TXN0000033198,ACC0019298,146936.14,SUCCESS,2026-07-30 09:46:05,1,1,1,2026-07
TXN0000033203,ACC0022108,104651.87,SUCCESS,2026-04-10 07:57:54,1,1,1,2026-04
TXN0000033204,ACC0023707,35778.72,SUCCESS,2026-07-23 23:39:53,1,1,1,2026-07
TXN0000033211,ACC0026054,27155.39,SUCCESS,2026-08-04 00:36:42,1,2,1,2026-08
TXN0000033213,ACC0003582,2480.76,SUCCESS,2026-07-29 19:29:09,1,1,1,2026-07
TXN0000033251,ACC0029849,132268.99,SUCCESS,2026-02-02 03:04:08,1,1,1,2026-02
TXN0000033262,ACC0007579,48777.24,SUCCESS,2026-05-28 16:33:18,1,1,1,2026-05
TXN0000033266,ACC0020063,11339.59,SUCCESS,2026-05-20 03:28:39,1,1,1,2026-05
TXN0000033271,ACC0011348,112770.13,SUCCESS,2026-01-30 22:30:35,1,1,1,2026-01
TXN0000033289,ACC0001490,109410.9,SUCCESS,2026-05-05 11:12:21,1,1,1,2026-05
TXN0000033294,ACC0006142,72742.05,SUCCESS,2026-03-28 22:42:22,1,1,1,2026-03
TXN0000033303,ACC0020756,130057.52,SUCCESS,2026-01-09 05:46:38,1,2,1,2026-01
TXN0000033316,ACC0023562,64064.44,SUCCESS,2026-01-26 08:34:28,1,1,1,2026-01
TXN0000033318,ACC0022926,103558.19,SUCCESS,2026-05-14 17:12:10,1,1,1,2026-05
TXN0000033329,ACC0007721,44141.22,SUCCESS,2026-03-25 02:57:30,1,1,1,2026-03
TXN0000033332,ACC0024428,7925.02,SUCCESS,2026-07-14 20:31:08,1,1,1,2026-07
TXN0000033337,ACC0004922,140473.89,SUCCESS,2026-02-26 23:12:55,1,1,1,2026-02
TXN0000033345,ACC0027606,95982.27,SUCCESS,2026-04-25 10:29:10,1,1,1,2026-04
TXN0000033354,ACC0011385,108361.66,SUCCESS,2026-03-22 05:19:13,1,1,1,2026-03
TXN0000033357,ACC0013803,33972.39,SUCCESS,2026-04-21 08:22:29,1,1,1,2026-04
TXN0000033359,ACC0029308,11110.06,SUCCESS,2026-06-19 23:56:30,1,1,1,2026-06
TXN0000033360,ACC0013549,149152.49,SUCCESS,2026-08-06 16:44:02,1,1,1,2026-08
TXN0000033364,ACC0023387,22450.54,SUCCESS,2026-03-18 22:07:07,1,1,1,2026-03
TXN0000033372,ACC0024358,114446.26,SUCCESS,2026-01-29 11:02:03,1,1,1,2026-01
TXN0000033380,ACC0014690,7567.96,SUCCESS,2026-08-02 18:17:23,1,1,1,2026-08
TXN0000033381,ACC0014936,13416.94,SUCCESS,2026-02-09 16:12:24,1,1,1,2026-02
TXN0000033382,ACC0007216,62277.21,SUCCESS,2026-06-24 04:37:47,1,1,1,2026-06
TXN0000033390,ACC0014182,2754.42,SUCCESS,2026-03-10 13:07:36,1,1,1,2026-03
TXN0000033394,ACC0019543,7973.03,SUCCESS,2026-02-17 23:25:15,1,1,1,2026-02
TXN0000033404,ACC0017291,2437.23,SUCCESS,2026-02-22 08:09:39,1,1,1,2026-02
TXN0000033410,ACC0028512,132290.18,SUCCESS,2026-03-31 12:37:25,1,1,1,2026-03
TXN0000033411,ACC0025342,137723.04,SUCCESS,2026-07-13 08:08:14,1,1,1,2026-07
TXN0000033412,ACC0012375,146136.93,SUCCESS,2026-07-27 09:47:10,1,1,1,2026-07
TXN0000033419,ACC0008648,64410.93,SUCCESS,2026-04-13 06:47:49,1,1,1,2026-04
TXN0000033436,ACC0014205,53752.91,SUCCESS,2026-03-04 06:19:44,1,1,1,2026-03
TXN0000033441,ACC0028588,52680.37,SUCCESS,2026-05-11 11:12:45,1,1,1,2026-05
TXN0000033452,ACC0017365,91094.82,SUCCESS,2026-04-04 07:53:17,1,1,1,2026-04
TXN0000033456,ACC0022123,51737.57,SUCCESS,2026-01-20 11:13:41,1,1,1,2026-01
TXN0000033461,ACC0002444,135863.88,SUCCESS,2026-05-21 11:29:52,1,1,1,2026-05
TXN0000033462,ACC0004968,94249.32,SUCCESS,2026-05-08 00:03:06,1,1,1,2026-05
TXN0000033469,ACC0018939,87470.2,SUCCESS,2026-03-25 10:08:16,1,1,1,2026-03
TXN0000033470,ACC0020007,89988.76,SUCCESS,2026-08-05 09:53:03,1,1,1,2026-08
TXN0000033475,ACC0008659,7016.88,SUCCESS,2026-03-04 15:05:37,1,1,1,2026-03
TXN0000033478,ACC0021038,54045.38,SUCCESS,2026-03-15 20:54:26,1,1,1,2026-03
TXN0000033485,ACC0016976,42781.7,SUCCESS,2026-04-29 05:40:44,1,1,1,2026-04
TXN0000033492,ACC0003781,72370.55,SUCCESS,2026-01-06 14:13:05,1,1,1,2026-01
TXN0000033496,ACC0000641,41461.21,SUCCESS,2026-01-08 19:25:58,1,1,1,2026-01
TXN0000033525,ACC0005699,34526.47,SUCCESS,2026-02-08 23:21:07,1,1,1,2026-02
TXN0000033529,ACC0003847,136272.48,SUCCESS,2026-06-11 21:50:21,1,1,1,2026-06
TXN0000033531,ACC0022680,117654.16,SUCCESS,2026-06-16 08:16:16,1,1,1,2026-06
TXN0000033532,ACC0020346,16459.31,SUCCESS,2026-03-11 23:35:55,1,1,1,2026-03
TXN0000033533,ACC0023306,7246.74,SUCCESS,2026-06-15 02:35:54,1,1,1,2026-06
TXN0000033534,ACC0002647,99325.7,SUCCESS,2026-01-07 16:05:00,1,1,1,2026-01
TXN0000033535,ACC0028356,47000.48,SUCCESS,2026-01-10 06:00:26,1,1,1,2026-01
TXN0000033536,ACC0013396,18999.43,SUCCESS,2026-03-30 20:09:52,1,1,1,2026-03
TXN0000033548,ACC0001495,35384.87,SUCCESS,2026-06-01 01:47:15,1,1,1,2026-06
TXN0000033550,ACC0017344,26008.63,SUCCESS,2026-04-21 09:18:57,1,1,1,2026-04
TXN0000033555,ACC0029158,30313.2,SUCCESS,2026-01-04 06:11:08,1,1,1,2026-01
TXN0000033559,ACC0016525,60121.04,SUCCESS,2026-05-06 05:04:28,1,1,1,2026-05
TXN0000033560,ACC0012306,10731.38,SUCCESS,2026-01-18 09:34:22,1,1,1,2026-01
TXN0000033571,ACC0022460,84083.92,SUCCESS,2026-01-05 21:44:35,1,1,1,2026-01
TXN0000033574,ACC0025004,113412.1,SUCCESS,2026-02-17 22:02:51,1,1,1,2026-02
TXN0000033576,ACC0010229,60700.86,SUCCESS,2026-03-26 02:30:35,1,1,1,2026-03
TXN0000033579,ACC0012127,18660.77,SUCCESS,2026-06-05 15:49:36,1,1,1,2026-06
TXN0000033602,ACC0013138,143014.65,SUCCESS,2026-03-21 19:04:41,1,1,1,2026-03
TXN0000033607,ACC0015463,2745.13,SUCCESS,2026-07-29 15:18:59,1,1,1,2026-07
TXN0000033625,ACC0017241,124813.25,SUCCESS,2026-07-15 22:19:15,1,1,1,2026-07
TXN0000033636,ACC0001268,95043.24,SUCCESS,2026-07-25 10:42:06,1,1,1,2026-07
TXN0000033639,ACC0010810,136843.62,SUCCESS,2026-02-13 07:39:36,1,1,1,2026-02
TXN0000033643,ACC0018480,58504.28,SUCCESS,2026-04-25 01:11:00,1,1,1,2026-04
TXN0000033649,ACC0019256,45164.21,SUCCESS,2026-01-06 10:53:03,1,1,1,2026-01
TXN0000033657,ACC0001037,28360.91,SUCCESS,2026-05-05 04:52:05,1,1,1,2026-05
TXN0000033670,ACC0003725,21046.88,SUCCESS,2026-01-13 08:28:47,1,1,1,2026-01
TXN0000033684,ACC0002620,141136.79,SUCCESS,2026-01-12 00:27:46,1,1,1,2026-01
TXN0000033686,ACC0011060,43406.09,SUCCESS,2026-07-06 18:48:16,1,1,1,2026-07
TXN0000033687,ACC0017943,119436.75,SUCCESS,2026-05-18 20:55:36,1,1,1,2026-05
TXN0000033700,ACC0021979,136636.08,SUCCESS,2026-07-12 14:29:47,1,1,1,2026-07
TXN0000033701,ACC0010587,35587.9,SUCCESS,2026-04-06 00:25:44,1,1,1,2026-04
TXN0000033714,ACC0009805,7182.68,SUCCESS,2026-03-02 23:43:13,1,1,1,2026-03
TXN0000033727,ACC0000249,18490.52,SUCCESS,2026-08-06 03:54:06,1,1,1,2026-08
TXN0000033728,ACC0022279,39215.51,SUCCESS,2026-04-14 12:19:33,1,1,1,2026-04
TXN0000033740,ACC0003740,83244.4,SUCCESS,2026-05-13 22:45:05,1,1,1,2026-05
TXN0000033745,ACC0016161,37871.1,SUCCESS,2026-07-15 02:10:26,1,1,1,2026-07
TXN0000033747,ACC0001025,78908.77,SUCCESS,2026-01-20 20:40:49,1,1,1,2026-01
TXN0000033750,ACC0001946,11668.55,SUCCESS,2026-03-20 03:34:24,1,1,1,2026-03
TXN0000033753,ACC0026579,132068.36,SUCCESS,2026-03-24 02:14:06,1,1,1,2026-03
TXN0000033758,ACC0018721,83388.86,SUCCESS,2026-02-03 23:55:56,1,1,1,2026-02
TXN0000033766,ACC0003338,131575.58,SUCCESS,2026-05-13 01:54:02,1,1,1,2026-05
TXN0000033767,ACC0015657,120911.45,SUCCESS,2026-01-25 06:28:35,1,1,1,2026-01
TXN0000033778,ACC0025782,147917.94,SUCCESS,2026-05-01 04:07:49,1,1,1,2026-05
TXN0000033784,ACC0020049,91904.23,SUCCESS,2026-06-28 16:10:14,1,1,1,2026-06
TXN0000033785,ACC0027254,96251.67,SUCCESS,2026-05-28 19:45:56,1,1,1,2026-05
TXN0000033789,ACC0004572,10883.84,SUCCESS,2026-06-26 16:20:36,1,1,1,2026-06
TXN0000033793,ACC0001259,6208.19,SUCCESS,2026-05-21 20:08:33,1,1,1,2026-05
TXN0000033795,ACC0015491,56838.24,SUCCESS,2026-04-30 01:57:46,1,1,1,2026-04
TXN0000033796,ACC0013609,132484.81,SUCCESS,2026-04-16 22:45:14,1,1,1,2026-04
TXN0000033809,ACC0026714,146627.07,SUCCESS,2026-04-13 09:17:08,1,1,1,2026-04
TXN0000033814,ACC0017985,35396.14,SUCCESS,2026-04-29 05:49:59,1,1,1,2026-04
TXN0000033816,ACC0014083,31130.82,SUCCESS,2026-07-09 20:38:10,1,1,1,2026-07
TXN0000033827,ACC0000410,17039.72,SUCCESS,2026-04-16 10:13:43,1,1,1,2026-04
TXN0000033836,ACC0012555,73201.48,SUCCESS,2026-06-16 01:36:32,1,1,1,2026-06
TXN0000033839,ACC0015811,67958.1,SUCCESS,2026-05-10 18:00:35,1,1,1,2026-05
TXN0000033840,ACC0004600,9790.01,SUCCESS,2026-02-01 23:32:29,1,1,1,2026-02
TXN0000033858,ACC0014830,115329.51,SUCCESS,2026-05-10 06:32:25,1,1,1,2026-05
TXN0000033869,ACC0027348,49208.88,SUCCESS,2026-04-13 09:00:51,1,2,1,2026-04
TXN0000033887,ACC0007532,69870.33,SUCCESS,2026-03-25 11:01:48,1,1,1,2026-03
TXN0000033893,ACC0028488,113774.08,SUCCESS,2026-01-12 00:51:58,1,1,1,2026-01
TXN0000033900,ACC0024415,49749.93,SUCCESS,2026-04-21 10:19:25,1,1,1,2026-04
TXN0000033907,ACC0028730,47847.77,SUCCESS,2026-01-29 20:01:51,1,1,1,2026-01
TXN0000033930,ACC0025020,114593.75,SUCCESS,2026-02-17 00:21:42,1,1,1,2026-02
TXN0000033932,ACC0014656,42617.09,SUCCESS,2026-01-14 21:46:17,1,1,1,2026-01
TXN0000033938,ACC0020123,114675.84,SUCCESS,2026-03-13 05:17:02,1,1,1,2026-03
TXN0000033939,ACC0007841,114000.8,SUCCESS,2026-07-02 08:18:54,1,1,1,2026-07
TXN0000033940,ACC0029553,115339.42,SUCCESS,2026-07-16 15:09:31,1,1,1,2026-07
TXN0000033942,ACC0001324,33423.78,SUCCESS,2026-06-19 06:08:48,1,1,1,2026-06
TXN0000033950,ACC0001640,39930.06,SUCCESS,2026-01-03 11:50:35,1,1,1,2026-01
TXN0000033954,ACC0020918,26753.03,SUCCESS,2026-04-14 00:28:05,1,1,1,2026-04
TXN0000033956,ACC0025191,13036.77,SUCCESS,2026-05-14 17:17:42,1,1,1,2026-05
TXN0000033959,ACC0029316,12797.36,SUCCESS,2026-04-02 13:51:36,1,1,1,2026-04
TXN0000033964,ACC0018176,113867.87,SUCCESS,2026-02-09 13:38:01,1,1,1,2026-02
TXN0000033977,ACC0008881,26653.04,SUCCESS,2026-02-17 00:57:20,1,1,1,2026-02
TXN0000033979,ACC0021211,73821.26,SUCCESS,2026-07-07 08:14:40,1,1,1,2026-07
TXN0000033984,ACC0016562,113082.03,SUCCESS,2026-02-13 05:13:27,1,1,1,2026-02
TXN0000033985,ACC0020205,83388.07,SUCCESS,2026-06-11 00:27:41,1,2,1,2026-06
TXN0000033989,ACC0018124,95678.74,SUCCESS,2026-07-26 16:22:06,1,1,1,2026-07
TXN0000033991,ACC0001975,23211.07,SUCCESS,2026-05-18 07:36:35,1,1,1,2026-05
TXN0000033994,ACC0018766,84509.36,SUCCESS,2026-04-02 08:36:29,1,1,1,2026-04
TXN0000033997,ACC0005634,6594.69,SUCCESS,2026-03-26 20:42:09,1,1,1,2026-03
TXN0000034007,ACC0003001,145097.92,SUCCESS,2026-05-20 09:53:32,1,1,1,2026-05
TXN0000034008,ACC0011454,133942.79,SUCCESS,2026-02-16 08:24:42,1,1,1,2026-02
TXN0000034009,ACC0015075,24965.91,SUCCESS,2026-06-02 12:02:25,1,1,1,2026-06
TXN0000034010,ACC0022342,7131.92,SUCCESS,2026-05-16 20:36:48,1,1,1,2026-05
TXN0000034012,ACC0025960,120660.16,SUCCESS,2026-03-22 12:09:49,1,1,1,2026-03
TXN0000034013,ACC0005855,11046.07,SUCCESS,2026-02-20 09:13:16,1,1,1,2026-02
TXN0000034026,ACC0001565,129934.98,SUCCESS,2026-02-01 11:58:40,1,1,1,2026-02
TXN0000034035,ACC0009451,76392.07,SUCCESS,2026-06-09 08:22:25,1,1,1,2026-06
TXN0000034036,ACC0007798,52897.85,SUCCESS,2026-01-16 09:33:44,1,1,1,2026-01
TXN0000034043,ACC0017722,4230.88,SUCCESS,2026-02-24 06:45:55,1,1,1,2026-02
TXN0000034048,ACC0020648,52105.69,SUCCESS,2026-07-04 06:02:17,1,1,1,2026-07
TXN0000034051,ACC0024929,143647.27,SUCCESS,2026-06-10 08:17:18,1,1,1,2026-06
TXN0000034063,ACC0006069,60225.8,SUCCESS,2026-01-02 17:25:36,1,1,1,2026-01
TXN0000034064,ACC0016461,138034.16,SUCCESS,2026-01-25 13:49:00,1,1,1,2026-01
TXN0000034075,ACC0001087,86555.14,SUCCESS,2026-05-24 12:35:13,1,1,1,2026-05
TXN0000034077,ACC0027303,146745.8,SUCCESS,2026-03-08 11:53:07,1,1,1,2026-03
TXN0000034083,ACC0010382,63537.78,SUCCESS,2026-04-11 06:03:59,1,1,1,2026-04
TXN0000034087,ACC0022246,38457.36,SUCCESS,2026-02-13 03:04:19,1,1,1,2026-02
TXN0000034096,ACC0027491,32309.0,SUCCESS,2026-05-07 08:08:17,1,1,1,2026-05
TXN0000034100,ACC0000934,140996.88,SUCCESS,2026-05-01 10:17:15,1,1,1,2026-05
TXN0000034101,ACC0017192,63829.43,SUCCESS,2026-05-15 01:38:23,1,1,1,2026-05
TXN0000034102,ACC0008499,64489.07,SUCCESS,2026-08-02 21:09:13,1,1,1,2026-08
TXN0000034103,ACC0004579,94394.04,SUCCESS,2026-04-21 21:23:04,1,1,1,2026-04
TXN0000034104,ACC0028488,23086.82,SUCCESS,2026-01-23 15:46:15,1,1,1,2026-01
TXN0000034107,ACC0009427,65055.91,SUCCESS,2026-04-13 03:59:37,1,1,1,2026-04
TXN0000034108,ACC0022743,88279.19,SUCCESS,2026-01-05 08:26:35,1,1,1,2026-01
TXN0000034117,ACC0014591,74452.82,SUCCESS,2026-02-17 06:42:23,1,1,1,2026-02
TXN0000034118,ACC0027041,49825.4,SUCCESS,2026-07-05 19:33:47,1,1,1,2026-07
TXN0000034123,ACC0003738,90705.78,SUCCESS,2026-05-28 23:50:38,1,1,1,2026-05
TXN0000034130,ACC0006500,99846.79,SUCCESS,2026-03-26 15:55:50,1,1,1,2026-03
TXN0000034131,ACC0012717,24199.06,SUCCESS,2026-01-04 22:38:55,1,1,1,2026-01
TXN0000034135,ACC0023762,14595.61,SUCCESS,2026-02-22 13:53:39,1,1,1,2026-02
TXN0000034141,ACC0025357,99708.48,SUCCESS,2026-04-16 06:34:47,1,1,1,2026-04
TXN0000034144,ACC0006412,127788.07,SUCCESS,2026-02-19 22:22:33,1,1,1,2026-02
TXN0000034172,ACC0007401,61864.86,SUCCESS,2026-02-06 22:46:55,1,1,1,2026-02
TXN0000034200,ACC0011615,107128.48,SUCCESS,2026-01-23 14:14:06,1,1,1,2026-01
TXN0000034216,ACC0011693,125879.08,SUCCESS,2026-03-08 20:11:16,1,1,1,2026-03
TXN0000034219,ACC0019445,115025.26,SUCCESS,2026-06-14 15:24:03,1,1,1,2026-06
TXN0000034224,ACC0021210,137670.92,SUCCESS,2026-06-15 23:49:37,1,1,1,2026-06
TXN0000034229,ACC0026534,143675.02,SUCCESS,2026-07-16 05:03:51,1,1,1,2026-07
TXN0000034232,ACC0016066,32877.89,SUCCESS,2026-02-05 12:06:44,1,1,1,2026-02
TXN0000034239,ACC0019394,66217.35,SUCCESS,2026-03-23 16:03:50,1,1,1,2026-03
TXN0000034242,ACC0004816,123404.77,SUCCESS,2026-06-30 18:13:38,1,1,1,2026-06
TXN0000034249,ACC0006926,55483.26,SUCCESS,2026-02-08 13:53:23,1,1,1,2026-02
TXN0000034250,ACC0006513,83343.97,SUCCESS,2026-06-22 02:56:29,1,1,1,2026-06
TXN0000034270,ACC0006491,107814.41,SUCCESS,2026-07-15 02:23:20,1,1,1,2026-07
TXN0000034273,ACC0013030,56753.07,SUCCESS,2026-07-05 14:43:24,1,1,1,2026-07
TXN0000034274,ACC0026817,52020.04,SUCCESS,2026-04-07 10:28:59,1,1,1,2026-04
TXN0000034282,ACC0026809,11673.45,SUCCESS,2026-07-18 16:50:45,1,1,1,2026-07
TXN0000034286,ACC0016745,142403.58,SUCCESS,2026-02-23 05:40:14,1,1,1,2026-02
TXN0000034287,ACC0004232,30187.98,SUCCESS,2026-03-09 11:55:16,1,1,1,2026-03
TXN0000034308,ACC0024657,37814.23,SUCCESS,2026-04-12 20:38:45,1,1,1,2026-04
TXN0000034321,ACC0025774,106936.72,SUCCESS,2026-03-05 06:44:12,1,1,1,2026-03
TXN0000034324,ACC0010069,94453.46,SUCCESS,2026-04-18 22:53:16,1,1,1,2026-04
TXN0000034325,ACC0006521,133113.06,SUCCESS,2026-01-15 17:34:50,1,1,1,2026-01
TXN0000034329,ACC0004891,109965.63,SUCCESS,2026-01-02 10:31:12,1,1,1,2026-01
TXN0000034333,ACC0012769,65629.0,SUCCESS,2026-01-16 07:54:17,1,1,1,2026-01
TXN0000034337,ACC0006483,93867.39,SUCCESS,2026-04-29 11:41:05,1,1,1,2026-04
TXN0000034344,ACC0009964,137904.25,SUCCESS,2026-04-20 03:06:24,1,1,1,2026-04
TXN0000034347,ACC0019099,112391.93,SUCCESS,2026-07-06 01:56:27,1,1,1,2026-07
TXN0000034348,ACC0026897,9811.47,SUCCESS,2026-04-06 00:02:56,1,1,1,2026-04
TXN0000034352,ACC0020829,118733.29,SUCCESS,2026-08-04 05:38:37,1,1,1,2026-08
TXN0000034365,ACC0012470,7476.54,SUCCESS,2026-01-26 20:18:13,1,1,1,2026-01
TXN0000034374,ACC0017629,140663.07,SUCCESS,2026-06-30 22:15:25,1,1,1,2026-06
TXN0000034377,ACC0015262,124526.8,SUCCESS,2026-02-03 11:12:09,1,1,1,2026-02
TXN0000034379,ACC0008326,75161.16,SUCCESS,2026-02-06 07:40:07,1,1,1,2026-02
TXN0000034400,ACC0002654,101921.63,SUCCESS,2026-02-19 13:20:58,1,1,1,2026-02
TXN0000034402,ACC0020700,134534.31,SUCCESS,2026-03-12 23:18:25,1,1,1,2026-03
TXN0000034422,ACC0008165,131158.2,SUCCESS,2026-04-26 23:19:36,1,1,1,2026-04
TXN0000034423,ACC0013650,55299.29,SUCCESS,2026-04-05 15:16:46,1,1,1,2026-04
TXN0000034429,ACC0022736,61170.6,SUCCESS,2026-03-05 01:51:54,1,1,1,2026-03
TXN0000034435,ACC0019498,5535.49,SUCCESS,2026-04-30 06:28:36,1,1,1,2026-04
TXN0000034437,ACC0013523,141216.48,SUCCESS,2026-02-27 09:04:07,1,1,1,2026-02
TXN0000034440,ACC0022284,16415.07,SUCCESS,2026-04-16 01:04:33,1,1,1,2026-04
TXN0000034443,ACC0006862,50418.24,SUCCESS,2026-03-14 22:04:03,1,1,1,2026-03
TXN0000034447,ACC0013406,111229.31,SUCCESS,2026-07-12 11:54:17,1,1,1,2026-07
TXN0000034455,ACC0025780,35617.38,SUCCESS,2026-02-26 15:51:38,1,1,1,2026-02
TXN0000034477,ACC0027945,136248.49,SUCCESS,2026-05-11 18:27:40,1,1,1,2026-05
TXN0000034478,ACC0022963,40690.73,SUCCESS,2026-03-16 03:17:59,1,1,1,2026-03
TXN0000034480,ACC0007508,56784.44,SUCCESS,2026-04-19 20:24:35,1,1,1,2026-04
TXN0000034506,ACC0014711,4759.47,SUCCESS,2026-04-06 01:21:38,1,1,1,2026-04
TXN0000034511,ACC0022474,84905.85,SUCCESS,2026-08-02 22:05:55,1,1,1,2026-08
TXN0000034516,ACC0012067,15484.15,SUCCESS,2026-02-16 03:34:45,1,1,1,2026-02
TXN0000034518,ACC0005402,65901.35,SUCCESS,2026-03-17 22:36:54,1,1,1,2026-03
TXN0000034522,ACC0016638,116550.26,SUCCESS,2026-02-02 20:18:51,1,1,1,2026-02
TXN0000034528,ACC0006004,7857.42,SUCCESS,2026-01-22 18:15:36,1,1,1,2026-01
TXN0000034530,ACC0028947,136592.6,SUCCESS,2026-07-04 02:24:09,1,1,1,2026-07
TXN0000034542,ACC0005297,52854.18,SUCCESS,2026-01-18 01:34:21,1,1,1,2026-01
TXN0000034544,ACC0014009,67190.7,SUCCESS,2026-05-16 17:40:22,1,1,1,2026-05
TXN0000034550,ACC0029155,10539.84,SUCCESS,2026-06-07 04:39:20,1,1,1,2026-06
TXN0000034552,ACC0013668,27609.21,SUCCESS,2026-03-14 08:29:58,1,1,1,2026-03
TXN0000034555,ACC0000937,33656.56,SUCCESS,2026-07-25 22:40:50,1,1,1,2026-07
TXN0000034560,ACC0025130,130273.82,SUCCESS,2026-03-31 17:57:50,1,1,1,2026-03
TXN0000034561,ACC0026181,125484.73,SUCCESS,2026-01-04 13:13:08,1,1,1,2026-01
TXN0000034566,ACC0004335,134541.65,SUCCESS,2026-01-07 13:32:34,1,1,1,2026-01
TXN0000034571,ACC0010122,31093.86,SUCCESS,2026-06-03 22:19:29,1,1,1,2026-06
TXN0000034579,ACC0008811,39195.96,SUCCESS,2026-03-13 13:45:11,1,1,1,2026-03
TXN0000034580,ACC0006009,115458.47,SUCCESS,2026-05-11 20:27:56,1,1,1,2026-05
TXN0000034587,ACC0015446,133157.29,SUCCESS,2026-03-08 12:49:20,1,1,1,2026-03
TXN0000034591,ACC0026687,83515.38,SUCCESS,2026-08-03 01:29:01,1,1,1,2026-08
TXN0000034598,ACC0015345,121243.61,SUCCESS,2026-06-13 06:17:20,1,1,1,2026-06
TXN0000034600,ACC0021798,50770.97,SUCCESS,2026-07-25 23:24:35,1,1,1,2026-07
TXN0000034606,ACC0010678,109285.1,SUCCESS,2026-04-25 01:46:30,1,1,1,2026-04
TXN0000034616,ACC0020862,137725.8,SUCCESS,2026-03-17 09:24:58,1,1,1,2026-03
TXN0000034620,ACC0020499,147800.9,SUCCESS,2026-07-30 12:42:02,1,1,1,2026-07
TXN0000034628,ACC0026370,37031.54,SUCCESS,2026-01-30 09:22:10,1,1,1,2026-01
TXN0000034641,ACC0009588,129503.78,SUCCESS,2026-03-29 15:00:24,1,1,1,2026-03
TXN0000034644,ACC0020650,103146.02,SUCCESS,2026-04-23 18:44:38,1,1,1,2026-04
TXN0000034646,ACC0027902,54788.83,SUCCESS,2026-01-08 06:02:51,1,1,1,2026-01
TXN0000034649,ACC0001239,16262.84,SUCCESS,2026-01-28 07:29:36,1,1,1,2026-01
TXN0000034653,ACC0019407,38276.78,SUCCESS,2026-02-24 08:36:41,1,2,1,2026-02
TXN0000034656,ACC0017440,110959.63,SUCCESS,2026-04-08 13:40:35,1,1,1,2026-04
TXN0000034658,ACC0019800,122099.77,SUCCESS,2026-06-19 01:18:52,1,1,1,2026-06
TXN0000034661,ACC0029350,114948.82,SUCCESS,2026-02-01 19:13:03,1,1,1,2026-02
TXN0000034663,ACC0023217,32829.96,SUCCESS,2026-04-01 06:26:48,1,1,1,2026-04
TXN0000034664,ACC0016722,56581.21,SUCCESS,2026-06-24 03:20:45,1,1,1,2026-06
TXN0000034681,ACC0023169,11923.38,SUCCESS,2026-05-11 17:15:39,1,1,1,2026-05
TXN0000034689,ACC0007977,4190.0,SUCCESS,2026-01-18 07:49:37,1,1,1,2026-01
TXN0000034700,ACC0019129,30876.04,SUCCESS,2026-08-01 04:16:33,1,1,1,2026-08
TXN0000034713,ACC0007849,60548.25,SUCCESS,2026-06-25 11:06:11,1,1,1,2026-06
TXN0000034717,ACC0023028,99245.38,SUCCESS,2026-06-30 03:42:08,1,1,1,2026-06
TXN0000034727,ACC0026954,148808.55,SUCCESS,2026-08-07 12:05:35,1,1,1,2026-08
TXN0000034738,ACC0024780,81516.19,SUCCESS,2026-07-01 13:56:14,1,1,1,2026-07
TXN0000034743,ACC0000843,138455.28,SUCCESS,2026-05-15 07:51:27,1,1,1,2026-05
TXN0000034745,ACC0016587,129157.13,SUCCESS,2026-07-12 11:41:54,1,1,1,2026-07
TXN0000034750,ACC0018497,7950.57,SUCCESS,2026-02-19 08:20:39,1,1,1,2026-02
TXN0000034752,ACC0012677,97536.21,SUCCESS,2026-05-04 15:50:33,1,1,1,2026-05
TXN0000034763,ACC0019715,8327.93,SUCCESS,2026-06-08 19:12:54,1,1,1,2026-06
TXN0000034768,ACC0018253,32289.34,SUCCESS,2026-01-31 20:48:36,1,1,1,2026-01
TXN0000034776,ACC0011842,28362.83,SUCCESS,2026-06-03 04:56:44,1,1,1,2026-06
TXN0000034777,ACC0028852,125404.34,SUCCESS,2026-02-16 05:53:49,1,2,1,2026-02
TXN0000034788,ACC0012525,17582.64,SUCCESS,2026-03-30 17:25:29,1,1,1,2026-03
TXN0000034799,ACC0024690,71426.47,SUCCESS,2026-05-20 15:40:51,1,1,1,2026-05
TXN0000034801,ACC0001841,36244.04,SUCCESS,2026-07-20 13:45:21,1,1,1,2026-07
TXN0000034803,ACC0007618,71517.32,SUCCESS,2026-02-19 16:22:29,1,2,1,2026-02
TXN0000034807,ACC0013578,13119.88,SUCCESS,2026-02-04 14:27:42,1,1,1,2026-02
TXN0000034811,ACC0009794,77626.45,SUCCESS,2026-01-29 09:29:44,1,1,1,2026-01
TXN0000034822,ACC0019629,143614.65,SUCCESS,2026-01-27 10:37:27,1,1,1,2026-01
TXN0000034833,ACC0007451,14820.13,SUCCESS,2026-01-30 09:08:36,1,1,1,2026-01
TXN0000034840,ACC0010248,82805.05,SUCCESS,2026-01-16 03:07:08,1,1,1,2026-01
TXN0000034846,ACC0022620,101205.16,SUCCESS,2026-01-04 00:08:10,1,1,1,2026-01
TXN0000034847,ACC0025177,77292.65,SUCCESS,2026-04-12 00:57:32,1,1,1,2026-04
TXN0000034850,ACC0011618,72655.21,SUCCESS,2026-01-31 11:24:10,1,1,1,2026-01
TXN0000034867,ACC0000658,85916.04,SUCCESS,2026-06-22 07:25:59,1,1,1,2026-06
TXN0000034871,ACC0025191,112272.64,SUCCESS,2026-06-02 12:36:12,1,1,1,2026-06
TXN0000034875,ACC0026125,55409.26,SUCCESS,2026-01-08 09:29:06,1,1,1,2026-01
TXN0000034877,ACC0017616,95288.69,SUCCESS,2026-02-24 20:21:10,1,1,1,2026-02
TXN0000034882,ACC0003522,38435.77,SUCCESS,2026-05-12 01:32:57,1,1,1,2026-05
TXN0000034894,ACC0020869,62296.34,SUCCESS,2026-05-24 05:11:12,1,1,1,2026-05
TXN0000034895,ACC0005109,55102.3,SUCCESS,2026-02-20 22:24:15,1,1,1,2026-02
TXN0000034900,ACC0005769,43588.96,SUCCESS,2026-02-17 08:18:20,1,1,1,2026-02
TXN0000034906,ACC0019621,46276.67,SUCCESS,2026-07-23 08:36:51,1,1,1,2026-07
TXN0000034908,ACC0019767,85279.78,SUCCESS,2026-08-01 09:40:24,1,1,1,2026-08
TXN0000034910,ACC0024101,122517.54,SUCCESS,2026-02-27 22:22:59,1,1,1,2026-02
TXN0000034911,ACC0014249,29445.63,SUCCESS,2026-06-11 22:30:14,1,1,1,2026-06
TXN0000034913,ACC0008992,86020.73,SUCCESS,2026-05-10 11:08:52,1,1,1,2026-05
TXN0000034915,ACC0026302,21320.57,SUCCESS,2026-06-28 20:26:49,1,1,1,2026-06
TXN0000034922,ACC0008914,52784.88,SUCCESS,2026-03-24 10:42:52,1,1,1,2026-03
TXN0000034928,ACC0011755,93338.78,SUCCESS,2026-04-28 08:09:44,1,1,1,2026-04
TXN0000034932,ACC0028808,61318.74,SUCCESS,2026-07-14 03:01:34,1,1,1,2026-07
TXN0000034933,ACC0005060,76443.74,SUCCESS,2026-01-16 18:30:02,1,1,1,2026-01
TXN0000034949,ACC0023544,15077.69,SUCCESS,2026-04-24 02:30:56,1,1,1,2026-04
TXN0000034950,ACC0021429,142924.49,SUCCESS,2026-01-28 16:36:03,1,1,1,2026-01
TXN0000034951,ACC0010025,134116.57,SUCCESS,2026-01-08 13:29:12,1,1,1,2026-01
TXN0000034955,ACC0008318,7124.34,SUCCESS,2026-02-17 11:11:24,1,1,1,2026-02
TXN0000034958,ACC0018866,143927.13,SUCCESS,2026-04-29 00:18:17,1,1,1,2026-04
TXN0000034964,ACC0028993,33502.3,SUCCESS,2026-04-08 16:39:57,1,1,1,2026-04
TXN0000034967,ACC0019673,99461.14,SUCCESS,2026-01-27 03:58:25,1,1,1,2026-01
TXN0000034969,ACC0027792,142924.38,SUCCESS,2026-07-05 23:47:18,1,1,1,2026-07
TXN0000034970,ACC0027408,64553.24,SUCCESS,2026-07-28 16:34:21,1,1,1,2026-07
TXN0000034975,ACC0002609,122017.73,SUCCESS,2026-01-23 21:19:57,1,1,1,2026-01
TXN0000034977,ACC0029554,70537.66,SUCCESS,2026-05-18 07:29:47,1,1,1,2026-05
TXN0000034983,ACC0022884,139994.17,SUCCESS,2026-07-18 13:59:35,1,1,1,2026-07
TXN0000034984,ACC0029098,113074.89,SUCCESS,2026-01-31 18:19:41,1,1,1,2026-01
TXN0000034988,ACC0013846,100281.85,SUCCESS,2026-03-20 00:55:11,1,1,1,2026-03
TXN0000035000,ACC0007224,87130.35,SUCCESS,2026-06-11 03:21:57,1,1,1,2026-06
TXN0000035005,ACC0011675,50746.08,SUCCESS,2026-01-30 19:24:32,1,2,1,2026-01
TXN0000035007,ACC0005701,132652.31,SUCCESS,2026-04-10 05:24:37,1,1,1,2026-04
TXN0000035008,ACC0008290,87512.9,SUCCESS,2026-02-02 03:08:44,1,1,1,2026-02
TXN0000035023,ACC0026228,86300.09,SUCCESS,2026-07-08 02:02:09,1,1,1,2026-07
TXN0000035027,ACC0022676,149679.59,SUCCESS,2026-08-04 08:01:08,1,1,1,2026-08
TXN0000035031,ACC0007040,48995.95,SUCCESS,2026-07-31 23:04:35,1,1,1,2026-07
TXN0000035035,ACC0028370,116504.67,SUCCESS,2026-05-16 07:17:39,1,1,1,2026-05
TXN0000035043,ACC0015241,84063.42,SUCCESS,2026-01-18 05:36:04,1,1,1,2026-01
TXN0000035049,ACC0020423,19046.76,SUCCESS,2026-07-17 05:23:55,1,1,1,2026-07
TXN0000035050,ACC0014978,144611.91,SUCCESS,2026-02-26 10:36:49,1,1,1,2026-02
TXN0000035053,ACC0017017,59815.8,SUCCESS,2026-07-20 16:46:17,1,1,1,2026-07
TXN0000035054,ACC0010440,20410.23,SUCCESS,2026-01-14 15:01:23,1,1,1,2026-01
TXN0000035083,ACC0019502,56332.3,SUCCESS,2026-07-25 07:14:39,1,1,1,2026-07
TXN0000035085,ACC0011840,91952.92,SUCCESS,2026-02-11 19:41:05,1,1,1,2026-02
TXN0000035086,ACC0028782,78607.58,SUCCESS,2026-06-02 18:12:49,1,1,1,2026-06
TXN0000035100,ACC0007400,94762.45,SUCCESS,2026-01-12 15:44:06,1,1,1,2026-01
TXN0000035104,ACC0024255,10542.29,SUCCESS,2026-04-16 15:04:32,1,1,1,2026-04
TXN0000035106,ACC0019902,5339.37,SUCCESS,2026-04-03 09:40:21,1,1,1,2026-04
TXN0000035131,ACC0010905,116893.88,SUCCESS,2026-03-10 15:44:03,1,1,1,2026-03
TXN0000035141,ACC0000635,28212.3,SUCCESS,2026-02-05 05:02:47,1,1,1,2026-02
TXN0000035146,ACC0009728,121810.24,SUCCESS,2026-07-26 11:56:18,1,1,1,2026-07
TXN0000035147,ACC0007921,90165.81,SUCCESS,2026-07-17 05:08:09,1,1,1,2026-07
TXN0000035152,ACC0004124,54930.64,SUCCESS,2026-02-08 00:45:12,1,1,1,2026-02
TXN0000035156,ACC0006712,35461.93,SUCCESS,2026-01-22 06:37:25,1,2,1,2026-01
TXN0000035162,ACC0002931,88885.9,SUCCESS,2026-07-16 20:02:31,1,1,1,2026-07
TXN0000035170,ACC0029314,98076.25,SUCCESS,2026-07-22 05:21:04,1,1,1,2026-07
TXN0000035179,ACC0001205,95121.71,SUCCESS,2026-02-15 03:38:47,1,1,1,2026-02
TXN0000035181,ACC0015852,97187.28,SUCCESS,2026-08-04 23:20:26,1,1,1,2026-08
TXN0000035184,ACC0015166,71989.61,SUCCESS,2026-06-20 04:36:33,1,1,1,2026-06
TXN0000035186,ACC0022569,141452.14,SUCCESS,2026-01-02 15:45:26,1,1,1,2026-01
TXN0000035200,ACC0028763,36361.86,SUCCESS,2026-05-02 02:03:01,1,1,1,2026-05
TXN0000035209,ACC0002659,2108.17,SUCCESS,2026-03-25 21:49:15,1,1,1,2026-03
TXN0000035217,ACC0020262,44922.61,SUCCESS,2026-06-03 06:36:20,1,1,1,2026-06
TXN0000035221,ACC0026392,89352.55,SUCCESS,2026-01-13 03:45:56,1,1,1,2026-01
TXN0000035234,ACC0025291,80080.18,SUCCESS,2026-01-24 21:18:53,1,1,1,2026-01
TXN0000035249,ACC0004689,10319.8,SUCCESS,2026-01-08 03:36:27,1,1,1,2026-01
TXN0000035260,ACC0002280,3474.69,SUCCESS,2026-04-26 11:13:50,1,1,1,2026-04
TXN0000035262,ACC0020149,15882.6,SUCCESS,2026-04-17 07:06:48,1,1,1,2026-04
TXN0000035276,ACC0027599,56951.04,SUCCESS,2026-02-28 13:18:04,1,1,1,2026-02
TXN0000035283,ACC0000937,86322.02,SUCCESS,2026-05-05 13:29:54,1,1,1,2026-05
TXN0000035297,ACC0013069,76010.83,SUCCESS,2026-04-09 18:59:44,1,1,1,2026-04
TXN0000035301,ACC0017105,136700.06,SUCCESS,2026-04-12 17:17:09,1,1,1,2026-04
TXN0000035302,ACC0028942,82748.18,SUCCESS,2026-05-07 10:04:26,1,1,1,2026-05
TXN0000035309,ACC0020418,41354.61,SUCCESS,2026-05-10 08:35:45,1,1,1,2026-05
TXN0000035312,ACC0020633,43526.96,SUCCESS,2026-06-20 08:49:16,1,1,1,2026-06
TXN0000035313,ACC0017042,49381.35,SUCCESS,2026-06-30 14:50:11,1,2,1,2026-06
TXN0000035315,ACC0007761,66215.94,SUCCESS,2026-06-25 23:27:42,1,1,1,2026-06
TXN0000035329,ACC0027434,45267.22,SUCCESS,2026-07-18 06:07:06,1,1,1,2026-07
TXN0000035333,ACC0012474,57332.88,SUCCESS,2026-07-21 22:27:59,1,1,1,2026-07
TXN0000035338,ACC0024694,57677.55,SUCCESS,2026-05-31 18:38:13,1,1,1,2026-05
TXN0000035339,ACC0000171,81432.93,SUCCESS,2026-05-13 02:55:17,1,1,1,2026-05
TXN0000035340,ACC0028424,11629.93,SUCCESS,2026-04-08 09:32:17,1,1,1,2026-04
TXN0000035343,ACC0003435,143919.9,SUCCESS,2026-04-20 05:14:34,1,1,1,2026-04
TXN0000035344,ACC0018602,19916.99,SUCCESS,2026-03-16 15:30:57,1,1,1,2026-03
TXN0000035347,ACC0020395,138332.2,SUCCESS,2026-03-14 22:04:25,1,1,1,2026-03
TXN0000035355,ACC0027790,20568.87,SUCCESS,2026-08-06 23:54:55,1,1,1,2026-08
TXN0000035356,ACC0011182,80373.45,SUCCESS,2026-07-11 04:42:17,1,1,1,2026-07
TXN0000035374,ACC0000842,88489.49,SUCCESS,2026-05-19 06:12:05,1,1,1,2026-05
TXN0000035375,ACC0002614,112745.33,SUCCESS,2026-06-13 12:15:12,1,1,1,2026-06
TXN0000035381,ACC0021012,31411.53,SUCCESS,2026-07-16 17:00:51,1,1,1,2026-07
TXN0000035382,ACC0026507,83096.01,SUCCESS,2026-01-24 17:55:31,1,1,1,2026-01
TXN0000035383,ACC0016206,112082.93,SUCCESS,2026-01-23 09:41:14,1,1,1,2026-01
TXN0000035395,ACC0006651,114040.35,SUCCESS,2026-03-05 06:04:57,1,1,1,2026-03
TXN0000035399,ACC0009059,40166.02,SUCCESS,2026-01-18 12:41:54,1,1,1,2026-01
TXN0000035408,ACC0018704,4250.22,SUCCESS,2026-02-05 02:51:33,1,1,1,2026-02
TXN0000035410,ACC0011114,115114.91,SUCCESS,2026-07-13 20:50:04,1,1,1,2026-07
TXN0000035415,ACC0012725,62242.03,SUCCESS,2026-06-18 11:24:56,1,1,1,2026-06
TXN0000035420,ACC0002201,145335.79,SUCCESS,2026-07-21 11:56:39,1,1,1,2026-07
TXN0000035422,ACC0016264,5070.35,SUCCESS,2026-04-20 08:36:35,1,1,1,2026-04
TXN0000035423,ACC0017543,66238.48,SUCCESS,2026-05-19 11:11:26,1,1,1,2026-05
TXN0000035424,ACC0002013,139429.69,SUCCESS,2026-07-08 10:01:30,1,1,1,2026-07
TXN0000035427,ACC0019317,123008.81,SUCCESS,2026-03-16 01:14:56,1,1,1,2026-03
TXN0000035429,ACC0012790,27200.76,SUCCESS,2026-06-09 13:41:01,1,1,1,2026-06
TXN0000035453,ACC0011120,114499.87,SUCCESS,2026-07-14 01:02:47,1,1,1,2026-07
TXN0000035460,ACC0027064,53660.37,SUCCESS,2026-03-13 18:25:59,1,1,1,2026-03
TXN0000035464,ACC0024957,117186.1,SUCCESS,2026-02-10 09:13:26,1,1,1,2026-02
TXN0000035473,ACC0019873,139481.26,SUCCESS,2026-03-06 07:50:36,1,1,1,2026-03
TXN0000035474,ACC0014579,149254.8,SUCCESS,2026-05-19 13:57:06,1,1,1,2026-05
TXN0000035475,ACC0019254,6189.23,SUCCESS,2026-05-26 00:32:29,1,1,1,2026-05
TXN0000035481,ACC0015827,28448.62,SUCCESS,2026-02-09 05:19:32,1,1,1,2026-02
TXN0000035484,ACC0026438,34429.55,SUCCESS,2026-05-21 05:14:27,1,1,1,2026-05
TXN0000035485,ACC0019749,93161.41,SUCCESS,2026-01-11 00:00:13,1,1,1,2026-01
TXN0000035489,ACC0004937,78158.08,SUCCESS,2026-03-17 12:45:52,1,1,1,2026-03
TXN0000035494,ACC0006018,97178.75,SUCCESS,2026-07-12 22:36:45,1,1,1,2026-07
TXN0000035502,ACC0013574,117047.45,SUCCESS,2026-01-29 23:57:21,1,1,1,2026-01
TXN0000035506,ACC0000650,146054.34,SUCCESS,2026-01-28 02:11:57,1,1,1,2026-01
TXN0000035509,ACC0018744,85459.84,SUCCESS,2026-02-23 19:08:40,1,1,1,2026-02
TXN0000035517,ACC0009975,128777.76,SUCCESS,2026-01-16 23:51:53,1,1,1,2026-01
TXN0000035518,ACC0026149,56858.1,SUCCESS,2026-01-31 04:47:23,1,1,1,2026-01
TXN0000035529,ACC0021528,86136.03,SUCCESS,2026-03-28 11:41:12,1,1,1,2026-03
TXN0000035532,ACC0023669,60138.2,SUCCESS,2026-04-02 00:28:43,1,1,1,2026-04
TXN0000035544,ACC0020129,111892.05,SUCCESS,2026-03-18 01:54:50,1,1,1,2026-03
TXN0000035557,ACC0001994,40769.53,SUCCESS,2026-05-31 00:05:53,1,1,1,2026-05
TXN0000035559,ACC0022781,90839.86,SUCCESS,2026-03-28 15:34:01,1,1,1,2026-03
TXN0000035563,ACC0007724,115676.83,SUCCESS,2026-04-22 06:33:36,1,1,1,2026-04
TXN0000035581,ACC0026882,133053.04,SUCCESS,2026-03-20 04:03:16,1,1,1,2026-03
TXN0000035586,ACC0027837,134309.14,SUCCESS,2026-06-02 15:45:55,1,1,1,2026-06
TXN0000035590,ACC0014208,59542.78,SUCCESS,2026-07-17 16:39:20,1,1,1,2026-07
TXN0000035591,ACC0005178,41277.14,SUCCESS,2026-03-01 23:43:27,1,1,1,2026-03
TXN0000035593,ACC0028937,1145.9,SUCCESS,2026-03-04 00:51:27,1,1,1,2026-03
TXN0000035601,ACC0028104,137565.27,SUCCESS,2026-05-21 07:45:11,1,1,1,2026-05
TXN0000035607,ACC0004753,104846.62,SUCCESS,2026-04-10 09:53:14,1,1,1,2026-04
TXN0000035610,ACC0006030,118619.67,SUCCESS,2026-07-30 22:13:31,1,1,1,2026-07
TXN0000035618,ACC0028561,7084.58,SUCCESS,2026-01-17 18:02:05,1,1,1,2026-01
TXN0000035625,ACC0007160,99942.62,SUCCESS,2026-06-09 16:38:03,1,1,1,2026-06
TXN0000035626,ACC0026078,146138.54,SUCCESS,2026-03-01 11:11:31,1,1,1,2026-03
TXN0000035631,ACC0002278,119215.65,SUCCESS,2026-03-25 23:25:10,1,1,1,2026-03
TXN0000035636,ACC0011605,123245.29,SUCCESS,2026-05-07 12:34:49,1,1,1,2026-05
TXN0000035639,ACC0025356,10825.62,SUCCESS,2026-08-02 18:02:51,1,1,1,2026-08
TXN0000035641,ACC0002978,69035.75,SUCCESS,2026-02-08 15:27:03,1,1,1,2026-02
TXN0000035656,ACC0017901,69049.39,SUCCESS,2026-02-27 12:53:43,1,1,1,2026-02
TXN0000035657,ACC0001167,91626.69,SUCCESS,2026-07-13 20:01:32,1,1,1,2026-07
TXN0000035671,ACC0015091,94461.75,SUCCESS,2026-06-04 17:08:27,1,1,1,2026-06
TXN0000035677,ACC0005744,37652.25,SUCCESS,2026-07-18 23:42:21,1,1,1,2026-07
TXN0000035680,ACC0000703,91464.32,SUCCESS,2026-03-21 10:46:27,1,1,1,2026-03
TXN0000035696,ACC0021919,71050.66,SUCCESS,2026-03-04 14:37:54,1,1,1,2026-03
TXN0000035704,ACC0025446,6657.89,SUCCESS,2026-07-16 19:36:10,1,1,1,2026-07
TXN0000035706,ACC0003569,139556.93,SUCCESS,2026-01-30 09:49:11,1,1,1,2026-01
TXN0000035714,ACC0006466,30200.08,SUCCESS,2026-06-09 18:36:55,1,1,1,2026-06
TXN0000035715,ACC0024565,130874.14,SUCCESS,2026-01-16 03:15:24,1,1,1,2026-01
TXN0000035720,ACC0022076,51537.72,SUCCESS,2026-07-13 14:49:08,1,1,1,2026-07
TXN0000035725,ACC0025395,53338.27,SUCCESS,2026-01-26 15:05:04,1,1,1,2026-01
TXN0000035734,ACC0019695,127660.67,SUCCESS,2026-08-02 05:09:57,1,1,1,2026-08
TXN0000035739,ACC0018978,16775.46,SUCCESS,2026-02-09 19:23:41,1,1,1,2026-02
TXN0000035746,ACC0013890,8767.4,SUCCESS,2026-04-01 10:25:37,1,1,1,2026-04
TXN0000035747,ACC0002517,30435.96,SUCCESS,2026-02-21 00:27:15,1,1,1,2026-02
TXN0000035753,ACC0022446,52948.68,SUCCESS,2026-06-13 07:30:45,1,1,1,2026-06
TXN0000035758,ACC0006781,18013.12,SUCCESS,2026-07-31 06:17:00,1,1,1,2026-07
TXN0000035759,ACC0012374,94290.82,SUCCESS,2026-02-18 17:44:44,1,1,1,2026-02
TXN0000035761,ACC0027818,73080.08,SUCCESS,2026-02-09 17:43:20,1,1,1,2026-02
TXN0000035763,ACC0013048,49818.91,SUCCESS,2026-06-04 09:06:24,1,1,1,2026-06
TXN0000035764,ACC0011876,123344.57,SUCCESS,2026-04-26 05:50:36,1,1,1,2026-04
TXN0000035770,ACC0021170,145933.92,SUCCESS,2026-04-01 15:22:59,1,1,1,2026-04
TXN0000035771,ACC0003683,104131.04,SUCCESS,2026-01-12 07:32:20,1,1,1,2026-01
TXN0000035772,ACC0000314,87306.82,SUCCESS,2026-04-08 09:18:08,1,1,1,2026-04
TXN0000035778,ACC0000068,144861.95,SUCCESS,2026-03-20 01:50:45,1,1,1,2026-03
TXN0000035782,ACC0027811,13151.84,SUCCESS,2026-04-20 02:51:59,1,1,1,2026-04
TXN0000035785,ACC0022406,91627.46,SUCCESS,2026-03-16 02:54:12,1,1,1,2026-03
TXN0000035787,ACC0018894,53978.96,SUCCESS,2026-03-21 12:38:18,1,1,1,2026-03
TXN0000035789,ACC0028056,111490.63,SUCCESS,2026-03-21 15:45:07,1,1,1,2026-03
TXN0000035791,ACC0021899,11247.88,SUCCESS,2026-07-15 10:06:36,1,1,1,2026-07
TXN0000035794,ACC0028998,40452.18,SUCCESS,2026-02-02 12:50:15,1,1,1,2026-02
TXN0000035799,ACC0020279,48945.58,SUCCESS,2026-01-30 08:48:52,1,1,1,2026-01
TXN0000035801,ACC0007877,70803.57,SUCCESS,2026-01-08 22:40:16,1,1,1,2026-01
TXN0000035807,ACC0022432,119060.76,SUCCESS,2026-07-24 12:47:01,1,1,1,2026-07
TXN0000035809,ACC0020305,148641.2,SUCCESS,2026-05-24 12:39:04,1,1,1,2026-05
TXN0000035813,ACC0022423,46849.33,SUCCESS,2026-04-19 07:44:30,1,1,1,2026-04
TXN0000035817,ACC0015874,12151.64,SUCCESS,2026-03-24 16:34:09,1,1,1,2026-03
TXN0000035818,ACC0004948,41974.72,SUCCESS,2026-03-01 03:56:50,1,1,1,2026-03
TXN0000035820,ACC0009928,83723.75,SUCCESS,2026-06-20 19:22:43,1,1,1,2026-06
TXN0000035821,ACC0022612,136012.13,SUCCESS,2026-01-14 03:05:06,1,1,1,2026-01
TXN0000035842,ACC0005443,42077.05,SUCCESS,2026-02-09 19:55:48,1,1,1,2026-02
TXN0000035853,ACC0008193,149019.69,SUCCESS,2026-06-04 22:46:07,1,1,1,2026-06
TXN0000035866,ACC0029365,38080.31,SUCCESS,2026-08-02 18:14:43,1,1,1,2026-08
TXN0000035883,ACC0020270,64270.12,SUCCESS,2026-02-08 19:21:51,1,1,1,2026-02
TXN0000035885,ACC0023609,147832.29,SUCCESS,2026-03-09 19:56:39,1,1,1,2026-03
TXN0000035897,ACC0024501,73478.56,SUCCESS,2026-03-01 20:26:38,1,1,1,2026-03
TXN0000035898,ACC0023295,132557.15,SUCCESS,2026-07-24 22:58:58,1,1,1,2026-07
TXN0000035900,ACC0028538,132822.2,SUCCESS,2026-02-26 00:39:59,1,1,1,2026-02
TXN0000035904,ACC0010642,4250.61,SUCCESS,2026-07-14 00:44:29,1,1,1,2026-07
TXN0000035906,ACC0017453,39759.84,SUCCESS,2026-03-26 23:37:30,1,1,1,2026-03
TXN0000035914,ACC0023545,18351.64,SUCCESS,2026-03-09 23:40:09,1,1,1,2026-03
TXN0000035917,ACC0015525,130604.91,SUCCESS,2026-07-27 20:22:20,1,1,1,2026-07
TXN0000035918,ACC0002910,94433.04,SUCCESS,2026-04-15 04:22:41,1,1,1,2026-04
TXN0000035919,ACC0019186,134639.86,SUCCESS,2026-07-26 08:46:34,1,1,1,2026-07
TXN0000035926,ACC0020305,22640.43,SUCCESS,2026-07-10 02:29:59,1,1,1,2026-07
TXN0000035928,ACC0002997,7535.05,SUCCESS,2026-06-13 06:24:25,1,1,1,2026-06
TXN0000035929,ACC0014570,14306.9,SUCCESS,2026-01-31 18:33:18,1,1,1,2026-01
TXN0000035933,ACC0015516,107881.72,SUCCESS,2026-05-23 11:07:01,1,1,1,2026-05
TXN0000035939,ACC0020586,72690.96,SUCCESS,2026-06-04 22:35:13,1,1,1,2026-06
TXN0000035945,ACC0015568,139126.4,SUCCESS,2026-05-10 08:54:52,1,1,1,2026-05
TXN0000035954,ACC0014305,104680.55,SUCCESS,2026-02-19 16:13:04,1,1,1,2026-02
TXN0000035957,ACC0021047,139969.51,SUCCESS,2026-08-04 06:58:12,1,1,1,2026-08
TXN0000035958,ACC0007457,149472.39,SUCCESS,2026-02-21 15:58:17,1,1,1,2026-02
TXN0000035959,ACC0021040,122057.09,SUCCESS,2026-05-17 20:46:36,1,1,1,2026-05
TXN0000035961,ACC0002160,44510.2,SUCCESS,2026-02-26 02:05:47,1,1,1,2026-02
TXN0000035968,ACC0002462,86902.35,SUCCESS,2026-06-28 08:25:26,1,1,1,2026-06
TXN0000035982,ACC0026976,125497.39,SUCCESS,2026-06-27 22:51:39,1,1,1,2026-06
TXN0000035984,ACC0017629,9713.24,SUCCESS,2026-03-22 05:22:14,1,1,1,2026-03
TXN0000035992,ACC0004608,24621.12,SUCCESS,2026-04-17 22:46:08,1,2,1,2026-04
TXN0000036004,ACC0002988,130891.81,SUCCESS,2026-05-30 09:54:33,1,1,1,2026-05
TXN0000036013,ACC0006151,25986.56,SUCCESS,2026-05-03 07:29:11,1,1,1,2026-05
TXN0000036014,ACC0006731,12222.3,SUCCESS,2026-02-04 15:16:32,1,1,1,2026-02
TXN0000036015,ACC0007145,130872.94,SUCCESS,2026-06-14 05:20:47,1,1,1,2026-06
TXN0000036020,ACC0002503,80548.75,SUCCESS,2026-05-27 15:59:56,1,1,1,2026-05
TXN0000036021,ACC0029537,113311.76,SUCCESS,2026-08-04 22:27:20,1,1,1,2026-08
TXN0000036034,ACC0009015,137015.48,SUCCESS,2026-05-05 21:10:36,1,1,1,2026-05
TXN0000036036,ACC0009261,17598.92,SUCCESS,2026-05-10 09:03:38,1,1,1,2026-05
TXN0000036038,ACC0025410,136803.83,SUCCESS,2026-04-27 19:02:28,1,1,1,2026-04
TXN0000036050,ACC0028610,16212.51,SUCCESS,2026-07-16 00:31:44,1,1,1,2026-07
TXN0000036055,ACC0017666,82113.0,SUCCESS,2026-07-25 17:58:23,1,1,1,2026-07
TXN0000036058,ACC0002253,128324.74,SUCCESS,2026-05-27 23:38:49,1,1,1,2026-05
TXN0000036065,ACC0000008,129255.53,SUCCESS,2026-08-06 05:19:49,1,1,1,2026-08
TXN0000036076,ACC0019512,55733.51,SUCCESS,2026-01-05 10:42:26,1,1,1,2026-01
TXN0000036081,ACC0016020,99224.37,SUCCESS,2026-03-03 02:06:40,1,1,1,2026-03
TXN0000036087,ACC0017662,78415.81,SUCCESS,2026-03-08 03:17:22,1,1,1,2026-03
TXN0000036096,ACC0016344,17464.14,SUCCESS,2026-03-17 11:26:09,1,1,1,2026-03
TXN0000036097,ACC0009184,100291.48,SUCCESS,2026-08-07 11:02:19,1,2,1,2026-08
TXN0000036099,ACC0025628,32836.24,SUCCESS,2026-04-07 00:35:53,1,1,1,2026-04
TXN0000036102,ACC0026264,117740.71,SUCCESS,2026-05-13 15:50:12,1,1,1,2026-05
TXN0000036110,ACC0017136,134564.01,SUCCESS,2026-07-16 00:04:51,1,1,1,2026-07
TXN0000036113,ACC0008889,1750.12,SUCCESS,2026-02-26 10:10:49,1,1,1,2026-02
TXN0000036134,ACC0014283,27749.42,SUCCESS,2026-05-30 23:01:22,1,1,1,2026-05
TXN0000036138,ACC0014982,34858.62,SUCCESS,2026-06-06 18:11:29,1,1,1,2026-06
TXN0000036144,ACC0023897,92477.19,SUCCESS,2026-04-20 06:59:24,1,1,1,2026-04
TXN0000036155,ACC0002189,25616.3,SUCCESS,2026-01-23 20:23:54,1,1,1,2026-01
TXN0000036160,ACC0010169,115386.37,SUCCESS,2026-05-26 00:14:37,1,1,1,2026-05
TXN0000036162,ACC0026700,54324.68,SUCCESS,2026-03-28 17:13:43,1,1,1,2026-03
TXN0000036169,ACC0024685,71173.65,SUCCESS,2026-05-04 02:04:58,1,1,1,2026-05
TXN0000036171,ACC0012714,93404.51,SUCCESS,2026-03-31 05:10:15,1,1,1,2026-03
TXN0000036192,ACC0001798,84112.99,SUCCESS,2026-06-04 10:28:59,1,1,1,2026-06
TXN0000036209,ACC0013479,115846.75,SUCCESS,2026-05-07 03:14:40,1,1,1,2026-05
TXN0000036211,ACC0026063,135571.21,SUCCESS,2026-06-03 05:18:21,1,1,1,2026-06
TXN0000036214,ACC0005391,140791.48,SUCCESS,2026-04-04 04:45:57,1,1,1,2026-04
TXN0000036224,ACC0029682,114745.87,SUCCESS,2026-08-04 11:55:14,1,1,1,2026-08
TXN0000036231,ACC0021110,6004.3,SUCCESS,2026-02-14 09:40:04,1,1,1,2026-02
TXN0000036234,ACC0015236,51337.36,SUCCESS,2026-02-26 18:14:16,1,1,1,2026-02
TXN0000036236,ACC0015393,82098.05,SUCCESS,2026-03-02 10:47:34,1,1,1,2026-03
TXN0000036247,ACC0025303,13971.98,SUCCESS,2026-07-23 06:36:42,1,2,1,2026-07
TXN0000036249,ACC0023136,39750.99,SUCCESS,2026-03-24 05:19:48,1,1,1,2026-03
TXN0000036260,ACC0021035,18869.99,SUCCESS,2026-06-06 07:31:39,1,1,1,2026-06
TXN0000036272,ACC0022729,143483.32,SUCCESS,2026-07-08 21:19:39,1,1,1,2026-07
TXN0000036276,ACC0006189,84523.38,SUCCESS,2026-06-06 14:41:14,1,1,1,2026-06
TXN0000036285,ACC0026355,25837.88,SUCCESS,2026-05-27 10:21:14,1,2,1,2026-05
TXN0000036287,ACC0006922,4727.66,SUCCESS,2026-03-06 02:04:39,1,1,1,2026-03
TXN0000036288,ACC0001285,97218.41,SUCCESS,2026-06-18 14:01:11,1,1,1,2026-06
TXN0000036291,ACC0005844,27358.95,SUCCESS,2026-01-16 12:01:06,1,1,1,2026-01
TXN0000036300,ACC0016083,15769.91,SUCCESS,2026-05-21 14:38:25,1,1,1,2026-05
TXN0000036317,ACC0015192,72159.67,SUCCESS,2026-02-12 08:29:14,1,1,1,2026-02
TXN0000036326,ACC0026273,149311.96,SUCCESS,2026-05-16 10:20:22,1,1,1,2026-05
TXN0000036332,ACC0012250,77600.56,SUCCESS,2026-07-09 18:42:21,1,1,1,2026-07
TXN0000036341,ACC0009443,26124.32,SUCCESS,2026-05-07 08:22:36,1,1,1,2026-05
TXN0000036372,ACC0003664,23813.77,SUCCESS,2026-05-21 15:25:14,1,1,1,2026-05
TXN0000036375,ACC0027293,111178.35,SUCCESS,2026-04-12 11:47:55,1,1,1,2026-04
TXN0000036387,ACC0007305,85402.31,SUCCESS,2026-01-29 20:59:18,1,1,1,2026-01
TXN0000036388,ACC0008375,96448.64,SUCCESS,2026-04-09 23:19:05,1,1,1,2026-04
TXN0000036392,ACC0014862,99268.67,SUCCESS,2026-01-22 17:23:13,1,1,1,2026-01
TXN0000036393,ACC0004577,141686.83,SUCCESS,2026-04-22 11:25:15,1,1,1,2026-04
TXN0000036397,ACC0020650,57199.42,SUCCESS,2026-07-24 03:49:14,1,1,1,2026-07
TXN0000036401,ACC0003252,127535.09,SUCCESS,2026-06-24 13:08:48,1,1,1,2026-06
TXN0000036407,ACC0000800,117885.44,SUCCESS,2026-07-16 14:48:41,1,1,1,2026-07
TXN0000036418,ACC0001008,105991.11,SUCCESS,2026-07-08 21:06:43,1,1,1,2026-07
TXN0000036424,ACC0020627,5250.51,SUCCESS,2026-02-11 01:02:21,1,1,1,2026-02
TXN0000036445,ACC0001718,65218.02,SUCCESS,2026-04-04 17:56:18,1,1,1,2026-04
TXN0000036446,ACC0011387,23781.46,SUCCESS,2026-04-30 10:00:05,1,1,1,2026-04
TXN0000036448,ACC0010701,62403.89,SUCCESS,2026-05-07 08:46:20,1,1,1,2026-05
TXN0000036456,ACC0021010,93321.49,SUCCESS,2026-07-11 16:01:42,1,1,1,2026-07
TXN0000036458,ACC0004837,80169.65,SUCCESS,2026-07-27 22:38:13,1,1,1,2026-07
TXN0000036459,ACC0001700,88212.12,SUCCESS,2026-06-07 00:05:38,1,1,1,2026-06
TXN0000036461,ACC0021069,139517.08,SUCCESS,2026-01-28 09:37:16,1,1,1,2026-01
TXN0000036472,ACC0016894,29834.54,SUCCESS,2026-03-31 02:52:02,1,1,1,2026-03
TXN0000036473,ACC0012044,111328.24,SUCCESS,2026-04-30 05:43:34,1,1,1,2026-04
TXN0000036475,ACC0001187,58991.71,SUCCESS,2026-06-19 20:54:50,1,1,1,2026-06
TXN0000036480,ACC0015858,148635.88,SUCCESS,2026-04-15 03:07:52,1,1,1,2026-04
TXN0000036483,ACC0022206,79907.72,SUCCESS,2026-08-03 12:37:19,1,1,1,2026-08
TXN0000036486,ACC0016880,9555.97,SUCCESS,2026-07-15 20:31:33,1,1,1,2026-07
TXN0000036491,ACC0028551,53249.04,SUCCESS,2026-07-21 17:37:24,1,1,1,2026-07
TXN0000036498,ACC0002569,146414.31,SUCCESS,2026-03-06 09:02:06,1,1,1,2026-03
TXN0000036505,ACC0011794,29970.83,SUCCESS,2026-04-23 19:56:09,1,1,1,2026-04
TXN0000036506,ACC0004388,144635.36,SUCCESS,2026-02-06 11:48:42,1,1,1,2026-02
TXN0000036529,ACC0018811,132745.46,SUCCESS,2026-08-04 12:03:42,1,1,1,2026-08
TXN0000036532,ACC0017892,122743.52,SUCCESS,2026-03-22 21:37:50,1,1,1,2026-03
TXN0000036533,ACC0005390,74645.76,SUCCESS,2026-05-10 22:23:58,1,1,1,2026-05
TXN0000036540,ACC0024093,98085.76,SUCCESS,2026-05-02 03:36:21,1,1,1,2026-05
TXN0000036548,ACC0025623,91577.1,SUCCESS,2026-02-19 19:47:04,1,1,1,2026-02
TXN0000036551,ACC0021915,113842.32,SUCCESS,2026-07-27 08:16:48,1,1,1,2026-07
TXN0000036560,ACC0001331,84954.46,SUCCESS,2026-02-19 08:11:19,1,1,1,2026-02
TXN0000036569,ACC0002391,34134.14,SUCCESS,2026-02-26 00:16:31,1,1,1,2026-02
TXN0000036585,ACC0010986,109834.64,SUCCESS,2026-03-13 13:06:36,1,1,1,2026-03
TXN0000036598,ACC0025539,138275.2,SUCCESS,2026-07-31 18:07:42,1,1,1,2026-07
TXN0000036600,ACC0007538,60680.42,SUCCESS,2026-06-08 19:54:47,1,1,1,2026-06
TXN0000036601,ACC0010769,54019.58,SUCCESS,2026-01-17 03:51:15,1,1,1,2026-01
TXN0000036612,ACC0008877,79491.6,SUCCESS,2026-02-20 09:43:22,1,1,1,2026-02
TXN0000036622,ACC0008306,40965.44,SUCCESS,2026-06-25 22:44:24,1,1,1,2026-06
TXN0000036626,ACC0015050,124430.85,SUCCESS,2026-02-08 21:37:44,1,1,1,2026-02
TXN0000036629,ACC0009031,50165.22,SUCCESS,2026-02-17 13:30:37,1,1,1,2026-02
TXN0000036636,ACC0019690,29294.72,SUCCESS,2026-03-01 11:22:51,1,1,1,2026-03
TXN0000036637,ACC0023154,147220.31,SUCCESS,2026-07-17 20:16:48,1,1,1,2026-07
TXN0000036643,ACC0022759,121089.24,SUCCESS,2026-01-28 10:27:10,1,1,1,2026-01
TXN0000036645,ACC0005996,53432.93,SUCCESS,2026-07-22 17:26:03,1,1,1,2026-07
TXN0000036650,ACC0029230,111532.54,SUCCESS,2026-01-09 04:54:05,1,1,1,2026-01
TXN0000036656,ACC0023078,12394.73,SUCCESS,2026-06-27 07:39:06,1,1,1,2026-06
TXN0000036657,ACC0005797,12096.34,SUCCESS,2026-04-18 22:32:19,1,1,1,2026-04
TXN0000036661,ACC0018925,51573.57,SUCCESS,2026-07-27 19:51:12,1,1,1,2026-07
TXN0000036667,ACC0005563,87598.7,SUCCESS,2026-05-21 20:53:07,1,1,1,2026-05
TXN0000036671,ACC0028186,51339.73,SUCCESS,2026-04-27 10:54:36,1,1,1,2026-04
TXN0000036672,ACC0010690,31270.83,SUCCESS,2026-07-22 22:18:56,1,1,1,2026-07
TXN0000036676,ACC0013800,80368.75,SUCCESS,2026-03-16 23:21:59,1,1,1,2026-03
TXN0000036677,ACC0029298,72601.08,SUCCESS,2026-05-08 08:04:43,1,1,1,2026-05
TXN0000036683,ACC0013332,37611.91,SUCCESS,2026-07-17 14:19:51,1,1,1,2026-07
TXN0000036704,ACC0024077,10528.03,SUCCESS,2026-05-10 10:16:31,1,1,1,2026-05
TXN0000036710,ACC0019371,30880.22,SUCCESS,2026-01-05 09:31:02,1,1,1,2026-01
TXN0000036718,ACC0010700,67601.41,SUCCESS,2026-01-11 01:27:31,1,1,1,2026-01
TXN0000036727,ACC0001758,62321.73,SUCCESS,2026-07-08 10:38:32,1,1,1,2026-07
TXN0000036729,ACC0002326,112919.63,SUCCESS,2026-01-21 19:38:29,1,1,1,2026-01
TXN0000036730,ACC0006925,63098.97,SUCCESS,2026-03-28 05:21:05,1,1,1,2026-03
TXN0000036737,ACC0024679,133275.46,SUCCESS,2026-01-07 18:16:47,1,1,1,2026-01
TXN0000036739,ACC0003677,91094.61,SUCCESS,2026-04-10 11:06:47,1,1,1,2026-04
TXN0000036745,ACC0021059,28584.8,SUCCESS,2026-06-16 22:18:23,1,1,1,2026-06
TXN0000036761,ACC0006901,42967.07,SUCCESS,2026-03-04 20:03:50,1,1,1,2026-03
TXN0000036768,ACC0005473,75285.2,SUCCESS,2026-04-11 16:38:51,1,1,1,2026-04
TXN0000036771,ACC0025842,5491.71,SUCCESS,2026-01-13 07:39:40,1,1,1,2026-01
TXN0000036775,ACC0020643,102027.58,SUCCESS,2026-05-12 00:14:32,1,1,1,2026-05
TXN0000036777,ACC0023713,114561.48,SUCCESS,2026-04-25 02:44:44,1,1,1,2026-04
TXN0000036790,ACC0016132,144700.6,SUCCESS,2026-01-29 13:58:40,1,1,1,2026-01
TXN0000036792,ACC0023904,95997.05,SUCCESS,2026-08-01 15:49:57,1,1,1,2026-08
TXN0000036807,ACC0020159,27879.86,SUCCESS,2026-06-07 09:36:06,1,1,1,2026-06
TXN0000036810,ACC0012768,149045.95,SUCCESS,2026-06-17 14:47:25,1,1,1,2026-06
TXN0000036811,ACC0004444,20278.04,SUCCESS,2026-02-21 23:45:44,1,1,1,2026-02
TXN0000036814,ACC0007858,29464.02,SUCCESS,2026-04-27 23:31:41,1,1,1,2026-04
TXN0000036818,ACC0001667,9144.52,SUCCESS,2026-07-26 11:25:23,1,1,1,2026-07
TXN0000036822,ACC0021176,81045.06,SUCCESS,2026-01-09 04:16:17,1,1,1,2026-01
TXN0000036823,ACC0002330,22367.01,SUCCESS,2026-02-10 23:12:27,1,1,1,2026-02
TXN0000036843,ACC0019872,82623.66,SUCCESS,2026-05-30 11:07:20,1,1,1,2026-05
TXN0000036849,ACC0014538,84283.42,SUCCESS,2026-05-30 11:21:51,1,1,1,2026-05
TXN0000036851,ACC0013089,79000.1,SUCCESS,2026-01-16 22:34:24,1,1,1,2026-01
TXN0000036858,ACC0012989,147265.04,SUCCESS,2026-02-22 22:18:40,1,1,1,2026-02
TXN0000036859,ACC0009703,111688.68,SUCCESS,2026-06-28 02:45:10,1,1,1,2026-06
TXN0000036861,ACC0002846,59196.09,SUCCESS,2026-06-05 23:57:21,1,1,1,2026-06
TXN0000036862,ACC0018969,69197.69,SUCCESS,2026-02-22 13:51:35,1,1,1,2026-02
TXN0000036863,ACC0002032,31492.31,SUCCESS,2026-06-20 05:07:42,1,1,1,2026-06
TXN0000036864,ACC0021857,87531.68,SUCCESS,2026-07-10 20:48:42,1,1,1,2026-07
TXN0000036874,ACC0029755,145776.63,SUCCESS,2026-04-11 08:11:55,1,1,1,2026-04
TXN0000036876,ACC0018250,143936.11,SUCCESS,2026-05-11 12:43:44,1,1,1,2026-05
TXN0000036877,ACC0024265,60175.43,SUCCESS,2026-08-03 02:15:56,1,1,1,2026-08
TXN0000036881,ACC0021530,39301.81,SUCCESS,2026-03-02 17:03:12,1,1,1,2026-03
TXN0000036882,ACC0021062,37073.8,SUCCESS,2026-07-16 04:41:26,1,1,1,2026-07
TXN0000036883,ACC0021546,36717.32,SUCCESS,2026-04-05 01:30:03,1,1,1,2026-04
TXN0000036889,ACC0021130,84199.74,SUCCESS,2026-04-14 00:03:45,1,1,1,2026-04
TXN0000036895,ACC0001919,112768.31,SUCCESS,2026-02-23 16:53:21,1,1,1,2026-02
TXN0000036898,ACC0003740,74862.3,SUCCESS,2026-03-18 07:43:18,1,1,1,2026-03
TXN0000036905,ACC0010758,20772.29,SUCCESS,2026-03-29 03:45:54,1,1,1,2026-03
TXN0000036907,ACC0021357,62476.35,SUCCESS,2026-06-06 13:00:35,1,1,1,2026-06
TXN0000036920,ACC0016130,149217.24,SUCCESS,2026-04-30 06:38:06,1,1,1,2026-04
TXN0000036925,ACC0026201,145819.01,SUCCESS,2026-04-10 14:41:46,1,1,1,2026-04
TXN0000036928,ACC0007291,128160.45,SUCCESS,2026-01-01 08:34:35,1,1,1,2026-01
TXN0000036937,ACC0001072,17736.18,SUCCESS,2026-03-29 22:31:42,1,1,1,2026-03
TXN0000036946,ACC0006758,24889.95,SUCCESS,2026-04-30 02:51:03,1,1,1,2026-04
TXN0000036947,ACC0026212,15343.91,SUCCESS,2026-05-20 11:27:05,1,1,1,2026-05
TXN0000036953,ACC0004891,60099.47,SUCCESS,2026-04-13 09:25:27,1,1,1,2026-04
TXN0000036956,ACC0004393,102052.61,SUCCESS,2026-07-25 16:35:15,1,1,1,2026-07
TXN0000036961,ACC0016095,146596.07,SUCCESS,2026-03-16 12:14:46,1,1,1,2026-03
TXN0000036965,ACC0024623,85990.93,SUCCESS,2026-06-24 11:54:56,1,1,1,2026-06
TXN0000036969,ACC0017554,41749.57,SUCCESS,2026-03-11 05:33:05,1,1,1,2026-03
TXN0000036971,ACC0006807,88842.36,SUCCESS,2026-07-17 22:38:40,1,1,1,2026-07
TXN0000036973,ACC0015445,3579.33,SUCCESS,2026-04-18 08:53:36,1,1,1,2026-04
TXN0000036974,ACC0015481,119663.63,SUCCESS,2026-05-21 16:23:20,1,1,1,2026-05
TXN0000036983,ACC0026010,70128.43,SUCCESS,2026-01-02 00:56:25,1,1,1,2026-01
TXN0000036985,ACC0015646,78175.09,SUCCESS,2026-02-19 22:26:23,1,1,1,2026-02
TXN0000036988,ACC0020908,80490.85,SUCCESS,2026-03-26 09:40:20,1,1,1,2026-03
TXN0000036992,ACC0024804,116517.45,SUCCESS,2026-01-05 18:41:34,1,1,1,2026-01
TXN0000036994,ACC0018432,99210.47,SUCCESS,2026-02-10 10:43:44,1,1,1,2026-02
TXN0000036998,ACC0027401,104708.24,SUCCESS,2026-06-03 20:59:20,1,1,1,2026-06
TXN0000037006,ACC0001464,119614.17,SUCCESS,2026-01-15 22:32:54,1,1,1,2026-01
TXN0000037010,ACC0023540,110579.26,SUCCESS,2026-04-21 12:21:55,1,1,1,2026-04
TXN0000037013,ACC0013222,51766.27,SUCCESS,2026-05-12 01:49:47,1,1,1,2026-05
TXN0000037019,ACC0027485,70574.28,SUCCESS,2026-04-21 06:35:42,1,1,1,2026-04
TXN0000037029,ACC0008088,135074.17,SUCCESS,2026-05-20 14:32:24,1,1,1,2026-05
TXN0000037040,ACC0020779,51522.27,SUCCESS,2026-01-04 05:24:10,1,1,1,2026-01
TXN0000037043,ACC0020690,37789.64,SUCCESS,2026-05-28 04:26:15,1,1,1,2026-05
TXN0000037047,ACC0008210,138730.97,SUCCESS,2026-04-25 14:35:17,1,1,1,2026-04
TXN0000037050,ACC0028311,60957.11,SUCCESS,2026-03-22 21:25:07,1,1,1,2026-03
TXN0000037056,ACC0017219,137562.58,SUCCESS,2026-04-21 04:43:05,1,1,1,2026-04
TXN0000037058,ACC0020755,67407.44,SUCCESS,2026-04-21 23:04:59,1,1,1,2026-04
TXN0000037070,ACC0016191,143894.29,SUCCESS,2026-04-21 23:50:50,1,2,1,2026-04
TXN0000037075,ACC0011627,68410.01,SUCCESS,2026-07-30 02:22:31,1,1,1,2026-07
TXN0000037081,ACC0016421,5593.75,SUCCESS,2026-05-17 04:54:00,1,1,1,2026-05
TXN0000037086,ACC0019423,69945.08,SUCCESS,2026-02-18 21:46:32,1,1,1,2026-02
TXN0000037101,ACC0026388,96794.71,SUCCESS,2026-04-23 17:10:41,1,1,1,2026-04
TXN0000037106,ACC0028960,22113.79,SUCCESS,2026-04-27 09:03:41,1,1,1,2026-04
TXN0000037112,ACC0023903,988.58,SUCCESS,2026-06-15 20:18:11,1,1,1,2026-06
TXN0000037123,ACC0022741,108432.29,SUCCESS,2026-05-12 11:49:49,1,1,1,2026-05
TXN0000037125,ACC0014886,12893.98,SUCCESS,2026-01-07 01:51:13,1,1,1,2026-01
TXN0000037127,ACC0029025,87103.25,SUCCESS,2026-05-03 14:50:57,1,1,1,2026-05
TXN0000037136,ACC0007303,102455.18,SUCCESS,2026-01-26 23:27:05,1,1,1,2026-01
TXN0000037148,ACC0027160,4739.11,SUCCESS,2026-03-20 00:30:39,1,1,1,2026-03
TXN0000037150,ACC0028237,1562.4,SUCCESS,2026-03-18 19:48:56,1,2,1,2026-03
TXN0000037159,ACC0000511,15617.35,SUCCESS,2026-06-13 01:41:35,1,1,1,2026-06
TXN0000037163,ACC0028918,112421.74,SUCCESS,2026-02-10 20:18:42,1,1,1,2026-02
TXN0000037165,ACC0009823,19515.11,SUCCESS,2026-06-27 15:54:41,1,1,1,2026-06
TXN0000037168,ACC0003768,92250.18,SUCCESS,2026-05-02 23:33:36,1,1,1,2026-05
TXN0000037169,ACC0018981,110914.9,SUCCESS,2026-01-29 11:50:53,1,1,1,2026-01
TXN0000037175,ACC0024435,37154.99,SUCCESS,2026-04-15 11:26:40,1,1,1,2026-04
TXN0000037181,ACC0023789,97392.02,SUCCESS,2026-05-06 05:53:15,1,1,1,2026-05
TXN0000037184,ACC0020583,154.1,SUCCESS,2026-01-20 15:40:05,1,1,1,2026-01
TXN0000037194,ACC0018182,63047.66,SUCCESS,2026-06-21 11:43:52,1,1,1,2026-06
TXN0000037196,ACC0008596,57758.23,SUCCESS,2026-04-15 12:08:13,1,1,1,2026-04
TXN0000037200,ACC0027600,98828.0,SUCCESS,2026-01-05 07:57:33,1,1,1,2026-01
TXN0000037209,ACC0013054,57623.5,SUCCESS,2026-02-01 07:53:54,1,1,1,2026-02
TXN0000037216,ACC0020574,93068.82,SUCCESS,2026-03-01 16:21:11,1,1,1,2026-03
TXN0000037219,ACC0019687,113698.8,SUCCESS,2026-04-18 07:57:43,1,1,1,2026-04
TXN0000037221,ACC0027682,136994.76,SUCCESS,2026-03-10 01:39:49,1,1,1,2026-03
TXN0000037229,ACC0003848,112514.34,SUCCESS,2026-06-07 21:09:39,1,1,1,2026-06
TXN0000037230,ACC0014296,20630.75,SUCCESS,2026-05-25 02:42:22,1,1,1,2026-05
TXN0000037231,ACC0022801,130340.6,SUCCESS,2026-06-22 17:34:11,1,1,1,2026-06
TXN0000037236,ACC0009202,122845.78,SUCCESS,2026-02-08 22:47:56,1,1,1,2026-02
TXN0000037241,ACC0028261,73457.24,SUCCESS,2026-01-25 12:53:54,1,1,1,2026-01
TXN0000037244,ACC0026260,60767.9,SUCCESS,2026-05-24 01:01:12,1,1,1,2026-05
TXN0000037246,ACC0022483,139053.23,SUCCESS,2026-04-11 06:47:12,1,1,1,2026-04
TXN0000037249,ACC0027571,108558.75,SUCCESS,2026-07-15 12:24:25,1,1,1,2026-07
TXN0000037260,ACC0011445,134648.8,SUCCESS,2026-07-21 16:23:50,1,1,1,2026-07
TXN0000037267,ACC0010024,142386.55,SUCCESS,2026-08-03 08:02:54,1,1,1,2026-08
TXN0000037271,ACC0016166,799.09,SUCCESS,2026-03-25 11:41:08,1,1,1,2026-03
TXN0000037287,ACC0008421,107698.03,SUCCESS,2026-01-23 07:07:28,1,1,1,2026-01
TXN0000037299,ACC0024080,118428.39,SUCCESS,2026-04-19 08:31:07,1,1,1,2026-04
TXN0000037302,ACC0008952,55585.09,SUCCESS,2026-05-25 02:35:50,1,1,1,2026-05
TXN0000037309,ACC0016986,133129.6,SUCCESS,2026-02-22 16:36:49,1,1,1,2026-02
TXN0000037313,ACC0001219,132255.9,SUCCESS,2026-07-02 06:31:13,1,1,1,2026-07
TXN0000037317,ACC0004223,122596.5,SUCCESS,2026-07-11 03:10:20,1,1,1,2026-07
TXN0000037320,ACC0011990,95963.7,SUCCESS,2026-03-19 07:38:03,1,1,1,2026-03
TXN0000037325,ACC0008537,113416.39,SUCCESS,2026-06-11 07:54:16,1,1,1,2026-06
TXN0000037326,ACC0015300,127958.23,SUCCESS,2026-07-13 06:16:48,1,1,1,2026-07
TXN0000037334,ACC0027416,116852.64,SUCCESS,2026-01-16 01:36:52,1,1,1,2026-01
TXN0000037337,ACC0020882,141522.65,SUCCESS,2026-05-11 06:57:46,1,1,1,2026-05
TXN0000037340,ACC0006716,42455.86,SUCCESS,2026-06-08 19:34:10,1,1,1,2026-06
TXN0000037345,ACC0009636,105271.15,SUCCESS,2026-07-25 06:08:02,1,1,1,2026-07
TXN0000037351,ACC0011078,36546.15,SUCCESS,2026-04-25 17:43:41,1,1,1,2026-04
TXN0000037357,ACC0008968,124647.25,SUCCESS,2026-03-22 07:20:25,1,1,1,2026-03
TXN0000037368,ACC0028921,95991.49,SUCCESS,2026-06-29 03:07:04,1,1,1,2026-06
TXN0000037370,ACC0018479,8677.72,SUCCESS,2026-04-17 09:27:53,1,1,1,2026-04
TXN0000037380,ACC0010323,36872.1,SUCCESS,2026-08-08 15:32:24,1,1,1,2026-08
TXN0000037384,ACC0016487,64505.89,SUCCESS,2026-07-25 11:46:53,1,1,1,2026-07
TXN0000037397,ACC0017134,104494.12,SUCCESS,2026-03-12 09:06:38,1,1,1,2026-03
TXN0000037400,ACC0029368,50793.82,SUCCESS,2026-02-18 05:09:12,1,1,1,2026-02
TXN0000037401,ACC0005762,6421.37,SUCCESS,2026-07-25 09:11:02,1,2,1,2026-07
TXN0000037404,ACC0002707,105286.03,SUCCESS,2026-04-10 21:34:57,1,1,1,2026-04
TXN0000037407,ACC0024971,48313.1,SUCCESS,2026-04-13 23:40:28,1,1,1,2026-04
TXN0000037410,ACC0003775,24732.76,SUCCESS,2026-05-11 00:52:18,1,1,1,2026-05
TXN0000037411,ACC0000061,100529.08,SUCCESS,2026-04-23 05:49:42,1,1,1,2026-04
TXN0000037417,ACC0018127,58729.77,SUCCESS,2026-03-24 03:32:33,1,1,1,2026-03
TXN0000037427,ACC0000643,33331.64,SUCCESS,2026-06-13 03:46:21,1,1,1,2026-06
TXN0000037431,ACC0029893,8957.02,SUCCESS,2026-06-29 15:24:47,1,1,1,2026-06
TXN0000037438,ACC0029658,67745.74,SUCCESS,2026-03-31 15:18:33,1,1,1,2026-03
TXN0000037441,ACC0026022,56311.59,SUCCESS,2026-07-15 23:53:42,1,1,1,2026-07
TXN0000037442,ACC0012418,75832.75,SUCCESS,2026-03-28 20:03:56,1,1,1,2026-03
TXN0000037446,ACC0027976,137965.58,SUCCESS,2026-01-06 17:46:46,1,1,1,2026-01
TXN0000037448,ACC0020261,70899.81,SUCCESS,2026-04-23 07:49:30,1,1,1,2026-04
TXN0000037455,ACC0025403,58693.16,SUCCESS,2026-05-16 20:51:19,1,1,1,2026-05
TXN0000037459,ACC0022088,117868.64,SUCCESS,2026-04-18 08:51:05,1,1,1,2026-04
TXN0000037462,ACC0022907,21957.25,SUCCESS,2026-07-29 00:32:57,1,1,1,2026-07
TXN0000037465,ACC0021563,116575.41,SUCCESS,2026-06-18 21:30:12,1,1,1,2026-06
TXN0000037466,ACC0021456,69676.13,SUCCESS,2026-04-07 12:45:20,1,1,1,2026-04
TXN0000037470,ACC0010698,114903.58,SUCCESS,2026-05-06 05:11:01,1,1,1,2026-05
TXN0000037480,ACC0000160,19658.68,SUCCESS,2026-03-15 05:23:20,1,1,1,2026-03
TXN0000037487,ACC0009534,105616.19,SUCCESS,2026-07-02 20:58:43,1,1,1,2026-07
TXN0000037489,ACC0004635,112118.62,SUCCESS,2026-06-07 14:00:10,1,1,1,2026-06
TXN0000037494,ACC0019940,31607.84,SUCCESS,2026-04-15 04:21:37,1,1,1,2026-04
TXN0000037497,ACC0009271,140590.56,SUCCESS,2026-02-17 01:37:15,1,1,1,2026-02
TXN0000037498,ACC0014030,42521.26,SUCCESS,2026-02-13 13:46:13,1,1,1,2026-02
TXN0000037507,ACC0000771,97090.08,SUCCESS,2026-02-21 10:51:38,1,1,1,2026-02
TXN0000037518,ACC0021485,114647.49,SUCCESS,2026-03-23 15:13:09,1,1,1,2026-03
TXN0000037520,ACC0029831,71950.96,SUCCESS,2026-01-03 01:31:44,1,1,1,2026-01
TXN0000037522,ACC0027598,76564.19,SUCCESS,2026-03-21 06:34:51,1,1,1,2026-03
TXN0000037526,ACC0025041,85554.61,SUCCESS,2026-08-07 01:36:51,1,1,1,2026-08
TXN0000037530,ACC0028314,80561.61,SUCCESS,2026-02-21 23:47:27,1,1,1,2026-02
TXN0000037532,ACC0007626,37675.25,SUCCESS,2026-04-12 02:10:06,1,1,1,2026-04
TXN0000037533,ACC0007873,126527.84,SUCCESS,2026-06-22 13:26:20,1,1,1,2026-06
TXN0000037543,ACC0005626,122850.31,SUCCESS,2026-05-04 02:41:16,1,1,1,2026-05
TXN0000037545,ACC0017838,94158.63,SUCCESS,2026-07-15 15:33:59,1,1,1,2026-07
TXN0000037548,ACC0012612,123727.75,SUCCESS,2026-03-03 01:55:41,1,1,1,2026-03
TXN0000037555,ACC0004700,41323.34,SUCCESS,2026-02-01 13:56:45,1,1,1,2026-02
TXN0000037557,ACC0017428,58101.4,SUCCESS,2026-04-05 22:11:53,1,1,1,2026-04
TXN0000037560,ACC0002328,69301.0,SUCCESS,2026-07-18 05:40:53,1,1,1,2026-07
TXN0000037562,ACC0016731,109030.96,SUCCESS,2026-02-26 18:32:41,1,1,1,2026-02
TXN0000037568,ACC0023932,116401.31,SUCCESS,2026-07-04 18:09:36,1,1,1,2026-07
TXN0000037569,ACC0018441,147192.68,SUCCESS,2026-01-12 03:58:53,1,1,1,2026-01
TXN0000037574,ACC0020182,9077.95,SUCCESS,2026-02-03 16:04:20,1,1,1,2026-02
TXN0000037585,ACC0019210,46877.57,SUCCESS,2026-03-01 14:11:57,1,1,1,2026-03
TXN0000037586,ACC0019448,21915.04,SUCCESS,2026-04-04 04:01:32,1,1,1,2026-04
TXN0000037587,ACC0000842,117254.24,SUCCESS,2026-07-10 15:55:24,1,1,1,2026-07
TXN0000037588,ACC0020246,70219.58,SUCCESS,2026-06-07 16:03:25,1,1,1,2026-06
TXN0000037593,ACC0025739,78825.06,SUCCESS,2026-04-07 05:24:37,1,1,1,2026-04
TXN0000037599,ACC0014748,94397.44,SUCCESS,2026-08-03 14:59:27,1,1,1,2026-08
TXN0000037602,ACC0019884,84159.29,SUCCESS,2026-03-05 19:37:57,1,1,1,2026-03
TXN0000037610,ACC0003260,23200.37,SUCCESS,2026-02-26 09:30:29,1,1,1,2026-02
TXN0000037611,ACC0017398,34100.39,SUCCESS,2026-06-17 19:32:32,1,1,1,2026-06
TXN0000037612,ACC0022650,11004.31,SUCCESS,2026-06-13 09:45:06,1,1,1,2026-06
TXN0000037622,ACC0011753,108023.21,SUCCESS,2026-02-07 01:57:44,1,1,1,2026-02
TXN0000037627,ACC0016050,75593.48,SUCCESS,2026-07-16 16:17:35,1,1,1,2026-07
TXN0000037629,ACC0004566,54872.81,SUCCESS,2026-03-21 20:57:57,1,1,1,2026-03
TXN0000037637,ACC0029199,59447.51,SUCCESS,2026-05-28 19:50:50,1,1,1,2026-05
TXN0000037641,ACC0025469,50606.04,SUCCESS,2026-01-12 20:35:10,1,1,1,2026-01
TXN0000037642,ACC0023327,127771.94,SUCCESS,2026-03-16 21:26:09,1,1,1,2026-03
TXN0000037649,ACC0020450,74518.77,SUCCESS,2026-01-04 02:53:19,1,1,1,2026-01
TXN0000037654,ACC0024426,108401.49,SUCCESS,2026-08-01 12:05:55,1,1,1,2026-08
TXN0000037661,ACC0001623,35545.29,SUCCESS,2026-02-08 07:38:42,1,1,1,2026-02
TXN0000037664,ACC0019471,142397.25,SUCCESS,2026-02-16 14:47:16,1,1,1,2026-02
TXN0000037665,ACC0002863,93380.06,SUCCESS,2026-02-05 13:22:44,1,1,1,2026-02
TXN0000037666,ACC0011479,134619.76,SUCCESS,2026-07-08 09:16:15,1,1,1,2026-07
TXN0000037683,ACC0024852,18231.19,SUCCESS,2026-07-27 22:33:33,1,1,1,2026-07
TXN0000037694,ACC0001766,145842.73,SUCCESS,2026-02-03 16:23:09,1,1,1,2026-02
TXN0000037699,ACC0018341,101297.6,SUCCESS,2026-07-17 01:14:32,1,1,1,2026-07
TXN0000037714,ACC0005773,54977.01,SUCCESS,2026-05-16 09:22:59,1,1,1,2026-05
TXN0000037720,ACC0019997,25171.53,SUCCESS,2026-04-09 21:58:02,1,1,1,2026-04
TXN0000037724,ACC0000847,137462.04,SUCCESS,2026-03-19 09:38:15,1,1,1,2026-03
TXN0000037725,ACC0004096,58246.36,SUCCESS,2026-02-26 19:57:12,1,1,1,2026-02
TXN0000037728,ACC0026781,8302.49,SUCCESS,2026-04-14 02:50:52,1,1,1,2026-04
TXN0000037731,ACC0008104,117537.58,SUCCESS,2026-01-12 02:24:56,1,1,1,2026-01
TXN0000037732,ACC0009558,63397.4,SUCCESS,2026-05-29 10:25:46,1,1,1,2026-05
TXN0000037735,ACC0023618,22887.39,SUCCESS,2026-04-20 18:36:43,1,1,1,2026-04
TXN0000037739,ACC0026008,26173.7,SUCCESS,2026-05-21 22:55:10,1,1,1,2026-05
TXN0000037740,ACC0003624,132537.14,SUCCESS,2026-07-09 22:14:00,1,1,1,2026-07
TXN0000037743,ACC0017510,125601.15,SUCCESS,2026-01-21 16:38:09,1,1,1,2026-01
TXN0000037745,ACC0020802,21022.61,SUCCESS,2026-01-06 16:59:48,1,1,1,2026-01
TXN0000037746,ACC0027336,45520.11,SUCCESS,2026-01-21 16:58:35,1,1,1,2026-01
TXN0000037754,ACC0005022,21770.69,SUCCESS,2026-05-04 10:22:38,1,1,1,2026-05
TXN0000037756,ACC0001289,98153.97,SUCCESS,2026-07-12 08:33:02,1,1,1,2026-07
TXN0000037757,ACC0029388,14932.43,SUCCESS,2026-06-15 21:13:48,1,1,1,2026-06
TXN0000037763,ACC0010810,97380.15,SUCCESS,2026-06-18 15:29:26,1,1,1,2026-06
TXN0000037776,ACC0005211,20814.02,SUCCESS,2026-04-20 08:43:54,1,1,1,2026-04
TXN0000037783,ACC0023512,109199.84,SUCCESS,2026-05-06 03:50:24,1,1,1,2026-05
TXN0000037786,ACC0013255,32251.16,SUCCESS,2026-01-10 05:42:42,1,1,1,2026-01
TXN0000037794,ACC0003188,104463.51,SUCCESS,2026-01-28 07:14:55,1,1,1,2026-01
TXN0000037799,ACC0017966,140841.29,SUCCESS,2026-07-11 03:50:07,1,1,1,2026-07
TXN0000037804,ACC0015661,14072.42,SUCCESS,2026-07-03 13:41:18,1,1,1,2026-07
TXN0000037807,ACC0015873,59639.46,SUCCESS,2026-01-08 02:10:19,1,1,1,2026-01
TXN0000037811,ACC0019633,78433.56,SUCCESS,2026-04-28 22:09:26,1,1,1,2026-04
TXN0000037820,ACC0002637,117390.28,SUCCESS,2026-06-03 00:50:07,1,1,1,2026-06
TXN0000037840,ACC0027277,42654.72,SUCCESS,2026-04-06 07:46:51,1,1,1,2026-04
TXN0000037844,ACC0007447,12149.78,SUCCESS,2026-04-30 16:45:03,1,1,1,2026-04
TXN0000037846,ACC0009169,76610.23,SUCCESS,2026-06-25 04:22:39,1,1,1,2026-06
TXN0000037858,ACC0006870,45339.22,SUCCESS,2026-07-01 09:01:49,1,1,1,2026-07
TXN0000037860,ACC0029201,27632.19,SUCCESS,2026-06-20 21:52:56,1,1,1,2026-06
TXN0000037861,ACC0026717,6835.94,SUCCESS,2026-04-26 22:35:32,1,1,1,2026-04
TXN0000037863,ACC0005037,142422.21,SUCCESS,2026-02-12 06:15:54,1,1,1,2026-02
TXN0000037868,ACC0014470,34629.76,SUCCESS,2026-02-03 08:27:41,1,1,1,2026-02
TXN0000037873,ACC0013133,42602.2,SUCCESS,2026-07-08 02:35:41,1,1,1,2026-07
TXN0000037878,ACC0019132,96343.37,SUCCESS,2026-01-08 21:59:14,1,1,1,2026-01
TXN0000037879,ACC0027714,100393.43,SUCCESS,2026-03-22 14:00:04,1,1,1,2026-03
TXN0000037894,ACC0016361,131680.1,SUCCESS,2026-02-21 12:31:13,1,1,1,2026-02
TXN0000037897,ACC0001596,29356.01,SUCCESS,2026-04-11 09:24:31,1,1,1,2026-04
TXN0000037906,ACC0015763,89604.99,SUCCESS,2026-04-05 06:38:44,1,1,1,2026-04
TXN0000037909,ACC0022214,89559.34,SUCCESS,2026-06-13 20:50:48,1,1,1,2026-06
TXN0000037911,ACC0026097,141836.54,SUCCESS,2026-04-10 18:17:10,1,1,1,2026-04
TXN0000037914,ACC0005232,56424.49,SUCCESS,2026-01-04 13:39:31,1,1,1,2026-01
TXN0000037915,ACC0029296,12324.82,SUCCESS,2026-03-28 15:47:37,1,1,1,2026-03
TXN0000037919,ACC0013615,72902.84,SUCCESS,2026-05-10 05:28:24,1,1,1,2026-05
TXN0000037925,ACC0029114,29392.45,SUCCESS,2026-04-16 11:51:22,1,1,1,2026-04
TXN0000037930,ACC0029334,147993.43,SUCCESS,2026-02-19 08:45:54,1,1,1,2026-02
TXN0000037936,ACC0004155,17227.56,SUCCESS,2026-01-21 21:27:55,1,1,1,2026-01
TXN0000037947,ACC0010033,8952.78,SUCCESS,2026-02-28 04:35:33,1,1,1,2026-02
TXN0000037951,ACC0015817,33841.69,SUCCESS,2026-06-27 09:56:19,1,1,1,2026-06
TXN0000037953,ACC0026022,147869.89,SUCCESS,2026-01-06 23:47:03,1,1,1,2026-01
TXN0000037959,ACC0003006,116289.53,SUCCESS,2026-04-30 04:25:26,1,1,1,2026-04
TXN0000037961,ACC0010735,146508.98,SUCCESS,2026-05-08 20:52:11,1,1,1,2026-05
TXN0000037974,ACC0025124,20811.62,SUCCESS,2026-02-13 07:54:40,1,1,1,2026-02
TXN0000037979,ACC0004534,135260.52,SUCCESS,2026-07-08 04:59:01,1,1,1,2026-07
TXN0000037983,ACC0025729,45848.93,SUCCESS,2026-03-16 10:36:58,1,1,1,2026-03
TXN0000037986,ACC0005271,1820.51,SUCCESS,2026-03-08 08:40:51,1,1,1,2026-03
TXN0000037988,ACC0014022,95424.18,SUCCESS,2026-06-16 18:23:07,1,1,1,2026-06
TXN0000038011,ACC0002715,12393.28,SUCCESS,2026-06-21 11:01:25,1,1,1,2026-06
TXN0000038013,ACC0004699,25961.81,SUCCESS,2026-01-07 16:32:05,1,1,1,2026-01
TXN0000038031,ACC0015507,123807.43,SUCCESS,2026-07-12 00:37:09,1,1,1,2026-07
TXN0000038039,ACC0010220,87884.52,SUCCESS,2026-02-22 14:36:56,1,1,1,2026-02
TXN0000038054,ACC0000932,132905.66,SUCCESS,2026-01-09 21:17:50,1,1,1,2026-01
TXN0000038059,ACC0000671,3519.57,SUCCESS,2026-07-15 06:21:36,1,1,1,2026-07
TXN0000038063,ACC0017653,87085.94,SUCCESS,2026-03-31 18:58:53,1,1,1,2026-03
TXN0000038067,ACC0021742,98071.03,SUCCESS,2026-04-27 21:49:04,1,1,1,2026-04
TXN0000038068,ACC0018160,19031.33,SUCCESS,2026-03-17 07:14:30,1,1,1,2026-03
TXN0000038071,ACC0018198,135740.44,SUCCESS,2026-07-03 02:53:28,1,1,1,2026-07
TXN0000038082,ACC0001882,50958.73,SUCCESS,2026-06-05 05:57:20,1,2,1,2026-06
TXN0000038083,ACC0017862,44134.69,SUCCESS,2026-01-29 05:59:32,1,1,1,2026-01
TXN0000038091,ACC0018067,68432.17,SUCCESS,2026-03-13 19:34:57,1,1,1,2026-03
TXN0000038098,ACC0005803,5416.08,SUCCESS,2026-05-11 09:25:53,1,1,1,2026-05
TXN0000038099,ACC0007171,94257.83,SUCCESS,2026-02-04 03:27:05,1,1,1,2026-02
TXN0000038109,ACC0007886,106790.72,SUCCESS,2026-02-21 02:05:05,1,1,1,2026-02
TXN0000038110,ACC0010158,31009.7,SUCCESS,2026-02-02 12:58:24,1,1,1,2026-02
TXN0000038120,ACC0009570,42375.4,SUCCESS,2026-03-14 21:26:14,1,1,1,2026-03
TXN0000038121,ACC0020752,127802.0,SUCCESS,2026-03-01 05:21:42,1,1,1,2026-03
TXN0000038125,ACC0019378,137456.12,SUCCESS,2026-04-27 19:54:37,1,1,1,2026-04
TXN0000038127,ACC0003952,107836.83,SUCCESS,2026-03-03 07:21:07,1,1,1,2026-03
TXN0000038128,ACC0014143,73528.16,SUCCESS,2026-05-08 00:34:42,1,1,1,2026-05
TXN0000038129,ACC0000630,88928.54,SUCCESS,2026-07-15 13:38:24,1,1,1,2026-07
TXN0000038130,ACC0027404,20070.63,SUCCESS,2026-01-04 12:40:06,1,1,1,2026-01
TXN0000038132,ACC0008372,123207.73,SUCCESS,2026-04-13 23:49:10,1,1,1,2026-04
TXN0000038136,ACC0026474,130850.94,SUCCESS,2026-01-12 10:04:28,1,1,1,2026-01
TXN0000038147,ACC0009080,52282.17,SUCCESS,2026-03-22 15:49:34,1,1,1,2026-03
TXN0000038157,ACC0015905,39093.75,SUCCESS,2026-05-15 12:15:06,1,1,1,2026-05
TXN0000038160,ACC0017389,131002.22,SUCCESS,2026-07-31 02:15:17,1,1,1,2026-07
TXN0000038167,ACC0017951,45420.0,SUCCESS,2026-02-11 21:07:28,1,1,1,2026-02
TXN0000038169,ACC0013308,143388.46,SUCCESS,2026-05-05 03:22:48,1,1,1,2026-05
TXN0000038171,ACC0004394,89005.81,SUCCESS,2026-01-18 15:25:54,1,2,1,2026-01
TXN0000038187,ACC0005519,125504.24,SUCCESS,2026-07-29 19:56:39,1,1,1,2026-07
TXN0000038193,ACC0003927,82291.47,SUCCESS,2026-06-24 10:20:46,1,1,1,2026-06
TXN0000038200,ACC0019031,18256.74,SUCCESS,2026-02-09 19:43:13,1,1,1,2026-02
TXN0000038211,ACC0019423,118465.58,SUCCESS,2026-05-24 23:38:31,1,1,1,2026-05
TXN0000038213,ACC0002473,55990.16,SUCCESS,2026-04-03 13:35:54,1,2,1,2026-04
TXN0000038214,ACC0012999,38561.47,SUCCESS,2026-03-19 23:48:48,1,1,1,2026-03
TXN0000038216,ACC0003334,137638.09,SUCCESS,2026-08-07 19:59:04,1,1,1,2026-08
TXN0000038222,ACC0020788,75288.58,SUCCESS,2026-06-20 06:34:11,1,1,1,2026-06
TXN0000038228,ACC0020395,33146.97,SUCCESS,2026-06-08 08:11:53,1,1,1,2026-06
TXN0000038231,ACC0016190,145372.15,SUCCESS,2026-05-27 13:56:09,1,1,1,2026-05
TXN0000038239,ACC0002733,23629.92,SUCCESS,2026-04-02 01:54:14,1,1,1,2026-04
TXN0000038240,ACC0000090,51352.77,SUCCESS,2026-05-05 21:01:04,1,1,1,2026-05
TXN0000038242,ACC0014124,62841.31,SUCCESS,2026-07-08 11:29:59,1,1,1,2026-07
TXN0000038252,ACC0014467,86143.44,SUCCESS,2026-05-30 01:21:50,1,1,1,2026-05
TXN0000038254,ACC0018525,23028.52,SUCCESS,2026-01-09 16:58:47,1,2,1,2026-01
TXN0000038258,ACC0006476,36918.94,SUCCESS,2026-02-27 13:19:34,1,1,1,2026-02
TXN0000038259,ACC0025961,78453.79,SUCCESS,2026-03-22 09:52:33,1,1,1,2026-03
TXN0000038266,ACC0017942,120890.56,SUCCESS,2026-03-08 01:28:33,1,1,1,2026-03
TXN0000038268,ACC0000658,140664.55,SUCCESS,2026-02-12 09:22:52,1,1,1,2026-02
TXN0000038270,ACC0017216,7831.46,SUCCESS,2026-06-01 15:56:31,1,1,1,2026-06
TXN0000038285,ACC0025080,108988.27,SUCCESS,2026-03-14 13:49:49,1,1,1,2026-03
TXN0000038286,ACC0026897,56880.96,SUCCESS,2026-07-19 05:26:19,1,1,1,2026-07
TXN0000038287,ACC0020427,28706.04,SUCCESS,2026-08-03 08:25:27,1,2,1,2026-08
TXN0000038289,ACC0001904,87596.64,SUCCESS,2026-08-08 10:18:09,1,2,1,2026-08
TXN0000038292,ACC0018861,71305.79,SUCCESS,2026-06-17 17:52:04,1,1,1,2026-06
TXN0000038293,ACC0008546,97416.6,SUCCESS,2026-07-03 19:02:19,1,1,1,2026-07
TXN0000038303,ACC0002307,113611.66,SUCCESS,2026-07-04 23:41:10,1,1,1,2026-07
TXN0000038305,ACC0007699,101292.81,SUCCESS,2026-04-15 12:21:54,1,1,1,2026-04
TXN0000038310,ACC0014864,98851.49,SUCCESS,2026-03-02 05:57:44,1,1,1,2026-03
TXN0000038319,ACC0013755,128726.1,SUCCESS,2026-02-07 20:25:01,1,1,1,2026-02
TXN0000038336,ACC0015274,26315.31,SUCCESS,2026-01-05 06:45:40,1,1,1,2026-01
TXN0000038337,ACC0013890,135636.92,SUCCESS,2026-05-04 19:30:48,1,2,1,2026-05
TXN0000038340,ACC0012896,142985.13,SUCCESS,2026-06-13 18:32:19,1,1,1,2026-06
TXN0000038341,ACC0029800,105219.84,SUCCESS,2026-05-17 01:29:43,1,1,1,2026-05
TXN0000038355,ACC0004275,79393.02,SUCCESS,2026-08-04 11:11:13,1,1,1,2026-08
TXN0000038356,ACC0015943,42933.44,SUCCESS,2026-03-31 21:39:23,1,1,1,2026-03
TXN0000038357,ACC0020774,58036.79,SUCCESS,2026-03-02 02:41:46,1,1,1,2026-03
TXN0000038364,ACC0018010,95144.02,SUCCESS,2026-05-07 16:11:10,1,1,1,2026-05
TXN0000038369,ACC0028951,123875.29,SUCCESS,2026-03-02 12:28:16,1,1,1,2026-03
TXN0000038374,ACC0008074,11673.34,SUCCESS,2026-06-17 19:25:40,1,1,1,2026-06
TXN0000038376,ACC0004886,20210.62,SUCCESS,2026-04-12 07:01:23,1,1,1,2026-04
TXN0000038378,ACC0000787,82155.45,SUCCESS,2026-04-01 15:07:35,1,1,1,2026-04
TXN0000038397,ACC0020432,99018.24,SUCCESS,2026-01-30 03:56:03,1,1,1,2026-01
TXN0000038404,ACC0022150,118789.47,SUCCESS,2026-01-23 05:28:51,1,1,1,2026-01
TXN0000038407,ACC0021820,47166.92,SUCCESS,2026-01-18 07:32:41,1,1,1,2026-01
TXN0000038415,ACC0004456,112180.31,SUCCESS,2026-05-05 12:28:48,1,2,1,2026-05
TXN0000038422,ACC0016287,112779.85,SUCCESS,2026-08-08 12:29:27,1,1,1,2026-08
TXN0000038424,ACC0025770,30407.61,SUCCESS,2026-07-11 00:53:14,1,1,1,2026-07
TXN0000038425,ACC0023435,91202.12,SUCCESS,2026-06-21 15:26:53,1,1,1,2026-06
TXN0000038427,ACC0026489,83780.26,SUCCESS,2026-05-23 02:51:42,1,1,1,2026-05
TXN0000038430,ACC0021301,23417.49,SUCCESS,2026-02-02 21:56:05,1,1,1,2026-02
TXN0000038437,ACC0012296,46032.14,SUCCESS,2026-06-02 21:06:22,1,1,1,2026-06
TXN0000038444,ACC0025356,32155.86,SUCCESS,2026-03-06 00:50:50,1,1,1,2026-03
TXN0000038448,ACC0020629,143706.15,SUCCESS,2026-03-22 01:03:33,1,1,1,2026-03
TXN0000038479,ACC0022228,130036.23,SUCCESS,2026-06-12 14:31:17,1,1,1,2026-06
TXN0000038481,ACC0003930,99688.46,SUCCESS,2026-06-18 10:43:42,1,1,1,2026-06
TXN0000038503,ACC0002528,11116.04,SUCCESS,2026-02-11 15:12:13,1,1,1,2026-02
TXN0000038508,ACC0002524,118780.69,SUCCESS,2026-07-22 13:06:43,1,1,1,2026-07
TXN0000038514,ACC0013653,44303.13,SUCCESS,2026-07-18 22:06:57,1,1,1,2026-07
TXN0000038521,ACC0006407,149028.47,SUCCESS,2026-07-19 04:13:12,1,1,1,2026-07
TXN0000038525,ACC0011701,142070.7,SUCCESS,2026-04-19 14:57:13,1,1,1,2026-04
TXN0000038526,ACC0019568,30797.58,SUCCESS,2026-07-17 01:13:28,1,1,1,2026-07
TXN0000038528,ACC0005714,18710.48,SUCCESS,2026-07-23 06:02:06,1,1,1,2026-07
TXN0000038531,ACC0017990,98738.83,SUCCESS,2026-04-01 21:37:38,1,1,1,2026-04
TXN0000038535,ACC0015833,84109.89,SUCCESS,2026-02-01 22:09:55,1,1,1,2026-02
TXN0000038538,ACC0014298,4193.24,SUCCESS,2026-06-14 01:43:00,1,1,1,2026-06
TXN0000038543,ACC0029183,43340.89,SUCCESS,2026-04-19 09:30:32,1,1,1,2026-04
TXN0000038548,ACC0028942,96925.23,SUCCESS,2026-06-30 17:11:48,1,1,1,2026-06
TXN0000038551,ACC0018824,55656.86,SUCCESS,2026-06-23 23:11:13,1,1,1,2026-06
TXN0000038556,ACC0008302,41317.13,SUCCESS,2026-06-01 19:58:06,1,1,1,2026-06
TXN0000038565,ACC0010700,70518.72,SUCCESS,2026-06-28 06:14:20,1,1,1,2026-06
TXN0000038570,ACC0008098,11519.84,SUCCESS,2026-02-06 05:50:39,1,1,1,2026-02
TXN0000038571,ACC0014741,15078.36,SUCCESS,2026-01-23 23:52:11,1,1,1,2026-01
TXN0000038574,ACC0008965,59099.51,SUCCESS,2026-07-31 17:48:54,1,1,1,2026-07
TXN0000038586,ACC0010163,125805.44,SUCCESS,2026-02-24 14:00:29,1,1,1,2026-02
TXN0000038595,ACC0007364,91386.16,SUCCESS,2026-07-26 17:13:36,1,1,1,2026-07
TXN0000038598,ACC0003172,44629.26,SUCCESS,2026-06-02 05:39:00,1,1,1,2026-06
TXN0000038612,ACC0014906,8861.1,SUCCESS,2026-07-23 04:06:15,1,1,1,2026-07
TXN0000038619,ACC0026071,58047.79,SUCCESS,2026-06-06 15:45:26,1,1,1,2026-06
TXN0000038625,ACC0016325,50594.74,SUCCESS,2026-05-24 08:34:07,1,1,1,2026-05
TXN0000038640,ACC0024670,129900.44,SUCCESS,2026-05-14 07:51:39,1,1,1,2026-05
TXN0000038646,ACC0018579,97847.24,SUCCESS,2026-01-24 02:57:20,1,1,1,2026-01
TXN0000038654,ACC0026459,106596.42,SUCCESS,2026-05-28 22:59:21,1,1,1,2026-05
TXN0000038661,ACC0029531,74473.34,SUCCESS,2026-01-26 01:51:17,1,1,1,2026-01
TXN0000038662,ACC0016308,49765.09,SUCCESS,2026-07-11 11:29:53,1,1,1,2026-07
TXN0000038663,ACC0001463,112780.2,SUCCESS,2026-01-23 03:11:30,1,1,1,2026-01
TXN0000038673,ACC0000879,54642.91,SUCCESS,2026-08-08 13:31:18,1,1,1,2026-08
TXN0000038675,ACC0001285,63868.82,SUCCESS,2026-02-10 04:35:54,1,1,1,2026-02
TXN0000038692,ACC0015915,9779.03,SUCCESS,2026-04-25 10:33:31,1,1,1,2026-04
TXN0000038694,ACC0025639,104718.84,SUCCESS,2026-05-13 19:33:08,1,1,1,2026-05
TXN0000038696,ACC0020994,60878.33,SUCCESS,2026-07-18 16:48:19,1,1,1,2026-07
TXN0000038711,ACC0022141,40506.21,SUCCESS,2026-03-24 20:55:53,1,1,1,2026-03
TXN0000038712,ACC0008267,20435.47,SUCCESS,2026-01-07 20:27:42,1,1,1,2026-01
TXN0000038713,ACC0004383,18256.87,SUCCESS,2026-06-23 15:29:34,1,1,1,2026-06
TXN0000038715,ACC0016973,59668.55,SUCCESS,2026-05-03 06:20:40,1,1,1,2026-05
TXN0000038719,ACC0024061,111849.7,SUCCESS,2026-02-09 11:04:22,1,1,1,2026-02
TXN0000038752,ACC0018220,57029.51,SUCCESS,2026-01-21 16:56:59,1,1,1,2026-01
TXN0000038760,ACC0022418,107210.89,SUCCESS,2026-05-08 19:35:07,1,1,1,2026-05
TXN0000038769,ACC0012101,149340.35,SUCCESS,2026-06-20 11:29:56,1,1,1,2026-06
TXN0000038774,ACC0024197,50843.37,SUCCESS,2026-04-06 03:07:12,1,1,1,2026-04
TXN0000038775,ACC0002886,26678.57,SUCCESS,2026-04-21 14:46:13,1,1,1,2026-04
TXN0000038776,ACC0006306,148143.92,SUCCESS,2026-06-08 08:03:20,1,1,1,2026-06
TXN0000038782,ACC0001023,64923.98,SUCCESS,2026-04-30 03:21:39,1,1,1,2026-04
TXN0000038786,ACC0022928,39662.12,SUCCESS,2026-01-26 19:53:02,1,1,1,2026-01
TXN0000038810,ACC0029541,5724.06,SUCCESS,2026-06-13 06:17:50,1,1,1,2026-06
TXN0000038811,ACC0027124,81211.59,SUCCESS,2026-05-16 09:38:54,1,1,1,2026-05
TXN0000038833,ACC0010883,30810.64,SUCCESS,2026-07-12 08:47:26,1,1,1,2026-07
TXN0000038841,ACC0012306,4467.66,SUCCESS,2026-07-31 03:10:52,1,1,1,2026-07
TXN0000038843,ACC0002681,14233.1,SUCCESS,2026-07-15 20:00:24,1,1,1,2026-07
TXN0000038849,ACC0017209,145706.98,SUCCESS,2026-07-04 06:55:32,1,1,1,2026-07
TXN0000038850,ACC0010569,48099.25,SUCCESS,2026-01-05 13:30:18,1,1,1,2026-01
TXN0000038854,ACC0023480,17178.06,SUCCESS,2026-06-04 05:54:22,1,1,1,2026-06
TXN0000038856,ACC0001490,135559.89,SUCCESS,2026-02-19 13:23:16,1,1,1,2026-02
TXN0000038870,ACC0029998,107663.41,SUCCESS,2026-04-30 18:34:27,1,1,1,2026-04
TXN0000038878,ACC0018335,47493.07,SUCCESS,2026-01-31 16:13:07,1,1,1,2026-01
TXN0000038880,ACC0016167,131433.92,SUCCESS,2026-04-22 19:54:22,1,1,1,2026-04
TXN0000038887,ACC0007121,47017.32,SUCCESS,2026-03-12 16:45:15,1,1,1,2026-03
TXN0000038890,ACC0001716,23490.51,SUCCESS,2026-06-09 08:17:01,1,1,1,2026-06
TXN0000038894,ACC0018327,57937.36,SUCCESS,2026-04-15 00:24:02,1,1,1,2026-04
TXN0000038895,ACC0022928,138258.93,SUCCESS,2026-01-20 04:52:55,1,1,1,2026-01
TXN0000038897,ACC0022907,146433.6,SUCCESS,2026-07-31 06:20:46,1,1,1,2026-07
TXN0000038903,ACC0008291,21212.13,SUCCESS,2026-03-26 20:49:54,1,1,1,2026-03
TXN0000038911,ACC0000863,56681.4,SUCCESS,2026-04-12 05:26:42,1,1,1,2026-04
TXN0000038913,ACC0001929,41650.26,SUCCESS,2026-07-26 05:54:57,1,1,1,2026-07
TXN0000038914,ACC0005311,15586.8,SUCCESS,2026-03-29 22:43:52,1,1,1,2026-03
TXN0000038915,ACC0009195,124970.66,SUCCESS,2026-07-24 01:20:15,1,1,1,2026-07
TXN0000038926,ACC0016737,110016.68,SUCCESS,2026-03-23 11:12:48,1,1,1,2026-03
TXN0000038937,ACC0010361,32051.6,SUCCESS,2026-02-14 00:13:28,1,1,1,2026-02
TXN0000038942,ACC0016802,7449.01,SUCCESS,2026-03-17 16:46:09,1,1,1,2026-03
TXN0000038954,ACC0022000,63716.1,SUCCESS,2026-06-23 09:03:57,1,1,1,2026-06
TXN0000038956,ACC0014968,121682.71,SUCCESS,2026-01-07 22:43:48,1,1,1,2026-01
TXN0000038970,ACC0018033,126973.91,SUCCESS,2026-04-24 00:57:12,1,1,1,2026-04
TXN0000038972,ACC0010354,82450.63,SUCCESS,2026-04-10 02:44:44,1,1,1,2026-04
TXN0000038973,ACC0016854,72822.6,SUCCESS,2026-03-20 01:41:56,1,1,1,2026-03
TXN0000038985,ACC0012326,80298.36,SUCCESS,2026-06-18 14:30:18,1,1,1,2026-06
TXN0000038999,ACC0022220,115484.68,SUCCESS,2026-01-01 04:55:12,1,1,1,2026-01
TXN0000039009,ACC0000021,148955.31,SUCCESS,2026-02-03 03:22:47,1,1,1,2026-02
TXN0000039014,ACC0015140,103835.14,SUCCESS,2026-04-22 00:30:16,1,1,1,2026-04
TXN0000039017,ACC0014505,83193.36,SUCCESS,2026-05-12 06:21:13,1,1,1,2026-05
TXN0000039025,ACC0025735,140453.47,SUCCESS,2026-03-06 05:21:18,1,1,1,2026-03
TXN0000039026,ACC0017895,80531.02,SUCCESS,2026-01-10 01:38:40,1,1,1,2026-01
TXN0000039034,ACC0025267,51790.3,SUCCESS,2026-07-30 23:42:42,1,1,1,2026-07
TXN0000039035,ACC0008641,100449.05,SUCCESS,2026-04-06 14:16:06,1,1,1,2026-04
TXN0000039037,ACC0024893,66992.18,SUCCESS,2026-06-16 10:33:39,1,1,1,2026-06
TXN0000039041,ACC0028188,44312.9,SUCCESS,2026-01-31 13:05:25,1,1,1,2026-01
TXN0000039048,ACC0000071,82726.09,SUCCESS,2026-08-01 02:40:30,1,1,1,2026-08
TXN0000039054,ACC0028804,25937.32,SUCCESS,2026-05-24 01:41:26,1,1,1,2026-05
TXN0000039056,ACC0015567,41483.38,SUCCESS,2026-08-05 09:53:56,1,1,1,2026-08
TXN0000039058,ACC0012668,105256.36,SUCCESS,2026-06-15 11:13:38,1,1,1,2026-06
TXN0000039062,ACC0001006,84312.72,SUCCESS,2026-02-08 12:10:08,1,1,1,2026-02
TXN0000039064,ACC0010145,37725.93,SUCCESS,2026-06-27 00:56:15,1,1,1,2026-06
TXN0000039078,ACC0029567,58418.07,SUCCESS,2026-05-31 22:38:04,1,1,1,2026-05
TXN0000039085,ACC0029080,32171.93,SUCCESS,2026-07-20 23:16:19,1,1,1,2026-07
TXN0000039105,ACC0003412,40186.5,SUCCESS,2026-02-08 04:04:11,1,1,1,2026-02
TXN0000039108,ACC0027046,93952.35,SUCCESS,2026-03-24 19:17:18,1,1,1,2026-03
TXN0000039128,ACC0027142,63043.73,SUCCESS,2026-06-27 04:42:58,1,1,1,2026-06
TXN0000039135,ACC0007191,44280.39,SUCCESS,2026-05-19 11:43:39,1,1,1,2026-05
TXN0000039136,ACC0022869,109909.91,SUCCESS,2026-01-24 01:47:20,1,1,1,2026-01
TXN0000039141,ACC0011619,69470.18,SUCCESS,2026-02-13 11:48:47,1,1,1,2026-02
TXN0000039158,ACC0007601,99098.04,SUCCESS,2026-08-04 20:21:09,1,1,1,2026-08
TXN0000039160,ACC0027864,88937.71,SUCCESS,2026-05-02 13:39:00,1,1,1,2026-05
TXN0000039169,ACC0028603,106876.54,SUCCESS,2026-03-10 02:19:22,1,1,1,2026-03
TXN0000039175,ACC0016324,107800.88,SUCCESS,2026-02-17 14:53:06,1,1,1,2026-02
TXN0000039176,ACC0015925,56939.2,SUCCESS,2026-06-06 14:23:34,1,1,1,2026-06
TXN0000039186,ACC0026435,54667.81,SUCCESS,2026-01-28 01:43:51,1,1,1,2026-01
TXN0000039191,ACC0015500,95961.71,SUCCESS,2026-01-28 21:07:38,1,1,1,2026-01
TXN0000039194,ACC0022498,136900.86,SUCCESS,2026-02-15 08:43:26,1,1,1,2026-02
TXN0000039198,ACC0012517,97622.43,SUCCESS,2026-03-24 11:52:07,1,1,1,2026-03
TXN0000039222,ACC0018570,91222.69,SUCCESS,2026-01-24 10:09:16,1,1,1,2026-01
TXN0000039229,ACC0020771,147090.85,SUCCESS,2026-05-28 11:10:15,1,1,1,2026-05
TXN0000039234,ACC0004487,38365.6,SUCCESS,2026-04-16 11:48:44,1,1,1,2026-04
TXN0000039239,ACC0010047,131629.06,SUCCESS,2026-07-02 16:47:28,1,1,1,2026-07
TXN0000039241,ACC0029806,98585.09,SUCCESS,2026-07-19 12:17:07,1,1,1,2026-07
TXN0000039242,ACC0029834,144076.03,SUCCESS,2026-05-26 20:01:01,1,1,1,2026-05
TXN0000039249,ACC0010723,9958.79,SUCCESS,2026-05-23 18:46:37,1,1,1,2026-05
TXN0000039250,ACC0004804,19516.81,SUCCESS,2026-01-19 16:48:12,1,1,1,2026-01
TXN0000039252,ACC0016125,5853.88,SUCCESS,2026-06-24 15:46:39,1,1,1,2026-06
TXN0000039255,ACC0012283,39213.93,SUCCESS,2026-05-10 15:39:21,1,1,1,2026-05
TXN0000039258,ACC0004829,40620.2,SUCCESS,2026-05-19 07:21:58,1,1,1,2026-05
TXN0000039259,ACC0027905,135328.03,SUCCESS,2026-06-14 22:42:57,1,1,1,2026-06
TXN0000039264,ACC0001030,3799.21,SUCCESS,2026-03-18 09:56:11,1,1,1,2026-03
TXN0000039267,ACC0021253,41813.93,SUCCESS,2026-04-19 10:04:19,1,1,1,2026-04
TXN0000039268,ACC0029291,39230.12,SUCCESS,2026-04-06 17:20:30,1,1,1,2026-04
TXN0000039270,ACC0017939,105313.17,SUCCESS,2026-02-17 02:30:56,1,1,1,2026-02
TXN0000039272,ACC0008061,57763.14,SUCCESS,2026-06-19 13:02:01,1,1,1,2026-06
TXN0000039278,ACC0017490,96306.22,SUCCESS,2026-01-31 16:59:19,1,1,1,2026-01
TXN0000039282,ACC0004873,5939.35,SUCCESS,2026-06-29 19:49:03,1,1,1,2026-06
TXN0000039288,ACC0003326,146128.1,SUCCESS,2026-03-26 09:06:29,1,1,1,2026-03
TXN0000039289,ACC0000678,68996.82,SUCCESS,2026-02-05 09:47:11,1,2,1,2026-02
TXN0000039292,ACC0015707,14885.26,SUCCESS,2026-03-30 03:28:45,1,1,1,2026-03
TXN0000039296,ACC0007580,67445.94,SUCCESS,2026-01-06 02:13:48,1,1,1,2026-01
TXN0000039297,ACC0019087,18989.96,SUCCESS,2026-01-26 19:42:20,1,1,1,2026-01
TXN0000039313,ACC0000548,68986.9,SUCCESS,2026-01-03 07:13:06,1,1,1,2026-01
TXN0000039327,ACC0004685,109566.67,SUCCESS,2026-06-10 04:12:18,1,1,1,2026-06
TXN0000039331,ACC0000696,138871.44,SUCCESS,2026-06-21 13:04:17,1,1,1,2026-06
TXN0000039337,ACC0012405,63113.08,SUCCESS,2026-04-26 03:31:10,1,1,1,2026-04
TXN0000039341,ACC0008672,123705.85,SUCCESS,2026-06-06 09:04:43,1,1,1,2026-06
TXN0000039360,ACC0024274,62811.42,SUCCESS,2026-01-30 08:30:00,1,1,1,2026-01
TXN0000039364,ACC0004360,55097.73,SUCCESS,2026-04-27 05:04:42,1,1,1,2026-04
TXN0000039366,ACC0021179,97163.43,SUCCESS,2026-02-22 05:46:05,1,1,1,2026-02
TXN0000039385,ACC0014940,20641.06,SUCCESS,2026-02-21 09:12:02,1,1,1,2026-02
TXN0000039392,ACC0015695,75390.57,SUCCESS,2026-02-16 10:32:37,1,1,1,2026-02
TXN0000039400,ACC0009026,3348.67,SUCCESS,2026-06-19 06:47:24,1,1,1,2026-06
TXN0000039406,ACC0015331,128737.88,SUCCESS,2026-04-20 02:01:20,1,1,1,2026-04
TXN0000039419,ACC0003336,11401.59,SUCCESS,2026-04-15 19:59:38,1,1,1,2026-04
TXN0000039431,ACC0023026,9453.12,SUCCESS,2026-07-01 18:51:22,1,1,1,2026-07
TXN0000039453,ACC0011543,95092.75,SUCCESS,2026-06-22 06:46:53,1,1,1,2026-06
TXN0000039461,ACC0014266,133636.44,SUCCESS,2026-06-30 14:46:59,1,1,1,2026-06
TXN0000039464,ACC0000119,101828.2,SUCCESS,2026-07-28 21:44:45,1,1,1,2026-07
TXN0000039465,ACC0012325,36854.73,SUCCESS,2026-06-16 05:07:11,1,1,1,2026-06
TXN0000039469,ACC0007682,54423.73,SUCCESS,2026-04-11 02:20:22,1,1,1,2026-04
TXN0000039473,ACC0009978,90094.17,SUCCESS,2026-05-03 02:32:26,1,1,1,2026-05
TXN0000039486,ACC0005773,116491.6,SUCCESS,2026-08-07 21:27:43,1,1,1,2026-08
TXN0000039492,ACC0015809,142377.65,SUCCESS,2026-06-26 06:18:56,1,1,1,2026-06
TXN0000039502,ACC0000975,127064.32,SUCCESS,2026-05-25 00:48:19,1,1,1,2026-05
TXN0000039503,ACC0000736,128620.66,SUCCESS,2026-04-28 20:50:27,1,1,1,2026-04
TXN0000039507,ACC0026200,19838.88,SUCCESS,2026-04-02 22:57:05,1,1,1,2026-04
TXN0000039515,ACC0003904,506.22,SUCCESS,2026-04-22 19:57:40,1,1,1,2026-04
TXN0000039516,ACC0008111,65876.82,SUCCESS,2026-01-27 00:27:29,1,1,1,2026-01
TXN0000039521,ACC0005634,68793.72,SUCCESS,2026-06-29 15:26:08,1,1,1,2026-06
TXN0000039530,ACC0008860,63719.63,SUCCESS,2026-03-24 22:05:28,1,1,1,2026-03
TXN0000039535,ACC0015799,88434.09,SUCCESS,2026-07-14 16:49:21,1,1,1,2026-07
TXN0000039538,ACC0007069,5569.54,SUCCESS,2026-05-16 11:15:06,1,1,1,2026-05
TXN0000039539,ACC0015072,122199.22,SUCCESS,2026-01-23 22:37:06,1,1,1,2026-01
TXN0000039542,ACC0010856,142387.78,SUCCESS,2026-04-29 09:10:21,1,1,1,2026-04
TXN0000039543,ACC0001211,132574.98,SUCCESS,2026-02-28 15:01:58,1,1,1,2026-02
TXN0000039544,ACC0008685,55224.44,SUCCESS,2026-03-23 23:35:04,1,1,1,2026-03
TXN0000039545,ACC0013939,47423.24,SUCCESS,2026-04-28 10:43:18,1,1,1,2026-04
TXN0000039546,ACC0016483,122250.49,SUCCESS,2026-07-31 16:25:59,1,1,1,2026-07
TXN0000039548,ACC0024754,147477.45,SUCCESS,2026-04-14 14:35:01,1,1,1,2026-04
TXN0000039549,ACC0015628,13235.69,SUCCESS,2026-03-16 22:34:39,1,1,1,2026-03
TXN0000039552,ACC0006914,118804.08,SUCCESS,2026-08-05 04:59:01,1,1,1,2026-08
TXN0000039559,ACC0014846,123710.6,SUCCESS,2026-04-15 23:48:04,1,1,1,2026-04
TXN0000039565,ACC0025835,136427.67,SUCCESS,2026-08-07 01:26:41,1,1,1,2026-08
TXN0000039569,ACC0002465,42801.79,SUCCESS,2026-03-28 07:08:43,1,1,1,2026-03
TXN0000039582,ACC0010737,97852.96,SUCCESS,2026-05-26 10:10:54,1,1,1,2026-05
TXN0000039585,ACC0022534,126096.04,SUCCESS,2026-02-11 05:52:12,1,1,1,2026-02
TXN0000039586,ACC0024809,58521.33,SUCCESS,2026-01-16 03:42:00,1,1,1,2026-01
TXN0000039589,ACC0002455,146490.67,SUCCESS,2026-04-20 07:21:41,1,1,1,2026-04
TXN0000039592,ACC0013417,52052.73,SUCCESS,2026-05-05 12:04:12,1,1,1,2026-05
TXN0000039594,ACC0025304,135859.13,SUCCESS,2026-08-06 06:30:16,1,1,1,2026-08
TXN0000039606,ACC0001452,48610.04,SUCCESS,2026-08-03 08:24:59,1,1,1,2026-08
TXN0000039607,ACC0004410,143792.54,SUCCESS,2026-03-02 08:48:18,1,1,1,2026-03
TXN0000039609,ACC0012066,59594.48,SUCCESS,2026-07-30 18:11:02,1,1,1,2026-07
TXN0000039615,ACC0010037,67965.01,SUCCESS,2026-02-03 06:47:38,1,1,1,2026-02
TXN0000039622,ACC0008507,85548.7,SUCCESS,2026-04-25 03:36:31,1,1,1,2026-04
TXN0000039624,ACC0025466,116251.47,SUCCESS,2026-04-12 21:07:40,1,1,1,2026-04
TXN0000039625,ACC0025652,141306.11,SUCCESS,2026-01-07 03:16:45,1,1,1,2026-01
TXN0000039632,ACC0020473,85000.2,SUCCESS,2026-07-27 10:52:09,1,1,1,2026-07
TXN0000039636,ACC0004734,106422.44,SUCCESS,2026-07-24 16:51:35,1,1,1,2026-07
TXN0000039638,ACC0009255,138446.09,SUCCESS,2026-05-06 23:58:52,1,1,1,2026-05
TXN0000039639,ACC0018832,16192.16,SUCCESS,2026-05-19 13:30:45,1,1,1,2026-05
TXN0000039641,ACC0021619,137274.9,SUCCESS,2026-07-22 02:07:41,1,1,1,2026-07
TXN0000039651,ACC0019137,67218.81,SUCCESS,2026-06-13 06:05:48,1,1,1,2026-06
TXN0000039657,ACC0026234,54319.7,SUCCESS,2026-02-16 17:07:58,1,1,1,2026-02
TXN0000039673,ACC0011370,52120.74,SUCCESS,2026-07-16 07:25:22,1,1,1,2026-07
TXN0000039681,ACC0020961,23073.13,SUCCESS,2026-03-24 10:46:51,1,1,1,2026-03
TXN0000039682,ACC0014711,2531.13,SUCCESS,2026-01-22 23:16:29,1,1,1,2026-01
TXN0000039684,ACC0024190,57418.63,SUCCESS,2026-04-15 17:25:45,1,1,1,2026-04
TXN0000039709,ACC0026474,42803.28,SUCCESS,2026-02-12 11:10:25,1,1,1,2026-02
TXN0000039716,ACC0022897,85533.43,SUCCESS,2026-05-11 09:46:54,1,1,1,2026-05
TXN0000039718,ACC0008731,96478.62,SUCCESS,2026-07-02 08:08:44,1,1,1,2026-07
TXN0000039723,ACC0009292,78847.49,SUCCESS,2026-06-11 00:34:58,1,1,1,2026-06
TXN0000039727,ACC0018511,83507.94,SUCCESS,2026-03-02 00:48:57,1,1,1,2026-03
TXN0000039736,ACC0022848,45739.81,SUCCESS,2026-06-26 05:36:55,1,1,1,2026-06
TXN0000039748,ACC0001365,133717.06,SUCCESS,2026-01-30 10:43:50,1,1,1,2026-01
TXN0000039753,ACC0015911,112293.22,SUCCESS,2026-03-05 09:14:58,1,1,1,2026-03
TXN0000039754,ACC0015065,58368.13,SUCCESS,2026-03-20 21:36:26,1,2,1,2026-03
TXN0000039759,ACC0017039,11690.2,SUCCESS,2026-06-27 08:22:30,1,1,1,2026-06
TXN0000039762,ACC0027957,75086.18,SUCCESS,2026-04-08 18:13:03,1,1,1,2026-04
TXN0000039764,ACC0025630,75519.1,SUCCESS,2026-06-19 02:01:11,1,1,1,2026-06
TXN0000039781,ACC0023633,52022.07,SUCCESS,2026-06-26 15:15:33,1,1,1,2026-06
TXN0000039782,ACC0026607,40241.69,SUCCESS,2026-04-17 16:29:25,1,1,1,2026-04
TXN0000039800,ACC0019740,39596.42,SUCCESS,2026-01-17 12:43:00,1,1,1,2026-01
TXN0000039802,ACC0025668,56347.35,SUCCESS,2026-01-19 02:57:52,1,1,1,2026-01
TXN0000039808,ACC0007410,69639.55,SUCCESS,2026-05-23 15:19:14,1,1,1,2026-05
TXN0000039811,ACC0021356,21939.12,SUCCESS,2026-06-26 18:56:45,1,1,1,2026-06
TXN0000039820,ACC0012801,98722.79,SUCCESS,2026-04-24 23:43:23,1,1,1,2026-04
TXN0000039821,ACC0021587,46208.1,SUCCESS,2026-04-25 07:44:45,1,1,1,2026-04
TXN0000039835,ACC0020216,123893.35,SUCCESS,2026-02-21 20:59:58,1,1,1,2026-02
TXN0000039843,ACC0029734,113809.13,SUCCESS,2026-05-31 19:57:40,1,1,1,2026-05
TXN0000039849,ACC0006592,12622.38,SUCCESS,2026-04-02 19:51:18,1,1,1,2026-04
TXN0000039854,ACC0004590,25377.96,SUCCESS,2026-06-03 21:39:39,1,1,1,2026-06
TXN0000039855,ACC0016273,45582.51,SUCCESS,2026-04-13 00:36:02,1,1,1,2026-04
TXN0000039861,ACC0022821,43584.84,SUCCESS,2026-04-01 21:48:03,1,1,1,2026-04
TXN0000039863,ACC0010058,21745.5,SUCCESS,2026-07-18 01:55:47,1,1,1,2026-07
TXN0000039865,ACC0010369,91406.94,SUCCESS,2026-08-03 12:03:18,1,1,1,2026-08
TXN0000039871,ACC0016411,59431.24,SUCCESS,2026-04-28 05:45:03,1,1,1,2026-04
TXN0000039874,ACC0009293,132607.4,SUCCESS,2026-08-05 20:59:32,1,1,1,2026-08
TXN0000039875,ACC0015301,52822.7,SUCCESS,2026-05-15 11:28:36,1,1,1,2026-05
TXN0000039876,ACC0025583,37638.17,SUCCESS,2026-04-08 19:36:55,1,1,1,2026-04
TXN0000039884,ACC0002837,4032.59,SUCCESS,2026-02-16 05:40:58,1,1,1,2026-02
TXN0000039885,ACC0007303,100564.23,SUCCESS,2026-02-09 14:52:54,1,1,1,2026-02
TXN0000039891,ACC0020066,137177.12,SUCCESS,2026-05-05 15:00:40,1,2,1,2026-05
TXN0000039894,ACC0010756,121286.33,SUCCESS,2026-02-20 02:47:46,1,1,1,2026-02
TXN0000039906,ACC0001260,61711.2,SUCCESS,2026-01-23 22:03:33,1,1,1,2026-01
TXN0000039924,ACC0016877,96681.46,SUCCESS,2026-06-01 11:10:52,1,1,1,2026-06
TXN0000039932,ACC0006049,37543.38,SUCCESS,2026-08-08 00:09:29,1,1,1,2026-08
TXN0000039944,ACC0025557,27260.84,SUCCESS,2026-01-17 07:49:56,1,1,1,2026-01
TXN0000039945,ACC0009699,57265.53,SUCCESS,2026-01-16 10:16:17,1,1,1,2026-01
TXN0000039966,ACC0003633,91736.27,SUCCESS,2026-07-31 19:44:57,1,1,1,2026-07
TXN0000039969,ACC0013853,71182.46,SUCCESS,2026-02-01 06:21:21,1,1,1,2026-02
TXN0000039970,ACC0021143,82533.06,SUCCESS,2026-03-13 08:15:53,1,1,1,2026-03
TXN0000039980,ACC0018928,59973.24,SUCCESS,2026-03-18 07:15:18,1,1,1,2026-03
TXN0000039987,ACC0005287,24590.51,SUCCESS,2026-05-27 12:47:07,1,1,1,2026-05
TXN0000039988,ACC0017929,142406.71,SUCCESS,2026-03-13 03:20:50,1,1,1,2026-03
TXN0000039991,ACC0012473,55156.55,SUCCESS,2026-04-26 08:48:54,1,1,1,2026-04
TXN0000040030,ACC0029521,17352.88,SUCCESS,2026-05-20 01:37:07,1,1,1,2026-05
TXN0000040034,ACC0012274,106135.25,SUCCESS,2026-06-04 19:04:58,1,1,1,2026-06
TXN0000040037,ACC0016295,43003.91,SUCCESS,2026-05-20 14:53:48,1,1,1,2026-05
TXN0000040046,ACC0013493,65754.35,SUCCESS,2026-06-28 07:23:05,1,1,1,2026-06
TXN0000040052,ACC0012170,40985.46,SUCCESS,2026-04-09 07:44:24,1,1,1,2026-04
TXN0000040069,ACC0008425,129689.75,SUCCESS,2026-04-17 05:10:08,1,1,1,2026-04
TXN0000040075,ACC0005388,125587.64,SUCCESS,2026-07-05 06:29:01,1,1,1,2026-07
TXN0000040079,ACC0002585,1483.92,SUCCESS,2026-05-10 08:24:51,1,1,1,2026-05
TXN0000040081,ACC0017283,132745.12,SUCCESS,2026-02-02 23:01:16,1,1,1,2026-02
TXN0000040105,ACC0006253,143349.16,SUCCESS,2026-06-12 18:47:18,1,1,1,2026-06
TXN0000040108,ACC0024256,25039.42,SUCCESS,2026-05-14 08:50:04,1,1,1,2026-05
TXN0000040109,ACC0008451,28900.41,SUCCESS,2026-06-19 09:22:24,1,1,1,2026-06
TXN0000040113,ACC0017323,23015.32,SUCCESS,2026-06-30 22:52:35,1,1,1,2026-06
TXN0000040115,ACC0024190,133608.9,SUCCESS,2026-04-04 04:01:04,1,1,1,2026-04
TXN0000040119,ACC0001495,57315.88,SUCCESS,2026-04-09 09:58:03,1,1,1,2026-04
TXN0000040133,ACC0019196,52380.89,SUCCESS,2026-05-08 12:21:55,1,1,1,2026-05
TXN0000040134,ACC0015116,27457.66,SUCCESS,2026-05-22 14:15:31,1,1,1,2026-05
TXN0000040146,ACC0022879,115118.38,SUCCESS,2026-03-24 15:33:01,1,1,1,2026-03
TXN0000040156,ACC0020713,40823.2,SUCCESS,2026-03-06 08:11:38,1,1,1,2026-03
TXN0000040157,ACC0006955,137920.28,SUCCESS,2026-07-18 21:25:03,1,1,1,2026-07
TXN0000040160,ACC0004629,9730.3,SUCCESS,2026-06-22 14:26:17,1,1,1,2026-06
TXN0000040161,ACC0021289,99032.53,SUCCESS,2026-06-21 19:50:59,1,1,1,2026-06
TXN0000040169,ACC0001836,82776.8,SUCCESS,2026-02-16 14:54:08,1,1,1,2026-02
TXN0000040174,ACC0018624,40454.54,SUCCESS,2026-06-18 17:51:19,1,1,1,2026-06
TXN0000040175,ACC0026264,134153.05,SUCCESS,2026-02-27 08:29:06,1,1,1,2026-02
TXN0000040177,ACC0026711,106688.96,SUCCESS,2026-02-01 19:27:04,1,1,1,2026-02
TXN0000040179,ACC0013674,107570.18,SUCCESS,2026-03-21 17:05:18,1,1,1,2026-03
TXN0000040208,ACC0026394,65631.27,SUCCESS,2026-06-27 05:02:56,1,1,1,2026-06
TXN0000040215,ACC0026278,132338.33,SUCCESS,2026-06-13 19:09:12,1,1,1,2026-06
TXN0000040220,ACC0001711,102595.35,SUCCESS,2026-02-09 12:38:19,1,1,1,2026-02
TXN0000040222,ACC0011804,93174.88,SUCCESS,2026-05-17 15:06:47,1,1,1,2026-05
TXN0000040225,ACC0007967,115859.16,SUCCESS,2026-06-19 05:09:43,1,1,1,2026-06
TXN0000040241,ACC0011149,66117.84,SUCCESS,2026-02-23 02:24:23,1,1,1,2026-02
TXN0000040242,ACC0026077,46060.74,SUCCESS,2026-02-15 18:31:26,1,1,1,2026-02
TXN0000040243,ACC0010964,10062.95,SUCCESS,2026-05-31 01:53:57,1,1,1,2026-05
TXN0000040254,ACC0015516,89928.81,SUCCESS,2026-05-28 18:34:26,1,1,1,2026-05
TXN0000040255,ACC0005473,3567.91,SUCCESS,2026-02-09 14:29:00,1,1,1,2026-02
TXN0000040260,ACC0025951,14688.66,SUCCESS,2026-01-09 04:14:13,1,1,1,2026-01
TXN0000040269,ACC0029227,129908.61,SUCCESS,2026-03-08 01:41:13,1,1,1,2026-03
TXN0000040282,ACC0006268,56794.64,SUCCESS,2026-07-11 14:30:25,1,1,1,2026-07
TXN0000040286,ACC0006848,19786.09,SUCCESS,2026-03-11 13:45:18,1,1,1,2026-03
TXN0000040287,ACC0005335,81550.23,SUCCESS,2026-05-27 04:49:32,1,1,1,2026-05
TXN0000040291,ACC0008399,19393.71,SUCCESS,2026-07-21 07:35:35,1,1,1,2026-07
TXN0000040292,ACC0025873,64237.39,SUCCESS,2026-07-01 06:40:15,1,1,1,2026-07
TXN0000040293,ACC0011780,4456.46,SUCCESS,2026-03-03 08:25:38,1,1,1,2026-03
TXN0000040295,ACC0004835,69676.25,SUCCESS,2026-07-10 23:02:36,1,1,1,2026-07
TXN0000040307,ACC0010876,18270.76,SUCCESS,2026-02-06 09:00:11,1,1,1,2026-02
TXN0000040312,ACC0016075,25681.34,SUCCESS,2026-03-06 15:23:21,1,1,1,2026-03
TXN0000040315,ACC0020004,106346.19,SUCCESS,2026-03-28 17:15:53,1,1,1,2026-03
TXN0000040316,ACC0009411,142086.67,SUCCESS,2026-01-13 16:59:28,1,1,1,2026-01
TXN0000040319,ACC0010701,98021.47,SUCCESS,2026-02-11 00:52:54,1,1,1,2026-02
TXN0000040323,ACC0001533,77556.3,SUCCESS,2026-01-19 17:11:52,1,1,1,2026-01
TXN0000040332,ACC0011710,106821.52,SUCCESS,2026-01-02 09:23:33,1,1,1,2026-01
TXN0000040338,ACC0022343,75929.0,SUCCESS,2026-07-24 16:38:26,1,2,1,2026-07
TXN0000040341,ACC0021202,52648.15,SUCCESS,2026-06-24 02:04:59,1,1,1,2026-06
TXN0000040342,ACC0024620,64166.88,SUCCESS,2026-02-22 19:59:25,1,1,1,2026-02
TXN0000040345,ACC0020116,28034.73,SUCCESS,2026-03-31 09:45:31,1,1,1,2026-03
TXN0000040346,ACC0013379,58853.74,SUCCESS,2026-05-17 21:51:05,1,1,1,2026-05
TXN0000040348,ACC0029359,51953.86,SUCCESS,2026-02-15 12:34:06,1,1,1,2026-02
TXN0000040349,ACC0006323,138961.87,SUCCESS,2026-02-02 14:11:06,1,1,1,2026-02
TXN0000040354,ACC0027504,71987.22,SUCCESS,2026-03-23 05:36:21,1,1,1,2026-03
TXN0000040355,ACC0014058,73235.59,SUCCESS,2026-01-21 16:36:52,1,1,1,2026-01
TXN0000040360,ACC0011820,61996.59,SUCCESS,2026-05-15 09:51:32,1,1,1,2026-05
TXN0000040387,ACC0007430,141251.13,SUCCESS,2026-03-26 18:15:12,1,1,1,2026-03
TXN0000040398,ACC0009635,113458.02,SUCCESS,2026-05-17 23:34:54,1,1,1,2026-05
TXN0000040400,ACC0014504,116050.76,SUCCESS,2026-01-24 08:59:38,1,1,1,2026-01
TXN0000040403,ACC0012013,117890.23,SUCCESS,2026-02-13 17:17:39,1,1,1,2026-02
TXN0000040404,ACC0009684,40411.05,SUCCESS,2026-01-12 02:15:30,1,1,1,2026-01
TXN0000040405,ACC0016926,44592.91,SUCCESS,2026-04-07 19:49:31,1,1,1,2026-04
TXN0000040406,ACC0018327,79384.7,SUCCESS,2026-01-16 00:12:17,1,1,1,2026-01
TXN0000040424,ACC0027777,58320.03,SUCCESS,2026-01-25 15:00:13,1,1,1,2026-01
TXN0000040426,ACC0016709,36847.94,SUCCESS,2026-05-23 19:38:57,1,1,1,2026-05
TXN0000040427,ACC0002725,77233.03,SUCCESS,2026-04-19 18:05:52,1,1,1,2026-04
TXN0000040431,ACC0000575,7078.89,SUCCESS,2026-03-16 23:15:13,1,1,1,2026-03
TXN0000040435,ACC0009039,146793.51,SUCCESS,2026-01-26 23:34:03,1,1,1,2026-01
TXN0000040436,ACC0000468,111118.26,SUCCESS,2026-04-20 04:38:24,1,1,1,2026-04
TXN0000040439,ACC0007140,143826.18,SUCCESS,2026-06-29 04:38:08,1,1,1,2026-06
TXN0000040440,ACC0006027,40593.27,SUCCESS,2026-05-12 11:37:17,1,1,1,2026-05
TXN0000040455,ACC0000231,110504.07,SUCCESS,2026-02-06 08:11:34,1,1,1,2026-02
TXN0000040464,ACC0001139,37597.98,SUCCESS,2026-07-20 10:36:36,1,1,1,2026-07
TXN0000040465,ACC0019301,75031.53,SUCCESS,2026-01-04 14:53:23,1,1,1,2026-01
TXN0000040466,ACC0027989,89223.06,SUCCESS,2026-05-24 11:02:29,1,1,1,2026-05
TXN0000040470,ACC0023086,93664.93,SUCCESS,2026-04-27 11:41:47,1,1,1,2026-04
TXN0000040492,ACC0000257,89064.06,SUCCESS,2026-05-14 04:12:06,1,1,1,2026-05
TXN0000040497,ACC0026910,43073.22,SUCCESS,2026-04-13 16:50:55,1,1,1,2026-04
TXN0000040503,ACC0012146,39105.18,SUCCESS,2026-08-07 03:03:42,1,1,1,2026-08
TXN0000040505,ACC0007657,125905.02,SUCCESS,2026-05-16 09:29:56,1,1,1,2026-05
TXN0000040512,ACC0002243,74568.9,SUCCESS,2026-06-14 14:04:35,1,1,1,2026-06
TXN0000040514,ACC0013193,25754.08,SUCCESS,2026-01-06 07:16:07,1,1,1,2026-01
TXN0000040519,ACC0000040,75424.76,SUCCESS,2026-01-09 11:53:37,1,2,1,2026-01
TXN0000040523,ACC0012909,144754.73,SUCCESS,2026-05-30 12:15:15,1,1,1,2026-05
TXN0000040525,ACC0018987,19136.85,SUCCESS,2026-06-06 18:09:36,1,1,1,2026-06
TXN0000040537,ACC0025219,127744.58,SUCCESS,2026-05-02 12:24:11,1,1,1,2026-05
TXN0000040538,ACC0022276,48263.7,SUCCESS,2026-03-19 04:56:16,1,1,1,2026-03
TXN0000040543,ACC0012607,101818.96,SUCCESS,2026-03-02 16:16:23,1,1,1,2026-03
TXN0000040546,ACC0015989,72072.4,SUCCESS,2026-07-26 19:02:35,1,1,1,2026-07
TXN0000040550,ACC0004000,70502.1,SUCCESS,2026-01-01 22:07:59,1,1,1,2026-01
TXN0000040554,ACC0003495,140118.02,SUCCESS,2026-08-04 11:02:50,1,1,1,2026-08
TXN0000040565,ACC0009814,20002.0,SUCCESS,2026-03-08 23:34:16,1,1,1,2026-03
TXN0000040567,ACC0021025,53280.86,SUCCESS,2026-05-03 08:46:14,1,1,1,2026-05
TXN0000040578,ACC0016719,19696.02,SUCCESS,2026-02-20 12:55:36,1,1,1,2026-02
TXN0000040584,ACC0027879,134176.69,SUCCESS,2026-04-29 15:07:53,1,1,1,2026-04
TXN0000040588,ACC0012841,34960.41,SUCCESS,2026-02-22 23:33:21,1,1,1,2026-02
TXN0000040594,ACC0015295,56038.86,SUCCESS,2026-02-28 09:03:15,1,1,1,2026-02
TXN0000040598,ACC0010352,28323.17,SUCCESS,2026-04-21 10:33:39,1,1,1,2026-04
TXN0000040600,ACC0004093,149229.49,SUCCESS,2026-06-02 04:43:41,1,1,1,2026-06
TXN0000040606,ACC0009604,14570.41,SUCCESS,2026-04-20 20:26:39,1,1,1,2026-04
TXN0000040629,ACC0011805,106052.04,SUCCESS,2026-04-14 00:21:49,1,1,1,2026-04
TXN0000040633,ACC0010937,148478.56,SUCCESS,2026-03-20 16:12:34,1,1,1,2026-03
TXN0000040639,ACC0014548,4106.57,SUCCESS,2026-04-27 05:43:55,1,1,1,2026-04
TXN0000040642,ACC0002397,71658.74,SUCCESS,2026-07-13 22:51:09,1,1,1,2026-07
TXN0000040643,ACC0022917,18653.67,SUCCESS,2026-05-13 04:46:35,1,1,1,2026-05
TXN0000040644,ACC0029283,127188.58,SUCCESS,2026-02-07 20:00:11,1,1,1,2026-02
TXN0000040650,ACC0015728,138378.91,SUCCESS,2026-05-03 12:46:12,1,1,1,2026-05
TXN0000040656,ACC0029145,46222.5,SUCCESS,2026-07-07 18:56:13,1,1,1,2026-07
TXN0000040659,ACC0029237,11845.22,SUCCESS,2026-03-16 03:33:39,1,1,1,2026-03
TXN0000040663,ACC0016573,118257.35,SUCCESS,2026-01-20 16:50:59,1,1,1,2026-01
TXN0000040683,ACC0017563,87104.49,SUCCESS,2026-03-09 02:55:03,1,1,1,2026-03
TXN0000040684,ACC0024451,16332.17,SUCCESS,2026-01-28 23:16:54,1,1,1,2026-01
TXN0000040687,ACC0020008,49355.45,SUCCESS,2026-07-06 23:37:16,1,1,1,2026-07
TXN0000040689,ACC0002392,1056.81,SUCCESS,2026-07-05 01:38:45,1,1,1,2026-07
TXN0000040701,ACC0002078,42479.99,SUCCESS,2026-01-11 04:49:46,1,1,1,2026-01
TXN0000040707,ACC0004529,118468.71,SUCCESS,2026-04-29 21:32:29,1,1,1,2026-04
TXN0000040708,ACC0021773,15109.67,SUCCESS,2026-03-08 10:01:50,1,1,1,2026-03
TXN0000040712,ACC0008687,124068.51,SUCCESS,2026-02-10 18:23:49,1,1,1,2026-02
TXN0000040716,ACC0023113,6604.94,SUCCESS,2026-05-09 10:41:16,1,1,1,2026-05
TXN0000040717,ACC0022058,44811.01,SUCCESS,2026-05-24 03:39:49,1,1,1,2026-05
TXN0000040720,ACC0026196,133875.66,SUCCESS,2026-07-13 16:04:04,1,1,1,2026-07
TXN0000040722,ACC0002030,2475.21,SUCCESS,2026-07-16 19:03:25,1,1,1,2026-07
TXN0000040725,ACC0019465,96107.55,SUCCESS,2026-03-17 17:26:35,1,1,1,2026-03
TXN0000040727,ACC0027918,115600.09,SUCCESS,2026-01-31 03:28:40,1,1,1,2026-01
TXN0000040737,ACC0029195,107347.97,SUCCESS,2026-07-07 08:16:50,1,1,1,2026-07
TXN0000040738,ACC0015783,119460.33,SUCCESS,2026-01-09 19:24:07,1,1,1,2026-01
TXN0000040740,ACC0000620,117373.63,SUCCESS,2026-07-05 01:39:36,1,1,1,2026-07
TXN0000040744,ACC0025793,134588.23,SUCCESS,2026-05-26 21:22:51,1,1,1,2026-05
TXN0000040754,ACC0010047,105673.29,SUCCESS,2026-01-15 07:14:37,1,1,1,2026-01
TXN0000040763,ACC0003746,136226.13,SUCCESS,2026-01-26 21:35:33,1,1,1,2026-01
TXN0000040787,ACC0027173,97954.96,SUCCESS,2026-07-06 03:43:33,1,1,1,2026-07
TXN0000040791,ACC0025022,62252.88,SUCCESS,2026-02-06 07:53:21,1,1,1,2026-02
TXN0000040792,ACC0019872,12691.39,SUCCESS,2026-02-13 07:09:20,1,1,1,2026-02
TXN0000040810,ACC0013181,115440.16,SUCCESS,2026-05-14 04:03:47,1,1,1,2026-05
TXN0000040817,ACC0009122,23313.16,SUCCESS,2026-05-28 17:09:09,1,1,1,2026-05
TXN0000040820,ACC0017172,125523.45,SUCCESS,2026-02-26 10:10:04,1,1,1,2026-02
TXN0000040821,ACC0006841,123712.61,SUCCESS,2026-05-04 07:58:18,1,1,1,2026-05
TXN0000040826,ACC0010886,97589.61,SUCCESS,2026-02-18 22:45:27,1,1,1,2026-02
TXN0000040836,ACC0018548,43376.17,SUCCESS,2026-01-17 19:49:53,1,1,1,2026-01
TXN0000040838,ACC0012284,27367.36,SUCCESS,2026-01-08 02:38:33,1,1,1,2026-01
TXN0000040841,ACC0001004,128990.01,SUCCESS,2026-04-05 09:25:06,1,1,1,2026-04
TXN0000040843,ACC0015914,114567.47,SUCCESS,2026-02-26 21:40:50,1,1,1,2026-02
TXN0000040851,ACC0013428,109339.13,SUCCESS,2026-04-24 17:23:14,1,1,1,2026-04
TXN0000040853,ACC0002515,14954.28,SUCCESS,2026-06-01 07:57:54,1,1,1,2026-06
TXN0000040855,ACC0011348,102661.15,SUCCESS,2026-03-15 21:09:10,1,1,1,2026-03
TXN0000040860,ACC0016058,68506.66,SUCCESS,2026-07-26 16:45:32,1,1,1,2026-07
TXN0000040861,ACC0013711,80681.64,SUCCESS,2026-06-17 17:52:36,1,1,1,2026-06
TXN0000040862,ACC0005597,121224.24,SUCCESS,2026-01-30 09:36:13,1,1,1,2026-01
TXN0000040865,ACC0005337,34013.44,SUCCESS,2026-02-08 20:06:02,1,1,1,2026-02
TXN0000040869,ACC0003682,124317.22,SUCCESS,2026-02-26 12:16:50,1,1,1,2026-02
TXN0000040888,ACC0022755,15154.7,SUCCESS,2026-05-09 05:53:10,1,1,1,2026-05
TXN0000040899,ACC0006942,59011.06,SUCCESS,2026-06-17 15:12:09,1,1,1,2026-06
TXN0000040901,ACC0027272,7571.06,SUCCESS,2026-02-03 08:21:02,1,1,1,2026-02
TXN0000040902,ACC0022558,112190.41,SUCCESS,2026-08-06 12:49:04,1,1,1,2026-08
TXN0000040903,ACC0016951,3883.54,SUCCESS,2026-07-28 19:34:00,1,1,1,2026-07
TXN0000040910,ACC0004665,61441.16,SUCCESS,2026-03-23 13:11:16,1,2,1,2026-03
TXN0000040914,ACC0006048,10996.17,SUCCESS,2026-07-17 04:20:10,1,2,1,2026-07
TXN0000040922,ACC0020912,123695.47,SUCCESS,2026-03-31 03:12:24,1,1,1,2026-03
TXN0000040941,ACC0007670,116535.27,SUCCESS,2026-02-07 12:42:15,1,1,1,2026-02
TXN0000040949,ACC0002829,84105.6,SUCCESS,2026-02-24 00:27:18,1,1,1,2026-02
TXN0000040955,ACC0017624,11160.81,SUCCESS,2026-05-27 21:19:30,1,1,1,2026-05
TXN0000040957,ACC0015385,3215.21,SUCCESS,2026-03-23 04:03:43,1,1,1,2026-03
TXN0000040963,ACC0002164,91560.93,SUCCESS,2026-07-03 01:11:10,1,1,1,2026-07
TXN0000040964,ACC0028404,102897.37,SUCCESS,2026-02-19 22:42:24,1,1,1,2026-02
TXN0000040966,ACC0022866,129866.32,SUCCESS,2026-03-10 17:32:40,1,1,1,2026-03
TXN0000040970,ACC0014358,83518.37,SUCCESS,2026-04-18 07:03:45,1,1,1,2026-04
TXN0000040975,ACC0027107,15271.35,SUCCESS,2026-05-12 21:25:30,1,1,1,2026-05
TXN0000040983,ACC0002409,139885.83,SUCCESS,2026-06-17 06:27:20,1,1,1,2026-06
TXN0000040999,ACC0025821,68751.93,SUCCESS,2026-06-10 17:09:16,1,1,1,2026-06
TXN0000041004,ACC0013756,496.24,SUCCESS,2026-07-16 04:47:00,1,1,1,2026-07
TXN0000041025,ACC0003722,81368.36,SUCCESS,2026-02-16 14:56:18,1,1,1,2026-02
TXN0000041030,ACC0019955,145233.63,SUCCESS,2026-04-03 00:08:08,1,1,1,2026-04
TXN0000041031,ACC0029440,76242.79,SUCCESS,2026-05-31 22:26:21,1,1,1,2026-05
TXN0000041040,ACC0012485,48347.42,SUCCESS,2026-05-29 23:17:50,1,1,1,2026-05
TXN0000041045,ACC0015982,145260.28,SUCCESS,2026-04-19 14:49:21,1,1,1,2026-04
TXN0000041050,ACC0009582,128047.31,SUCCESS,2026-06-15 10:25:37,1,1,1,2026-06
TXN0000041053,ACC0025178,26837.69,SUCCESS,2026-08-03 01:29:07,1,1,1,2026-08
TXN0000041054,ACC0018381,27203.77,SUCCESS,2026-06-21 21:15:32,1,1,1,2026-06
TXN0000041073,ACC0007549,63966.32,SUCCESS,2026-08-06 07:53:59,1,1,1,2026-08
TXN0000041077,ACC0016399,119230.89,SUCCESS,2026-06-16 09:53:38,1,1,1,2026-06
TXN0000041080,ACC0001492,1998.55,SUCCESS,2026-05-10 18:55:46,1,1,1,2026-05
TXN0000041085,ACC0002532,104143.3,SUCCESS,2026-04-02 11:17:04,1,1,1,2026-04
TXN0000041086,ACC0029149,77174.85,SUCCESS,2026-06-08 03:12:18,1,1,1,2026-06
TXN0000041107,ACC0009391,131133.48,SUCCESS,2026-05-29 20:53:25,1,1,1,2026-05
TXN0000041108,ACC0011752,10667.45,SUCCESS,2026-03-04 11:42:16,1,1,1,2026-03
TXN0000041119,ACC0006116,30760.86,SUCCESS,2026-05-30 01:45:49,1,1,1,2026-05
TXN0000041122,ACC0012653,115203.6,SUCCESS,2026-02-27 16:22:26,1,1,1,2026-02
TXN0000041134,ACC0010867,45378.38,SUCCESS,2026-06-08 08:11:58,1,1,1,2026-06
TXN0000041136,ACC0028264,44085.14,SUCCESS,2026-06-17 16:17:16,1,1,1,2026-06
TXN0000041138,ACC0006711,133651.3,SUCCESS,2026-07-10 19:30:56,1,1,1,2026-07
TXN0000041145,ACC0024478,116932.54,SUCCESS,2026-04-26 03:23:57,1,1,1,2026-04
TXN0000041153,ACC0026894,27872.95,SUCCESS,2026-05-29 21:51:58,1,1,1,2026-05
TXN0000041162,ACC0029947,118723.86,SUCCESS,2026-04-29 07:25:31,1,1,1,2026-04
TXN0000041168,ACC0007960,36546.29,SUCCESS,2026-03-31 19:55:54,1,1,1,2026-03
TXN0000041176,ACC0014582,37584.76,SUCCESS,2026-01-18 06:07:22,1,1,1,2026-01
TXN0000041177,ACC0024717,132987.1,SUCCESS,2026-06-09 09:44:47,1,1,1,2026-06
TXN0000041179,ACC0026368,38356.71,SUCCESS,2026-04-07 06:59:02,1,1,1,2026-04
TXN0000041180,ACC0020951,1939.54,SUCCESS,2026-05-03 02:28:16,1,1,1,2026-05
TXN0000041181,ACC0007371,25629.47,SUCCESS,2026-05-21 09:37:59,1,1,1,2026-05
TXN0000041184,ACC0010465,11694.19,SUCCESS,2026-05-25 07:35:45,1,1,1,2026-05
TXN0000041188,ACC0018575,110392.18,SUCCESS,2026-06-22 13:10:00,1,1,1,2026-06
TXN0000041196,ACC0026111,98879.71,SUCCESS,2026-01-08 03:22:48,1,1,1,2026-01
TXN0000041197,ACC0015211,102986.95,SUCCESS,2026-01-15 15:38:22,1,1,1,2026-01
TXN0000041201,ACC0005392,36437.4,SUCCESS,2026-02-23 01:07:17,1,1,1,2026-02
TXN0000041223,ACC0005283,69570.92,SUCCESS,2026-05-09 08:21:52,1,1,1,2026-05
TXN0000041226,ACC0001768,40614.71,SUCCESS,2026-05-17 06:44:23,1,1,1,2026-05
TXN0000041229,ACC0004473,63442.35,SUCCESS,2026-08-02 00:00:10,1,1,1,2026-08
TXN0000041237,ACC0001779,102577.06,SUCCESS,2026-06-20 17:17:06,1,1,1,2026-06
TXN0000041238,ACC0009261,85357.09,SUCCESS,2026-01-12 02:07:03,1,1,1,2026-01
TXN0000041241,ACC0012147,109547.47,SUCCESS,2026-05-07 19:59:40,1,1,1,2026-05
TXN0000041243,ACC0012408,73204.94,SUCCESS,2026-03-18 03:09:55,1,1,1,2026-03
TXN0000041257,ACC0016358,48649.53,SUCCESS,2026-03-14 07:28:15,1,1,1,2026-03
TXN0000041262,ACC0007212,77731.42,SUCCESS,2026-02-26 09:58:30,1,1,1,2026-02
TXN0000041263,ACC0007182,72298.53,SUCCESS,2026-05-16 22:07:39,1,1,1,2026-05
TXN0000041268,ACC0028176,60351.22,SUCCESS,2026-06-17 12:55:07,1,1,1,2026-06
TXN0000041272,ACC0023386,146009.23,SUCCESS,2026-05-28 05:44:38,1,1,1,2026-05
TXN0000041275,ACC0000351,22717.81,SUCCESS,2026-05-29 02:47:55,1,1,1,2026-05
TXN0000041278,ACC0027656,141935.64,SUCCESS,2026-04-30 14:07:14,1,1,1,2026-04
TXN0000041285,ACC0010042,12931.65,SUCCESS,2026-06-27 20:08:00,1,1,1,2026-06
TXN0000041294,ACC0016196,140046.47,SUCCESS,2026-06-01 08:15:07,1,1,1,2026-06
TXN0000041310,ACC0028623,113849.49,SUCCESS,2026-04-22 07:39:23,1,1,1,2026-04
TXN0000041313,ACC0028724,85848.54,SUCCESS,2026-08-06 02:02:43,1,1,1,2026-08
TXN0000041315,ACC0025907,118897.73,SUCCESS,2026-06-07 15:22:01,1,1,1,2026-06
TXN0000041317,ACC0012104,92885.44,SUCCESS,2026-03-01 10:30:19,1,1,1,2026-03
TXN0000041323,ACC0006008,26263.54,SUCCESS,2026-07-29 23:34:26,1,1,1,2026-07
TXN0000041329,ACC0020867,16091.71,SUCCESS,2026-04-24 07:10:24,1,1,1,2026-04
TXN0000041331,ACC0020037,61167.56,SUCCESS,2026-01-30 21:14:05,1,1,1,2026-01
TXN0000041344,ACC0012592,30276.43,SUCCESS,2026-06-17 05:51:53,1,1,1,2026-06
TXN0000041347,ACC0017644,51468.22,SUCCESS,2026-04-26 15:53:37,1,1,1,2026-04
TXN0000041355,ACC0013506,67957.57,SUCCESS,2026-05-11 01:47:11,1,1,1,2026-05
TXN0000041377,ACC0011027,46757.41,SUCCESS,2026-05-11 00:32:14,1,1,1,2026-05
TXN0000041380,ACC0023602,50848.49,SUCCESS,2026-01-02 22:35:54,1,1,1,2026-01
TXN0000041387,ACC0013832,51457.15,SUCCESS,2026-03-17 02:12:33,1,1,1,2026-03
TXN0000041391,ACC0018165,32583.35,SUCCESS,2026-06-18 19:56:12,1,1,1,2026-06
TXN0000041397,ACC0007677,144996.18,SUCCESS,2026-03-23 00:16:32,1,1,1,2026-03
TXN0000041398,ACC0028518,133194.51,SUCCESS,2026-03-16 21:59:33,1,1,1,2026-03
TXN0000041404,ACC0017047,102830.42,SUCCESS,2026-06-09 08:17:45,1,2,1,2026-06
TXN0000041407,ACC0007235,130372.61,SUCCESS,2026-03-09 13:27:45,1,1,1,2026-03
TXN0000041412,ACC0013557,77242.67,SUCCESS,2026-04-14 21:11:16,1,1,1,2026-04
TXN0000041417,ACC0026314,47868.03,SUCCESS,2026-01-02 18:10:43,1,1,1,2026-01
TXN0000041418,ACC0011927,135659.12,SUCCESS,2026-02-11 17:28:17,1,1,1,2026-02
TXN0000041420,ACC0017141,5746.62,SUCCESS,2026-02-08 07:55:28,1,1,1,2026-02
TXN0000041422,ACC0002788,82924.49,SUCCESS,2026-02-11 06:47:57,1,1,1,2026-02
TXN0000041427,ACC0019516,27891.09,SUCCESS,2026-01-15 15:23:02,1,1,1,2026-01
TXN0000041436,ACC0023465,81604.11,SUCCESS,2026-08-02 11:52:01,1,1,1,2026-08
TXN0000041455,ACC0014049,63766.28,SUCCESS,2026-08-01 21:18:00,1,1,1,2026-08
TXN0000041460,ACC0020895,116061.46,SUCCESS,2026-02-07 16:57:30,1,1,1,2026-02
TXN0000041473,ACC0024732,4935.87,SUCCESS,2026-01-29 02:16:35,1,1,1,2026-01
TXN0000041492,ACC0009730,66563.88,SUCCESS,2026-06-12 19:17:28,1,1,1,2026-06
TXN0000041495,ACC0021219,34698.53,SUCCESS,2026-08-06 03:51:27,1,1,1,2026-08
TXN0000041498,ACC0013575,23456.94,SUCCESS,2026-06-08 06:47:18,1,1,1,2026-06
TXN0000041510,ACC0014504,20063.24,SUCCESS,2026-05-14 05:36:24,1,1,1,2026-05
TXN0000041515,ACC0028477,118711.92,SUCCESS,2026-07-26 19:59:36,1,1,1,2026-07
TXN0000041516,ACC0020308,41063.95,SUCCESS,2026-01-17 05:46:36,1,1,1,2026-01
TXN0000041518,ACC0023036,61786.33,SUCCESS,2026-01-21 16:13:01,1,1,1,2026-01
TXN0000041544,ACC0019962,112162.93,SUCCESS,2026-03-08 00:45:10,1,1,1,2026-03
TXN0000041545,ACC0009115,64620.91,SUCCESS,2026-07-18 08:18:23,1,1,1,2026-07
TXN0000041549,ACC0000567,22015.4,SUCCESS,2026-04-17 16:26:09,1,1,1,2026-04
TXN0000041550,ACC0001314,34933.65,SUCCESS,2026-04-04 08:57:09,1,1,1,2026-04
TXN0000041559,ACC0018558,124817.41,SUCCESS,2026-07-14 21:40:36,1,1,1,2026-07
TXN0000041568,ACC0006628,87971.58,SUCCESS,2026-02-27 04:00:26,1,1,1,2026-02
TXN0000041569,ACC0003466,50817.41,SUCCESS,2026-02-23 21:53:23,1,1,1,2026-02
TXN0000041575,ACC0011621,8916.98,SUCCESS,2026-08-04 18:20:44,1,1,1,2026-08
TXN0000041578,ACC0028809,67104.88,SUCCESS,2026-07-01 16:52:35,1,1,1,2026-07
TXN0000041589,ACC0022098,49790.75,SUCCESS,2026-06-24 15:13:38,1,1,1,2026-06
TXN0000041593,ACC0015250,101654.24,SUCCESS,2026-01-25 16:17:24,1,1,1,2026-01
TXN0000041594,ACC0022333,111343.23,SUCCESS,2026-07-11 11:53:56,1,1,1,2026-07
TXN0000041597,ACC0025608,10834.9,SUCCESS,2026-07-08 14:45:35,1,1,1,2026-07
TXN0000041609,ACC0001508,70735.55,SUCCESS,2026-01-21 13:15:31,1,1,1,2026-01
TXN0000041627,ACC0010206,14182.09,SUCCESS,2026-06-11 01:44:20,1,1,1,2026-06
TXN0000041633,ACC0028293,143430.97,SUCCESS,2026-05-04 23:45:39,1,1,1,2026-05
TXN0000041644,ACC0022282,42250.66,SUCCESS,2026-03-21 16:15:45,1,1,1,2026-03
TXN0000041654,ACC0013633,94929.56,SUCCESS,2026-05-03 23:12:34,1,1,1,2026-05
TXN0000041658,ACC0016522,37169.51,SUCCESS,2026-06-14 08:40:31,1,1,1,2026-06
TXN0000041660,ACC0013017,143256.97,SUCCESS,2026-02-12 19:51:24,1,1,1,2026-02
TXN0000041661,ACC0003423,68467.88,SUCCESS,2026-04-13 12:50:05,1,1,1,2026-04
TXN0000041665,ACC0028163,51892.12,SUCCESS,2026-05-08 13:11:58,1,1,1,2026-05
TXN0000041677,ACC0005215,119768.62,SUCCESS,2026-06-17 10:05:05,1,1,1,2026-06
TXN0000041680,ACC0002057,147919.43,SUCCESS,2026-08-07 23:40:45,1,1,1,2026-08
TXN0000041681,ACC0012380,131128.64,SUCCESS,2026-07-01 09:17:46,1,1,1,2026-07
TXN0000041685,ACC0023601,89100.98,SUCCESS,2026-03-15 10:25:58,1,1,1,2026-03
TXN0000041690,ACC0011562,5123.07,SUCCESS,2026-05-02 00:24:22,1,1,1,2026-05
TXN0000041692,ACC0020200,17014.84,SUCCESS,2026-01-10 12:37:00,1,1,1,2026-01
TXN0000041703,ACC0003262,75586.93,SUCCESS,2026-04-16 04:49:03,1,1,1,2026-04
TXN0000041705,ACC0014634,17848.38,SUCCESS,2026-07-02 04:29:59,1,1,1,2026-07
TXN0000041706,ACC0016551,81145.87,SUCCESS,2026-02-03 07:22:59,1,1,1,2026-02
TXN0000041713,ACC0002629,51277.95,SUCCESS,2026-04-10 13:35:40,1,1,1,2026-04
TXN0000041720,ACC0005486,36090.63,SUCCESS,2026-04-24 07:06:39,1,1,1,2026-04
TXN0000041721,ACC0018623,21976.47,SUCCESS,2026-08-06 08:54:02,1,1,1,2026-08
TXN0000041742,ACC0010293,134138.91,SUCCESS,2026-02-22 11:58:22,1,1,1,2026-02
TXN0000041743,ACC0016360,85943.94,SUCCESS,2026-06-13 16:07:27,1,1,1,2026-06
TXN0000041744,ACC0012046,53866.58,SUCCESS,2026-06-04 08:13:09,1,1,1,2026-06
TXN0000041749,ACC0018839,129483.42,SUCCESS,2026-06-21 15:12:38,1,1,1,2026-06
TXN0000041763,ACC0002691,64638.42,SUCCESS,2026-01-15 18:59:44,1,1,1,2026-01
TXN0000041767,ACC0028815,74066.64,SUCCESS,2026-07-09 16:39:34,1,1,1,2026-07
TXN0000041768,ACC0019022,148371.67,SUCCESS,2026-03-25 16:59:31,1,1,1,2026-03
TXN0000041774,ACC0017407,143925.32,SUCCESS,2026-06-28 17:39:38,1,1,1,2026-06
TXN0000041779,ACC0028645,63815.88,SUCCESS,2026-06-26 20:15:18,1,1,1,2026-06
TXN0000041784,ACC0006556,13251.77,SUCCESS,2026-03-28 09:12:59,1,1,1,2026-03
TXN0000041790,ACC0017594,145217.71,SUCCESS,2026-01-10 14:23:06,1,1,1,2026-01
TXN0000041800,ACC0028762,130155.49,SUCCESS,2026-03-23 18:22:45,1,1,1,2026-03
TXN0000041802,ACC0009799,32887.21,SUCCESS,2026-05-11 18:50:04,1,1,1,2026-05
TXN0000041803,ACC0012250,87999.68,SUCCESS,2026-07-30 18:41:52,1,1,1,2026-07
TXN0000041814,ACC0021886,12080.26,SUCCESS,2026-01-17 17:31:48,1,1,1,2026-01
TXN0000041824,ACC0010975,88759.2,SUCCESS,2026-01-21 19:13:31,1,1,1,2026-01
TXN0000041827,ACC0011719,88374.85,SUCCESS,2026-04-03 10:13:26,1,1,1,2026-04
TXN0000041837,ACC0026390,64173.98,SUCCESS,2026-03-31 07:28:31,1,1,1,2026-03
TXN0000041843,ACC0018811,5137.59,SUCCESS,2026-06-30 19:31:38,1,1,1,2026-06
TXN0000041844,ACC0013040,16080.29,SUCCESS,2026-01-10 22:37:58,1,1,1,2026-01
TXN0000041851,ACC0014863,21992.49,SUCCESS,2026-05-27 21:40:23,1,1,1,2026-05
TXN0000041855,ACC0005066,82509.7,SUCCESS,2026-01-22 06:58:02,1,1,1,2026-01
TXN0000041867,ACC0024757,140929.16,SUCCESS,2026-03-23 22:36:17,1,1,1,2026-03
TXN0000041869,ACC0001384,111298.88,SUCCESS,2026-04-07 16:11:57,1,1,1,2026-04
TXN0000041872,ACC0014383,133195.39,SUCCESS,2026-02-14 09:20:56,1,1,1,2026-02
TXN0000041876,ACC0013602,104484.86,SUCCESS,2026-02-21 05:47:02,1,1,1,2026-02
TXN0000041884,ACC0025997,83746.08,SUCCESS,2026-04-07 08:00:31,1,1,1,2026-04
TXN0000041885,ACC0005485,8642.96,SUCCESS,2026-02-26 07:04:24,1,1,1,2026-02
TXN0000041890,ACC0001901,107235.47,SUCCESS,2026-06-28 13:50:03,1,1,1,2026-06
TXN0000041894,ACC0008892,75256.48,SUCCESS,2026-05-24 00:28:19,1,1,1,2026-05
TXN0000041898,ACC0029340,6034.24,SUCCESS,2026-01-15 16:45:24,1,1,1,2026-01
TXN0000041910,ACC0022083,113788.29,SUCCESS,2026-01-18 09:35:14,1,1,1,2026-01
TXN0000041919,ACC0016710,13528.37,SUCCESS,2026-03-24 22:01:07,1,1,1,2026-03
TXN0000041923,ACC0006550,58048.04,SUCCESS,2026-06-15 23:59:39,1,1,1,2026-06
TXN0000041932,ACC0001111,48792.74,SUCCESS,2026-03-14 08:19:12,1,1,1,2026-03
TXN0000041950,ACC0003648,10234.25,SUCCESS,2026-05-02 11:44:09,1,1,1,2026-05
TXN0000041965,ACC0007543,640.51,SUCCESS,2026-02-08 07:52:27,1,1,1,2026-02
TXN0000041972,ACC0013440,23966.47,SUCCESS,2026-05-17 06:17:15,1,1,1,2026-05
TXN0000041975,ACC0002035,104422.44,SUCCESS,2026-04-11 12:08:04,1,1,1,2026-04
TXN0000041998,ACC0010659,138901.29,SUCCESS,2026-07-07 04:33:36,1,1,1,2026-07
TXN0000042001,ACC0012551,99062.45,SUCCESS,2026-04-29 01:40:46,1,1,1,2026-04
TXN0000042004,ACC0026483,108543.15,SUCCESS,2026-02-08 04:58:04,1,1,1,2026-02
TXN0000042006,ACC0000579,5301.79,SUCCESS,2026-02-03 13:02:47,1,1,1,2026-02
TXN0000042008,ACC0017832,4465.08,SUCCESS,2026-02-10 01:16:49,1,1,1,2026-02
TXN0000042011,ACC0022475,10451.72,SUCCESS,2026-01-14 15:42:34,1,1,1,2026-01
TXN0000042013,ACC0023908,54571.91,SUCCESS,2026-03-26 21:58:03,1,1,1,2026-03
TXN0000042016,ACC0019680,65615.21,SUCCESS,2026-03-10 02:34:56,1,1,1,2026-03
TXN0000042019,ACC0009089,149100.18,SUCCESS,2026-05-26 22:45:42,1,1,1,2026-05
TXN0000042020,ACC0026030,86739.52,SUCCESS,2026-07-22 13:33:32,1,1,1,2026-07
TXN0000042022,ACC0008311,95262.6,SUCCESS,2026-01-31 17:46:00,1,1,1,2026-01
TXN0000042023,ACC0014215,97172.71,SUCCESS,2026-01-01 05:13:47,1,1,1,2026-01
TXN0000042026,ACC0026902,41649.12,SUCCESS,2026-04-17 15:10:21,1,1,1,2026-04
TXN0000042040,ACC0001357,74157.55,SUCCESS,2026-04-07 00:39:56,1,1,1,2026-04
TXN0000042056,ACC0003951,84475.69,SUCCESS,2026-06-28 22:41:13,1,1,1,2026-06
TXN0000042059,ACC0000158,41236.04,SUCCESS,2026-05-28 17:39:24,1,1,1,2026-05
TXN0000042066,ACC0019386,132518.88,SUCCESS,2026-05-18 01:34:33,1,1,1,2026-05
TXN0000042067,ACC0027720,5460.45,SUCCESS,2026-07-18 02:49:33,1,1,1,2026-07
TXN0000042079,ACC0011243,122123.35,SUCCESS,2026-05-19 17:07:12,1,1,1,2026-05
TXN0000042099,ACC0002573,83824.17,SUCCESS,2026-03-28 17:10:51,1,1,1,2026-03
TXN0000042114,ACC0012554,65378.96,SUCCESS,2026-04-05 00:48:19,1,1,1,2026-04
TXN0000042118,ACC0015408,41216.05,SUCCESS,2026-03-12 08:31:04,1,1,1,2026-03
TXN0000042131,ACC0011069,23584.24,SUCCESS,2026-03-26 09:17:36,1,1,1,2026-03
TXN0000042132,ACC0029444,73166.1,SUCCESS,2026-02-25 18:51:12,1,1,1,2026-02
TXN0000042133,ACC0026659,43320.0,SUCCESS,2026-01-04 23:29:23,1,1,1,2026-01
TXN0000042137,ACC0007124,141335.35,SUCCESS,2026-05-24 11:38:43,1,1,1,2026-05
TXN0000042146,ACC0018363,78711.77,SUCCESS,2026-06-29 01:58:04,1,1,1,2026-06
TXN0000042176,ACC0013678,13432.23,SUCCESS,2026-07-28 00:34:24,1,1,1,2026-07
TXN0000042181,ACC0012424,116337.36,SUCCESS,2026-05-11 02:14:39,1,1,1,2026-05
TXN0000042183,ACC0028363,50106.85,SUCCESS,2026-05-18 16:11:40,1,1,1,2026-05
TXN0000042185,ACC0028129,10912.99,SUCCESS,2026-04-22 20:15:04,1,1,1,2026-04
TXN0000042186,ACC0007171,21328.62,SUCCESS,2026-03-13 15:21:02,1,1,1,2026-03
TXN0000042188,ACC0019069,76209.59,SUCCESS,2026-07-19 18:17:17,1,1,1,2026-07
TXN0000042196,ACC0011824,33196.64,SUCCESS,2026-01-23 04:15:12,1,1,1,2026-01
TXN0000042203,ACC0007965,109194.19,SUCCESS,2026-07-04 22:44:53,1,1,1,2026-07
TXN0000042204,ACC0003701,16092.8,SUCCESS,2026-01-27 23:09:53,1,1,1,2026-01
TXN0000042207,ACC0029337,49743.51,SUCCESS,2026-03-13 01:46:14,1,1,1,2026-03
TXN0000042211,ACC0019827,36176.48,SUCCESS,2026-03-14 20:19:43,1,1,1,2026-03
TXN0000042214,ACC0014791,12739.36,SUCCESS,2026-06-22 11:48:53,1,1,1,2026-06
TXN0000042221,ACC0029044,36091.75,SUCCESS,2026-04-30 23:45:47,1,1,1,2026-04
TXN0000042225,ACC0002806,31411.18,SUCCESS,2026-06-01 02:33:01,1,1,1,2026-06
TXN0000042230,ACC0022370,99891.26,SUCCESS,2026-08-08 01:00:50,1,1,1,2026-08
TXN0000042254,ACC0019158,12826.05,SUCCESS,2026-02-04 12:01:42,1,1,1,2026-02
TXN0000042267,ACC0016895,147181.61,SUCCESS,2026-07-25 19:09:56,1,1,1,2026-07
TXN0000042272,ACC0012912,31682.04,SUCCESS,2026-04-12 07:58:26,1,1,1,2026-04
TXN0000042273,ACC0004978,3892.31,SUCCESS,2026-03-25 12:47:55,1,1,1,2026-03
TXN0000042274,ACC0020737,90251.24,SUCCESS,2026-04-26 22:32:15,1,1,1,2026-04
TXN0000042280,ACC0007686,144503.75,SUCCESS,2026-04-24 05:07:58,1,1,1,2026-04
TXN0000042281,ACC0023951,16368.34,SUCCESS,2026-01-10 20:00:28,1,1,1,2026-01
TXN0000042283,ACC0025049,48604.48,SUCCESS,2026-03-31 07:33:11,1,1,1,2026-03
TXN0000042287,ACC0028001,113691.61,SUCCESS,2026-07-24 03:24:22,1,1,1,2026-07
TXN0000042323,ACC0001529,28212.16,SUCCESS,2026-05-15 18:34:23,1,1,1,2026-05
TXN0000042324,ACC0008331,139404.09,SUCCESS,2026-02-21 23:08:28,1,1,1,2026-02
TXN0000042331,ACC0001664,147037.46,SUCCESS,2026-03-06 11:06:25,1,1,1,2026-03
TXN0000042335,ACC0014307,143137.61,SUCCESS,2026-08-03 09:06:08,1,1,1,2026-08
TXN0000042336,ACC0029014,142276.39,SUCCESS,2026-01-27 02:36:52,1,1,1,2026-01
TXN0000042343,ACC0014070,140194.95,SUCCESS,2026-06-30 01:39:56,1,1,1,2026-06
TXN0000042346,ACC0029776,50180.95,SUCCESS,2026-05-20 17:10:09,1,1,1,2026-05
TXN0000042349,ACC0017257,4530.15,SUCCESS,2026-06-07 13:15:55,1,1,1,2026-06
TXN0000042351,ACC0019245,62795.13,SUCCESS,2026-08-05 08:28:39,1,1,1,2026-08
TXN0000042368,ACC0022796,139747.36,SUCCESS,2026-05-23 02:58:50,1,1,1,2026-05
TXN0000042382,ACC0016025,143580.93,SUCCESS,2026-01-19 12:51:01,1,1,1,2026-01
TXN0000042384,ACC0007700,74309.82,SUCCESS,2026-02-11 14:26:04,1,2,1,2026-02
TXN0000042385,ACC0019716,65875.71,SUCCESS,2026-06-07 20:07:41,1,1,1,2026-06
TXN0000042388,ACC0000344,41929.04,SUCCESS,2026-03-10 02:45:34,1,1,1,2026-03
TXN0000042389,ACC0009871,86375.36,SUCCESS,2026-06-17 12:41:05,1,1,1,2026-06
TXN0000042405,ACC0008098,18335.99,SUCCESS,2026-01-18 13:06:30,1,1,1,2026-01
TXN0000042408,ACC0009043,73402.21,SUCCESS,2026-04-18 08:42:27,1,1,1,2026-04
TXN0000042414,ACC0025314,121046.03,SUCCESS,2026-01-21 20:22:51,1,1,1,2026-01
TXN0000042415,ACC0011547,122973.5,SUCCESS,2026-07-17 15:50:46,1,1,1,2026-07
TXN0000042419,ACC0018273,66298.01,SUCCESS,2026-02-23 08:13:17,1,1,1,2026-02
TXN0000042422,ACC0021853,1010.25,SUCCESS,2026-03-23 12:33:20,1,1,1,2026-03
TXN0000042425,ACC0004207,49718.02,SUCCESS,2026-07-25 02:46:59,1,1,1,2026-07
TXN0000042426,ACC0025341,128455.55,SUCCESS,2026-06-15 21:41:21,1,1,1,2026-06
TXN0000042429,ACC0007535,55178.29,SUCCESS,2026-05-20 00:41:59,1,1,1,2026-05
TXN0000042440,ACC0007610,10300.51,SUCCESS,2026-07-08 11:10:10,1,1,1,2026-07
TXN0000042459,ACC0026328,136140.17,SUCCESS,2026-06-22 04:56:15,1,1,1,2026-06
TXN0000042466,ACC0021032,21234.63,SUCCESS,2026-01-03 00:51:50,1,1,1,2026-01
TXN0000042469,ACC0004760,43716.86,SUCCESS,2026-05-03 13:27:27,1,1,1,2026-05
TXN0000042477,ACC0003417,7150.51,SUCCESS,2026-06-25 23:57:36,1,1,1,2026-06
TXN0000042485,ACC0000184,13961.55,SUCCESS,2026-06-29 07:54:00,1,1,1,2026-06
TXN0000042487,ACC0002314,40022.62,SUCCESS,2026-05-11 20:46:53,1,1,1,2026-05
TXN0000042501,ACC0020642,8467.76,SUCCESS,2026-02-09 03:33:34,1,1,1,2026-02
TXN0000042511,ACC0006015,112067.03,SUCCESS,2026-02-23 19:05:52,1,1,1,2026-02
TXN0000042518,ACC0028746,15160.85,SUCCESS,2026-08-03 17:45:19,1,1,1,2026-08
TXN0000042534,ACC0026106,57850.74,SUCCESS,2026-07-25 17:01:52,1,1,1,2026-07
TXN0000042570,ACC0029548,80473.71,SUCCESS,2026-07-16 02:33:14,1,1,1,2026-07
TXN0000042576,ACC0026117,39748.05,SUCCESS,2026-02-12 21:41:19,1,1,1,2026-02
TXN0000042577,ACC0007868,145304.58,SUCCESS,2026-08-05 07:51:10,1,1,1,2026-08
TXN0000042595,ACC0005489,55792.12,SUCCESS,2026-04-15 15:20:23,1,1,1,2026-04
TXN0000042600,ACC0004318,89157.45,SUCCESS,2026-04-30 15:34:21,1,1,1,2026-04
TXN0000042607,ACC0026747,48926.55,SUCCESS,2026-03-09 22:13:15,1,1,1,2026-03
TXN0000042611,ACC0023264,67895.39,SUCCESS,2026-06-11 10:52:00,1,1,1,2026-06
TXN0000042615,ACC0005947,109982.1,SUCCESS,2026-04-11 16:47:57,1,1,1,2026-04
TXN0000042616,ACC0022500,93023.15,SUCCESS,2026-07-09 05:14:28,1,1,1,2026-07
TXN0000042623,ACC0028625,3662.22,SUCCESS,2026-02-02 07:01:41,1,1,1,2026-02
TXN0000042629,ACC0016113,35984.53,SUCCESS,2026-04-30 02:07:16,1,1,1,2026-04
TXN0000042630,ACC0016709,101717.32,SUCCESS,2026-05-24 09:43:22,1,1,1,2026-05
TXN0000042634,ACC0013232,140741.01,SUCCESS,2026-02-13 11:40:56,1,1,1,2026-02
TXN0000042666,ACC0014737,58550.76,SUCCESS,2026-02-19 11:03:45,1,1,1,2026-02
TXN0000042672,ACC0025996,123825.71,SUCCESS,2026-04-25 12:26:40,1,1,1,2026-04
TXN0000042685,ACC0028272,127708.7,SUCCESS,2026-01-20 00:01:31,1,1,1,2026-01
TXN0000042686,ACC0029133,26177.52,SUCCESS,2026-04-14 05:09:59,1,1,1,2026-04
TXN0000042689,ACC0023016,110181.96,SUCCESS,2026-08-03 09:25:33,1,1,1,2026-08
TXN0000042690,ACC0006245,39151.0,SUCCESS,2026-03-12 08:54:02,1,1,1,2026-03
TXN0000042698,ACC0005433,5143.69,SUCCESS,2026-03-05 00:03:21,1,1,1,2026-03
TXN0000042707,ACC0020363,145188.28,SUCCESS,2026-05-22 15:08:33,1,1,1,2026-05
TXN0000042713,ACC0022261,33493.7,SUCCESS,2026-06-12 03:11:56,1,1,1,2026-06
TXN0000042715,ACC0014915,127319.1,SUCCESS,2026-06-04 04:59:01,1,1,1,2026-06
TXN0000042722,ACC0001757,117790.04,SUCCESS,2026-06-25 19:58:48,1,1,1,2026-06
TXN0000042726,ACC0021349,94628.76,SUCCESS,2026-01-06 00:14:33,1,1,1,2026-01
TXN0000042728,ACC0001731,4049.83,SUCCESS,2026-06-27 19:06:31,1,1,1,2026-06
TXN0000042732,ACC0022160,89688.03,SUCCESS,2026-01-26 11:42:58,1,1,1,2026-01
TXN0000042739,ACC0026904,109683.29,SUCCESS,2026-06-28 10:02:01,1,1,1,2026-06
TXN0000042751,ACC0008769,70662.9,SUCCESS,2026-06-04 18:01:25,1,1,1,2026-06
TXN0000042761,ACC0008311,102714.99,SUCCESS,2026-05-27 14:25:56,1,1,1,2026-05
TXN0000042766,ACC0026969,138995.47,SUCCESS,2026-07-07 22:38:06,1,1,1,2026-07
TXN0000042768,ACC0017923,8258.46,SUCCESS,2026-02-23 22:07:08,1,1,1,2026-02
TXN0000042775,ACC0000309,49065.85,SUCCESS,2026-02-17 17:50:37,1,1,1,2026-02
TXN0000042777,ACC0028067,61482.65,SUCCESS,2026-02-06 10:17:12,1,1,1,2026-02
TXN0000042781,ACC0002499,86114.04,SUCCESS,2026-03-04 01:55:38,1,1,1,2026-03
TXN0000042788,ACC0008326,140336.67,SUCCESS,2026-06-04 01:12:30,1,1,1,2026-06
TXN0000042794,ACC0009579,10091.82,SUCCESS,2026-03-31 05:01:38,1,1,1,2026-03
TXN0000042800,ACC0028024,38597.25,SUCCESS,2026-07-09 14:36:52,1,1,1,2026-07
TXN0000042804,ACC0029989,67152.54,SUCCESS,2026-05-27 08:49:38,1,1,1,2026-05
TXN0000042810,ACC0021914,120525.13,SUCCESS,2026-01-21 22:06:04,1,1,1,2026-01
TXN0000042817,ACC0026232,23994.85,SUCCESS,2026-07-07 06:20:18,1,1,1,2026-07
TXN0000042822,ACC0017691,70172.14,SUCCESS,2026-01-08 14:02:34,1,1,1,2026-01
TXN0000042832,ACC0003347,5007.9,SUCCESS,2026-05-15 13:59:15,1,1,1,2026-05
TXN0000042834,ACC0006292,82210.89,SUCCESS,2026-08-05 06:23:31,1,1,1,2026-08
TXN0000042839,ACC0013142,130122.34,SUCCESS,2026-05-30 22:00:40,1,1,1,2026-05
TXN0000042840,ACC0023724,128366.41,SUCCESS,2026-06-14 06:29:46,1,1,1,2026-06
TXN0000042844,ACC0009571,116476.03,SUCCESS,2026-06-04 11:20:02,1,1,1,2026-06
TXN0000042846,ACC0029204,42409.09,SUCCESS,2026-04-06 02:17:05,1,1,1,2026-04
TXN0000042854,ACC0002240,110525.66,SUCCESS,2026-07-02 23:51:35,1,1,1,2026-07
TXN0000042859,ACC0004637,135600.64,SUCCESS,2026-02-16 16:58:28,1,1,1,2026-02
TXN0000042862,ACC0014744,127168.25,SUCCESS,2026-06-16 07:11:16,1,1,1,2026-06
TXN0000042864,ACC0022055,6261.85,SUCCESS,2026-02-23 07:04:04,1,1,1,2026-02
TXN0000042865,ACC0021550,9271.74,SUCCESS,2026-05-04 04:39:10,1,1,1,2026-05
TXN0000042866,ACC0004981,132016.55,SUCCESS,2026-04-17 13:58:19,1,1,1,2026-04
TXN0000042869,ACC0022086,67383.81,SUCCESS,2026-06-20 12:25:46,1,1,1,2026-06
TXN0000042871,ACC0018825,49601.41,SUCCESS,2026-06-05 05:53:25,1,1,1,2026-06
TXN0000042875,ACC0013789,38126.85,SUCCESS,2026-05-13 14:56:07,1,1,1,2026-05
TXN0000042877,ACC0020729,18367.18,SUCCESS,2026-03-24 02:54:11,1,1,1,2026-03
TXN0000042880,ACC0015338,72037.79,SUCCESS,2026-06-17 04:27:11,1,1,1,2026-06
TXN0000042886,ACC0027868,130686.11,SUCCESS,2026-01-27 22:42:07,1,1,1,2026-01
TXN0000042905,ACC0002704,131223.21,SUCCESS,2026-03-20 16:51:05,1,1,1,2026-03
TXN0000042912,ACC0005925,131163.04,SUCCESS,2026-04-10 17:35:23,1,1,1,2026-04
TXN0000042917,ACC0028081,33967.04,SUCCESS,2026-03-30 14:20:49,1,1,1,2026-03
TXN0000042922,ACC0002529,140734.22,SUCCESS,2026-03-02 20:07:56,1,1,1,2026-03
TXN0000042923,ACC0012838,79275.73,SUCCESS,2026-02-18 16:00:31,1,1,1,2026-02
TXN0000042929,ACC0002601,3613.46,SUCCESS,2026-04-18 07:04:32,1,1,1,2026-04
TXN0000042933,ACC0024031,96419.6,SUCCESS,2026-03-11 00:05:38,1,1,1,2026-03
TXN0000042943,ACC0029747,128804.73,SUCCESS,2026-04-14 17:39:33,1,1,1,2026-04
TXN0000042945,ACC0028240,62512.72,SUCCESS,2026-03-02 20:55:17,1,1,1,2026-03
TXN0000042947,ACC0004985,10579.45,SUCCESS,2026-06-03 14:28:01,1,1,1,2026-06
TXN0000042957,ACC0002392,57744.73,SUCCESS,2026-07-11 00:56:05,1,1,1,2026-07
TXN0000042965,ACC0024841,35972.41,SUCCESS,2026-07-27 00:01:33,1,1,1,2026-07
TXN0000042967,ACC0025576,19412.51,SUCCESS,2026-02-22 21:59:51,1,1,1,2026-02
TXN0000042968,ACC0026532,26548.21,SUCCESS,2026-04-03 02:10:26,1,1,1,2026-04
TXN0000042974,ACC0027362,60669.06,SUCCESS,2026-02-02 20:34:57,1,1,1,2026-02
TXN0000042980,ACC0015730,105907.67,SUCCESS,2026-05-07 23:00:04,1,1,1,2026-05
TXN0000042985,ACC0017252,121929.64,SUCCESS,2026-05-21 18:28:50,1,1,1,2026-05
TXN0000042989,ACC0012684,110020.98,SUCCESS,2026-07-01 09:10:04,1,1,1,2026-07
TXN0000043001,ACC0009603,77280.54,SUCCESS,2026-02-14 06:33:50,1,1,1,2026-02
TXN0000043002,ACC0004710,144526.87,SUCCESS,2026-02-06 04:05:22,1,1,1,2026-02
TXN0000043033,ACC0013539,115046.01,SUCCESS,2026-01-25 21:29:31,1,1,1,2026-01
TXN0000043039,ACC0028944,11259.71,SUCCESS,2026-03-05 05:19:58,1,1,1,2026-03
TXN0000043042,ACC0013554,14073.97,SUCCESS,2026-07-14 04:03:42,1,1,1,2026-07
TXN0000043065,ACC0022551,42463.53,SUCCESS,2026-06-19 01:30:40,1,1,1,2026-06
TXN0000043068,ACC0013214,79699.71,SUCCESS,2026-07-05 02:21:55,1,1,1,2026-07
TXN0000043086,ACC0009161,56932.08,SUCCESS,2026-01-01 12:48:02,1,1,1,2026-01
TXN0000043088,ACC0022408,83650.11,SUCCESS,2026-01-02 22:25:15,1,1,1,2026-01
TXN0000043089,ACC0019477,128202.86,SUCCESS,2026-04-05 01:29:07,1,1,1,2026-04
TXN0000043097,ACC0003289,119702.03,SUCCESS,2026-05-04 14:01:48,1,1,1,2026-05
TXN0000043120,ACC0007609,84753.99,SUCCESS,2026-04-24 10:12:03,1,1,1,2026-04
TXN0000043123,ACC0027751,94057.7,SUCCESS,2026-06-05 13:19:46,1,1,1,2026-06
TXN0000043135,ACC0009134,145592.1,SUCCESS,2026-04-27 22:05:55,1,1,1,2026-04
TXN0000043136,ACC0029859,38487.38,SUCCESS,2026-07-07 06:53:52,1,1,1,2026-07
TXN0000043144,ACC0008424,72454.41,SUCCESS,2026-07-20 10:05:30,1,1,1,2026-07
TXN0000043145,ACC0001372,125183.89,SUCCESS,2026-05-29 14:53:55,1,1,1,2026-05
TXN0000043152,ACC0015797,147520.64,SUCCESS,2026-01-14 22:13:11,1,1,1,2026-01
TXN0000043156,ACC0026142,49066.19,SUCCESS,2026-01-02 13:19:45,1,1,1,2026-01
TXN0000043161,ACC0011288,28586.59,SUCCESS,2026-02-11 17:32:53,1,1,1,2026-02
TXN0000043173,ACC0008295,127401.83,SUCCESS,2026-01-18 06:12:22,1,1,1,2026-01
TXN0000043185,ACC0019946,149521.68,SUCCESS,2026-02-17 11:27:21,1,1,1,2026-02
TXN0000043187,ACC0027625,92034.6,SUCCESS,2026-03-10 18:11:04,1,1,1,2026-03
TXN0000043205,ACC0019777,135000.67,SUCCESS,2026-04-28 19:41:11,1,1,1,2026-04
TXN0000043210,ACC0002763,116126.91,SUCCESS,2026-04-18 09:16:14,1,1,1,2026-04
TXN0000043213,ACC0008697,44648.14,SUCCESS,2026-03-31 00:45:17,1,1,1,2026-03
TXN0000043215,ACC0020012,114130.84,SUCCESS,2026-04-30 16:53:13,1,1,1,2026-04
TXN0000043219,ACC0022155,60247.99,SUCCESS,2026-01-31 01:27:27,1,1,1,2026-01
TXN0000043228,ACC0026321,112.25,SUCCESS,2026-06-01 05:27:27,1,1,1,2026-06
TXN0000043232,ACC0009334,85283.26,SUCCESS,2026-04-08 06:46:27,1,1,1,2026-04
TXN0000043245,ACC0008149,35902.23,SUCCESS,2026-06-26 14:04:15,1,1,1,2026-06
TXN0000043250,ACC0015681,71218.18,SUCCESS,2026-06-27 10:45:55,1,1,1,2026-06
TXN0000043261,ACC0004238,71497.22,SUCCESS,2026-05-23 07:01:05,1,1,1,2026-05
TXN0000043263,ACC0020534,147907.34,SUCCESS,2026-07-22 08:46:40,1,1,1,2026-07
TXN0000043266,ACC0015667,3811.91,SUCCESS,2026-05-21 02:21:48,1,1,1,2026-05
TXN0000043273,ACC0000192,129332.63,SUCCESS,2026-03-26 03:31:14,1,1,1,2026-03
TXN0000043275,ACC0018853,59354.84,SUCCESS,2026-03-31 19:51:59,1,1,1,2026-03
TXN0000043276,ACC0008088,51826.93,SUCCESS,2026-08-06 15:44:34,1,1,1,2026-08
TXN0000043282,ACC0002151,33384.11,SUCCESS,2026-01-15 16:18:54,1,1,1,2026-01
TXN0000043283,ACC0025339,37335.42,SUCCESS,2026-05-28 10:15:40,1,1,1,2026-05
TXN0000043284,ACC0017785,37888.79,SUCCESS,2026-02-03 10:58:33,1,1,1,2026-02
TXN0000043285,ACC0024311,17994.26,SUCCESS,2026-07-29 10:21:15,1,1,1,2026-07
TXN0000043292,ACC0027930,18227.95,SUCCESS,2026-02-20 19:33:22,1,1,1,2026-02
TXN0000043301,ACC0008699,77524.79,SUCCESS,2026-04-26 23:20:46,1,1,1,2026-04
TXN0000043305,ACC0013545,21240.27,SUCCESS,2026-03-16 08:06:32,1,1,1,2026-03
TXN0000043317,ACC0029541,124119.27,SUCCESS,2026-07-03 20:19:06,1,1,1,2026-07
TXN0000043320,ACC0003505,103993.62,SUCCESS,2026-03-07 15:35:46,1,1,1,2026-03
TXN0000043322,ACC0002886,112048.76,SUCCESS,2026-04-12 07:05:48,1,1,1,2026-04
TXN0000043323,ACC0022534,29065.4,SUCCESS,2026-07-24 02:20:54,1,1,1,2026-07
TXN0000043324,ACC0010300,15205.99,SUCCESS,2026-02-17 10:42:18,1,1,1,2026-02
TXN0000043328,ACC0005998,12364.38,SUCCESS,2026-05-07 02:59:08,1,1,1,2026-05
TXN0000043330,ACC0009032,140108.94,SUCCESS,2026-01-28 02:55:00,1,1,1,2026-01
TXN0000043332,ACC0012525,31866.58,SUCCESS,2026-03-27 01:05:02,1,1,1,2026-03
TXN0000043356,ACC0028336,112281.58,SUCCESS,2026-05-09 08:14:45,1,1,1,2026-05
TXN0000043370,ACC0012402,148636.35,SUCCESS,2026-06-28 12:48:15,1,1,1,2026-06
TXN0000043373,ACC0021665,89127.12,SUCCESS,2026-05-04 02:46:33,1,1,1,2026-05
TXN0000043378,ACC0019018,43754.76,SUCCESS,2026-01-31 11:53:11,1,1,1,2026-01
TXN0000043383,ACC0018126,10625.76,SUCCESS,2026-05-04 19:45:32,1,1,1,2026-05
TXN0000043387,ACC0026171,88147.99,SUCCESS,2026-07-26 20:37:38,1,1,1,2026-07
TXN0000043390,ACC0017576,128759.45,SUCCESS,2026-01-03 21:18:19,1,1,1,2026-01
TXN0000043393,ACC0017531,58140.95,SUCCESS,2026-03-12 07:13:48,1,1,1,2026-03
TXN0000043394,ACC0020128,38257.47,SUCCESS,2026-02-21 05:41:04,1,1,1,2026-02
TXN0000043396,ACC0011140,120701.4,SUCCESS,2026-04-30 05:22:02,1,1,1,2026-04
TXN0000043400,ACC0017318,390.24,SUCCESS,2026-07-16 23:22:12,1,1,1,2026-07
TXN0000043411,ACC0011485,143492.02,SUCCESS,2026-03-08 12:37:13,1,1,1,2026-03
TXN0000043416,ACC0017344,48539.21,SUCCESS,2026-03-13 00:02:07,1,1,1,2026-03
TXN0000043418,ACC0023488,100497.0,SUCCESS,2026-05-09 18:36:55,1,2,1,2026-05
TXN0000043420,ACC0019001,38908.49,SUCCESS,2026-04-11 06:19:00,1,1,1,2026-04
TXN0000043436,ACC0009744,67776.9,SUCCESS,2026-07-07 16:09:05,1,1,1,2026-07
TXN0000043442,ACC0012929,4172.92,SUCCESS,2026-04-08 16:57:56,1,1,1,2026-04
TXN0000043443,ACC0007740,11469.8,SUCCESS,2026-06-21 14:46:06,1,1,1,2026-06
TXN0000043445,ACC0018305,1513.27,SUCCESS,2026-02-28 20:22:56,1,1,1,2026-02
TXN0000043454,ACC0018880,9898.71,SUCCESS,2026-04-12 17:23:52,1,1,1,2026-04
TXN0000043466,ACC0001625,41804.89,SUCCESS,2026-06-19 06:14:48,1,1,1,2026-06
TXN0000043470,ACC0018531,50566.21,SUCCESS,2026-01-04 02:22:48,1,1,1,2026-01
TXN0000043478,ACC0009784,111520.01,SUCCESS,2026-01-09 23:29:07,1,1,1,2026-01
TXN0000043481,ACC0023551,28684.49,SUCCESS,2026-02-03 01:14:21,1,1,1,2026-02
TXN0000043491,ACC0009499,94509.72,SUCCESS,2026-07-05 14:39:23,1,1,1,2026-07
TXN0000043496,ACC0011638,55716.85,SUCCESS,2026-03-02 17:36:47,1,1,1,2026-03
TXN0000043502,ACC0008634,134305.41,SUCCESS,2026-08-06 09:16:34,1,1,1,2026-08
TXN0000043517,ACC0002413,38411.66,SUCCESS,2026-05-23 00:30:03,1,1,1,2026-05
TXN0000043518,ACC0023862,36146.08,SUCCESS,2026-01-13 09:32:36,1,1,1,2026-01
TXN0000043519,ACC0000637,27977.24,SUCCESS,2026-07-21 05:25:23,1,1,1,2026-07
TXN0000043520,ACC0017466,21060.79,SUCCESS,2026-01-03 15:39:05,1,1,1,2026-01
TXN0000043521,ACC0016477,71839.56,SUCCESS,2026-05-30 18:53:05,1,1,1,2026-05
TXN0000043524,ACC0006430,13204.49,SUCCESS,2026-05-21 00:03:07,1,1,1,2026-05
TXN0000043528,ACC0004348,29597.23,SUCCESS,2026-02-03 15:37:24,1,1,1,2026-02
TXN0000043531,ACC0000536,36150.89,SUCCESS,2026-05-14 19:12:37,1,1,1,2026-05
TXN0000043533,ACC0025708,66168.86,SUCCESS,2026-04-22 12:58:11,1,1,1,2026-04
TXN0000043535,ACC0026414,65459.39,SUCCESS,2026-07-28 21:56:40,1,1,1,2026-07
TXN0000043537,ACC0013559,63638.59,SUCCESS,2026-07-02 01:51:33,1,1,1,2026-07
TXN0000043540,ACC0009579,123326.96,SUCCESS,2026-06-29 12:52:35,1,1,1,2026-06
TXN0000043546,ACC0029327,57875.49,SUCCESS,2026-06-11 07:54:34,1,1,1,2026-06
TXN0000043553,ACC0026694,131653.53,SUCCESS,2026-07-29 00:32:54,1,1,1,2026-07
TXN0000043570,ACC0028134,118361.57,SUCCESS,2026-06-24 14:26:03,1,1,1,2026-06
TXN0000043576,ACC0001556,35495.55,SUCCESS,2026-07-16 02:18:19,1,1,1,2026-07
TXN0000043578,ACC0029503,114180.65,SUCCESS,2026-03-07 00:39:43,1,1,1,2026-03
TXN0000043583,ACC0028021,49277.46,SUCCESS,2026-04-07 15:42:02,1,1,1,2026-04
TXN0000043594,ACC0010119,28652.07,SUCCESS,2026-04-24 12:35:56,1,1,1,2026-04
TXN0000043612,ACC0008158,102924.77,SUCCESS,2026-05-12 06:40:05,1,1,1,2026-05
TXN0000043617,ACC0016759,59227.29,SUCCESS,2026-03-17 08:33:45,1,1,1,2026-03
TXN0000043622,ACC0001960,115790.46,SUCCESS,2026-06-11 12:26:43,1,1,1,2026-06
TXN0000043641,ACC0027274,96767.04,SUCCESS,2026-04-17 03:47:23,1,1,1,2026-04
TXN0000043643,ACC0004162,75140.74,SUCCESS,2026-01-31 11:08:05,1,1,1,2026-01
TXN0000043650,ACC0008914,13620.49,SUCCESS,2026-02-28 18:19:38,1,1,1,2026-02
TXN0000043653,ACC0003231,86697.2,SUCCESS,2026-07-25 19:11:48,1,1,1,2026-07
TXN0000043665,ACC0016755,57821.64,SUCCESS,2026-01-26 06:06:22,1,1,1,2026-01
TXN0000043667,ACC0013190,38231.75,SUCCESS,2026-05-12 19:37:59,1,1,1,2026-05
TXN0000043668,ACC0021307,103316.09,SUCCESS,2026-04-19 12:29:59,1,1,1,2026-04
TXN0000043672,ACC0010308,25953.77,SUCCESS,2026-05-08 17:50:03,1,1,1,2026-05
TXN0000043675,ACC0007572,101889.94,SUCCESS,2026-08-05 14:55:35,1,1,1,2026-08
TXN0000043679,ACC0023132,26090.91,SUCCESS,2026-01-17 05:46:43,1,1,1,2026-01
TXN0000043686,ACC0002145,64215.81,SUCCESS,2026-05-16 21:05:04,1,1,1,2026-05
TXN0000043697,ACC0027936,143632.18,SUCCESS,2026-03-23 14:00:08,1,1,1,2026-03
TXN0000043705,ACC0001505,13307.43,SUCCESS,2026-01-22 16:58:19,1,1,1,2026-01
TXN0000043718,ACC0009722,148411.26,SUCCESS,2026-03-28 18:01:19,1,1,1,2026-03
TXN0000043719,ACC0018135,83658.6,SUCCESS,2026-01-06 10:03:28,1,1,1,2026-01
TXN0000043726,ACC0003078,67080.06,SUCCESS,2026-08-03 05:24:46,1,1,1,2026-08
TXN0000043731,ACC0001172,104109.53,SUCCESS,2026-05-24 12:10:27,1,1,1,2026-05
TXN0000043735,ACC0025901,51092.64,SUCCESS,2026-05-27 00:26:57,1,1,1,2026-05
TXN0000043737,ACC0020285,855.17,SUCCESS,2026-08-02 06:21:19,1,1,1,2026-08
TXN0000043739,ACC0008924,140273.02,SUCCESS,2026-05-12 18:06:24,1,1,1,2026-05
TXN0000043745,ACC0006834,136464.42,SUCCESS,2026-02-05 13:46:02,1,1,1,2026-02
TXN0000043747,ACC0014048,96946.03,SUCCESS,2026-03-14 16:11:40,1,1,1,2026-03
TXN0000043748,ACC0025890,143462.42,SUCCESS,2026-06-24 05:10:54,1,1,1,2026-06
TXN0000043752,ACC0026719,101880.3,SUCCESS,2026-04-12 12:48:07,1,1,1,2026-04
TXN0000043758,ACC0025336,7246.17,SUCCESS,2026-04-24 03:07:32,1,1,1,2026-04
TXN0000043760,ACC0010087,66894.55,SUCCESS,2026-07-16 10:42:05,1,1,1,2026-07
TXN0000043772,ACC0001365,141822.73,SUCCESS,2026-02-22 12:24:57,1,1,1,2026-02
TXN0000043781,ACC0006511,114040.46,SUCCESS,2026-07-16 20:35:25,1,1,1,2026-07
TXN0000043783,ACC0019405,70360.97,SUCCESS,2026-05-16 19:56:12,1,1,1,2026-05
TXN0000043790,ACC0000671,143216.69,SUCCESS,2026-01-14 07:51:50,1,1,1,2026-01
TXN0000043793,ACC0013914,22645.63,SUCCESS,2026-06-08 07:21:39,1,1,1,2026-06
TXN0000043797,ACC0022910,88392.71,SUCCESS,2026-02-22 07:39:18,1,1,1,2026-02
TXN0000043801,ACC0005708,14052.35,SUCCESS,2026-06-12 16:34:14,1,1,1,2026-06
TXN0000043812,ACC0001149,44011.48,SUCCESS,2026-06-02 02:59:27,1,1,1,2026-06
TXN0000043817,ACC0025430,146129.75,SUCCESS,2026-04-14 12:00:27,1,1,1,2026-04
TXN0000043821,ACC0007205,48848.16,SUCCESS,2026-01-05 19:18:26,1,1,1,2026-01
TXN0000043823,ACC0017693,129903.57,SUCCESS,2026-03-28 07:42:06,1,1,1,2026-03
TXN0000043830,ACC0010574,74554.31,SUCCESS,2026-05-25 13:28:43,1,1,1,2026-05
TXN0000043833,ACC0020584,3110.55,SUCCESS,2026-01-18 20:01:23,1,1,1,2026-01
TXN0000043845,ACC0005170,97965.36,SUCCESS,2026-05-12 13:20:29,1,1,1,2026-05
TXN0000043847,ACC0027149,137683.34,SUCCESS,2026-07-06 13:25:39,1,1,1,2026-07
TXN0000043850,ACC0005983,11082.84,SUCCESS,2026-02-08 19:05:50,1,1,1,2026-02
TXN0000043856,ACC0023479,63904.58,SUCCESS,2026-03-23 06:47:56,1,1,1,2026-03
TXN0000043863,ACC0003823,18407.52,SUCCESS,2026-01-03 08:04:25,1,1,1,2026-01
TXN0000043871,ACC0003139,113775.3,SUCCESS,2026-07-22 10:27:36,1,1,1,2026-07
TXN0000043910,ACC0002942,106216.69,SUCCESS,2026-02-18 04:19:06,1,1,1,2026-02
TXN0000043911,ACC0028130,66784.56,SUCCESS,2026-07-26 04:50:49,1,1,1,2026-07
TXN0000043915,ACC0021846,110438.94,SUCCESS,2026-01-10 02:26:47,1,1,1,2026-01
TXN0000043918,ACC0024105,56399.25,SUCCESS,2026-03-05 19:21:12,1,1,1,2026-03
TXN0000043920,ACC0026432,138919.11,SUCCESS,2026-02-27 01:41:54,1,1,1,2026-02
TXN0000043921,ACC0010312,17170.93,SUCCESS,2026-06-14 20:53:24,1,1,1,2026-06
TXN0000043925,ACC0008326,78001.29,SUCCESS,2026-06-08 09:44:45,1,1,1,2026-06
TXN0000043928,ACC0020814,43515.34,SUCCESS,2026-01-07 10:01:38,1,1,1,2026-01
TXN0000043931,ACC0012987,102399.15,SUCCESS,2026-06-19 21:53:46,1,1,1,2026-06
TXN0000043932,ACC0028658,55050.39,SUCCESS,2026-06-19 04:19:55,1,1,1,2026-06
TXN0000043935,ACC0023189,42873.22,SUCCESS,2026-06-11 08:36:07,1,1,1,2026-06
TXN0000043937,ACC0024097,143090.05,SUCCESS,2026-04-10 14:36:52,1,1,1,2026-04
TXN0000043939,ACC0028406,92389.75,SUCCESS,2026-08-06 16:59:22,1,1,1,2026-08
TXN0000043941,ACC0017402,48897.15,SUCCESS,2026-01-01 15:22:39,1,1,1,2026-01
TXN0000043948,ACC0018864,141684.69,SUCCESS,2026-07-14 08:30:31,1,1,1,2026-07
TXN0000043952,ACC0011135,114027.65,SUCCESS,2026-02-21 20:04:35,1,1,1,2026-02
TXN0000043953,ACC0017801,80527.54,SUCCESS,2026-01-18 01:34:53,1,1,1,2026-01
TXN0000043957,ACC0019124,136386.51,SUCCESS,2026-06-18 01:52:59,1,1,1,2026-06
TXN0000043961,ACC0003748,123697.8,SUCCESS,2026-05-24 03:07:02,1,1,1,2026-05
TXN0000043968,ACC0010332,109929.85,SUCCESS,2026-03-26 12:07:19,1,1,1,2026-03
TXN0000043974,ACC0022514,82987.82,SUCCESS,2026-04-10 03:43:21,1,1,1,2026-04
TXN0000043998,ACC0021173,83050.24,SUCCESS,2026-06-01 03:02:23,1,1,1,2026-06
TXN0000044007,ACC0016181,79774.85,SUCCESS,2026-06-14 19:52:33,1,1,1,2026-06
TXN0000044010,ACC0014732,37073.81,SUCCESS,2026-01-14 18:28:23,1,1,1,2026-01
TXN0000044011,ACC0002278,45500.57,SUCCESS,2026-01-26 19:29:00,1,1,1,2026-01
TXN0000044013,ACC0000485,20268.61,SUCCESS,2026-03-16 08:32:44,1,1,1,2026-03
TXN0000044014,ACC0023321,126251.7,SUCCESS,2026-01-17 23:51:17,1,1,1,2026-01
TXN0000044016,ACC0023575,31016.71,SUCCESS,2026-03-30 20:34:17,1,1,1,2026-03
TXN0000044020,ACC0026007,130395.71,SUCCESS,2026-04-26 02:53:11,1,1,1,2026-04
TXN0000044033,ACC0024208,129014.21,SUCCESS,2026-02-16 22:13:54,1,1,1,2026-02
TXN0000044079,ACC0001610,104753.34,SUCCESS,2026-02-18 18:55:28,1,1,1,2026-02
TXN0000044083,ACC0009033,46239.28,SUCCESS,2026-04-07 14:28:24,1,1,1,2026-04
TXN0000044085,ACC0007514,58476.44,SUCCESS,2026-07-16 21:13:02,1,1,1,2026-07
TXN0000044103,ACC0024232,34480.53,SUCCESS,2026-05-14 16:38:00,1,1,1,2026-05
TXN0000044106,ACC0007668,128873.87,SUCCESS,2026-02-18 22:03:28,1,1,1,2026-02
TXN0000044109,ACC0016981,134071.15,SUCCESS,2026-04-19 13:00:12,1,1,1,2026-04
TXN0000044111,ACC0017844,59057.04,SUCCESS,2026-02-28 02:14:03,1,1,1,2026-02
TXN0000044115,ACC0005593,15815.94,SUCCESS,2026-02-25 05:32:49,1,1,1,2026-02
TXN0000044119,ACC0001730,3736.95,SUCCESS,2026-04-22 02:11:31,1,1,1,2026-04
TXN0000044121,ACC0028471,40859.2,SUCCESS,2026-01-17 03:42:16,1,1,1,2026-01
TXN0000044126,ACC0020385,131998.88,SUCCESS,2026-01-18 12:43:15,1,1,1,2026-01
TXN0000044134,ACC0022644,139756.11,SUCCESS,2026-04-26 21:47:44,1,1,1,2026-04
TXN0000044135,ACC0028277,82736.08,SUCCESS,2026-07-31 09:33:43,1,1,1,2026-07
TXN0000044140,ACC0014459,99701.06,SUCCESS,2026-05-24 22:19:49,1,1,1,2026-05
TXN0000044147,ACC0010457,107235.79,SUCCESS,2026-07-12 04:02:26,1,1,1,2026-07
TXN0000044150,ACC0028694,86677.78,SUCCESS,2026-06-29 18:02:23,1,1,1,2026-06
TXN0000044165,ACC0001561,122670.33,SUCCESS,2026-07-25 03:36:06,1,1,1,2026-07
TXN0000044167,ACC0003650,16776.63,SUCCESS,2026-04-25 17:10:46,1,1,1,2026-04
TXN0000044169,ACC0010069,75429.9,SUCCESS,2026-06-08 03:32:12,1,1,1,2026-06
TXN0000044185,ACC0017659,17385.63,SUCCESS,2026-03-18 05:40:54,1,1,1,2026-03
TXN0000044189,ACC0004550,35984.2,SUCCESS,2026-02-26 03:59:45,1,1,1,2026-02
TXN0000044201,ACC0004650,20464.99,SUCCESS,2026-01-23 08:20:26,1,1,1,2026-01
TXN0000044206,ACC0007525,134521.75,SUCCESS,2026-03-11 23:51:53,1,1,1,2026-03
TXN0000044207,ACC0025929,24458.19,SUCCESS,2026-03-19 12:34:41,1,1,1,2026-03
TXN0000044209,ACC0022667,63857.87,SUCCESS,2026-06-11 19:45:55,1,1,1,2026-06
TXN0000044222,ACC0028956,44045.41,SUCCESS,2026-07-10 21:24:13,1,1,1,2026-07
TXN0000044225,ACC0011369,16668.83,SUCCESS,2026-03-27 05:03:09,1,1,1,2026-03
TXN0000044235,ACC0014240,31553.46,SUCCESS,2026-06-03 12:08:08,1,1,1,2026-06
TXN0000044236,ACC0003644,146559.66,SUCCESS,2026-07-25 22:07:12,1,1,1,2026-07
TXN0000044237,ACC0002049,120439.46,SUCCESS,2026-03-29 10:47:56,1,1,1,2026-03
TXN0000044239,ACC0022615,124575.48,SUCCESS,2026-06-27 19:47:55,1,1,1,2026-06
TXN0000044265,ACC0009521,88889.35,SUCCESS,2026-08-06 09:08:58,1,1,1,2026-08
TXN0000044271,ACC0003924,72352.21,SUCCESS,2026-08-04 06:39:13,1,1,1,2026-08
TXN0000044275,ACC0009318,55690.09,SUCCESS,2026-07-13 10:21:12,1,1,1,2026-07
TXN0000044276,ACC0020493,58586.86,SUCCESS,2026-01-03 17:26:49,1,1,1,2026-01
TXN0000044284,ACC0013354,114077.71,SUCCESS,2026-08-04 10:20:56,1,1,1,2026-08
TXN0000044286,ACC0018511,139280.39,SUCCESS,2026-02-15 11:17:18,1,1,1,2026-02
TXN0000044288,ACC0016233,120039.35,SUCCESS,2026-06-04 08:00:35,1,1,1,2026-06
TXN0000044289,ACC0008119,7834.19,SUCCESS,2026-02-20 20:48:44,1,1,1,2026-02
TXN0000044293,ACC0004056,92863.01,SUCCESS,2026-07-15 16:34:15,1,1,1,2026-07
TXN0000044300,ACC0020672,33186.08,SUCCESS,2026-04-06 01:18:00,1,1,1,2026-04
TXN0000044303,ACC0025551,61427.81,SUCCESS,2026-02-05 21:02:24,1,1,1,2026-02
TXN0000044304,ACC0006966,90284.61,SUCCESS,2026-04-28 21:20:16,1,1,1,2026-04
TXN0000044306,ACC0024937,98213.12,SUCCESS,2026-04-10 12:06:01,1,1,1,2026-04
TXN0000044308,ACC0009967,117479.58,SUCCESS,2026-04-10 21:06:47,1,1,1,2026-04
TXN0000044313,ACC0016589,117130.47,SUCCESS,2026-02-25 18:11:20,1,1,1,2026-02
TXN0000044322,ACC0012089,44515.85,SUCCESS,2026-05-22 17:21:30,1,1,1,2026-05
TXN0000044337,ACC0000895,126913.41,SUCCESS,2026-05-19 04:53:47,1,1,1,2026-05
TXN0000044345,ACC0019270,56309.45,SUCCESS,2026-02-07 12:31:27,1,1,1,2026-02
TXN0000044358,ACC0021708,32681.21,SUCCESS,2026-01-22 17:51:42,1,1,1,2026-01
TXN0000044364,ACC0004164,27089.02,SUCCESS,2026-07-22 05:10:38,1,1,1,2026-07
TXN0000044371,ACC0029832,76149.92,SUCCESS,2026-07-20 12:21:28,1,1,1,2026-07
TXN0000044372,ACC0018869,89247.24,SUCCESS,2026-01-08 07:42:29,1,1,1,2026-01
TXN0000044378,ACC0027197,87494.68,SUCCESS,2026-07-31 07:57:36,1,1,1,2026-07
TXN0000044382,ACC0020885,1087.79,SUCCESS,2026-06-22 10:24:44,1,1,1,2026-06
TXN0000044383,ACC0026958,34995.31,SUCCESS,2026-06-05 01:10:58,1,1,1,2026-06
TXN0000044385,ACC0000745,17617.51,SUCCESS,2026-04-13 16:33:31,1,1,1,2026-04
TXN0000044386,ACC0017793,35364.87,SUCCESS,2026-07-25 13:27:17,1,1,1,2026-07
TXN0000044387,ACC0017349,116210.82,SUCCESS,2026-05-24 22:50:38,1,1,1,2026-05
TXN0000044391,ACC0003432,18522.08,SUCCESS,2026-06-25 21:20:11,1,1,1,2026-06
TXN0000044393,ACC0025500,112154.28,SUCCESS,2026-04-19 03:34:12,1,1,1,2026-04
TXN0000044417,ACC0024988,117034.47,SUCCESS,2026-07-18 17:02:09,1,1,1,2026-07
TXN0000044420,ACC0015093,63596.75,SUCCESS,2026-02-03 11:27:16,1,1,1,2026-02
TXN0000044431,ACC0025146,77548.53,SUCCESS,2026-04-05 10:01:13,1,1,1,2026-04
TXN0000044437,ACC0021335,111681.33,SUCCESS,2026-05-09 08:25:44,1,1,1,2026-05
TXN0000044438,ACC0010117,41774.7,SUCCESS,2026-01-11 16:27:45,1,1,1,2026-01
TXN0000044441,ACC0016125,6252.49,SUCCESS,2026-01-27 23:18:49,1,1,1,2026-01
TXN0000044443,ACC0020140,130491.44,SUCCESS,2026-05-02 13:10:43,1,1,1,2026-05
TXN0000044444,ACC0001551,128845.92,SUCCESS,2026-03-15 19:35:01,1,1,1,2026-03
TXN0000044448,ACC0023858,86170.14,SUCCESS,2026-03-13 08:21:58,1,1,1,2026-03
TXN0000044452,ACC0005890,47243.3,SUCCESS,2026-06-13 12:49:52,1,1,1,2026-06
TXN0000044455,ACC0026973,18444.33,SUCCESS,2026-06-22 11:53:00,1,1,1,2026-06
TXN0000044460,ACC0028348,69655.89,SUCCESS,2026-05-18 02:11:50,1,1,1,2026-05
TXN0000044461,ACC0004395,86411.28,SUCCESS,2026-07-25 01:58:37,1,1,1,2026-07
TXN0000044499,ACC0002092,6253.31,SUCCESS,2026-02-27 06:14:10,1,1,1,2026-02
TXN0000044519,ACC0023643,29781.9,SUCCESS,2026-06-16 11:45:40,1,1,1,2026-06
TXN0000044521,ACC0013880,38824.51,SUCCESS,2026-05-05 06:35:08,1,1,1,2026-05
TXN0000044536,ACC0009055,95184.07,SUCCESS,2026-01-07 14:31:55,1,1,1,2026-01
TXN0000044537,ACC0014272,59271.63,SUCCESS,2026-04-19 07:36:55,1,1,1,2026-04
TXN0000044540,ACC0006223,90770.24,SUCCESS,2026-04-30 15:42:23,1,1,1,2026-04
TXN0000044552,ACC0004988,82659.32,SUCCESS,2026-01-16 06:10:16,1,1,1,2026-01
TXN0000044554,ACC0008638,82113.96,SUCCESS,2026-04-26 18:03:17,1,1,1,2026-04
TXN0000044563,ACC0007876,27627.94,SUCCESS,2026-03-06 18:31:11,1,2,1,2026-03
TXN0000044564,ACC0012388,141328.07,SUCCESS,2026-04-01 19:55:40,1,1,1,2026-04
TXN0000044565,ACC0000845,23594.17,SUCCESS,2026-06-27 22:11:59,1,1,1,2026-06
TXN0000044566,ACC0027698,97634.16,SUCCESS,2026-07-16 11:15:27,1,1,1,2026-07
TXN0000044570,ACC0018116,32416.76,SUCCESS,2026-07-06 18:03:47,1,1,1,2026-07
TXN0000044575,ACC0013797,149008.23,SUCCESS,2026-06-01 13:30:16,1,1,1,2026-06
TXN0000044582,ACC0018549,44546.27,SUCCESS,2026-06-26 21:52:14,1,1,1,2026-06
TXN0000044583,ACC0017329,145437.53,SUCCESS,2026-06-22 15:42:53,1,1,1,2026-06
TXN0000044587,ACC0015029,37566.03,SUCCESS,2026-04-19 15:10:42,1,1,1,2026-04
TXN0000044588,ACC0010324,81184.39,SUCCESS,2026-01-22 01:07:41,1,1,1,2026-01
TXN0000044596,ACC0010488,50370.33,SUCCESS,2026-02-06 09:40:06,1,1,1,2026-02
TXN0000044602,ACC0014065,93235.43,SUCCESS,2026-02-02 22:33:43,1,1,1,2026-02
TXN0000044608,ACC0000161,84159.62,SUCCESS,2026-03-11 04:46:24,1,1,1,2026-03
TXN0000044609,ACC0002605,84252.65,SUCCESS,2026-03-07 13:26:24,1,1,1,2026-03
TXN0000044621,ACC0003361,138599.25,SUCCESS,2026-04-17 07:41:21,1,1,1,2026-04
TXN0000044630,ACC0006721,145871.83,SUCCESS,2026-06-14 05:18:43,1,1,1,2026-06
TXN0000044634,ACC0011276,91340.03,SUCCESS,2026-04-19 01:10:08,1,1,1,2026-04
TXN0000044653,ACC0019816,127407.81,SUCCESS,2026-07-25 22:39:26,1,1,1,2026-07
TXN0000044657,ACC0017615,70392.13,SUCCESS,2026-07-24 07:10:28,1,1,1,2026-07
TXN0000044659,ACC0013624,16287.59,SUCCESS,2026-02-23 00:26:31,1,1,1,2026-02
TXN0000044665,ACC0025919,149529.23,SUCCESS,2026-06-25 18:10:21,1,1,1,2026-06
TXN0000044666,ACC0014978,148064.02,SUCCESS,2026-03-03 17:02:08,1,1,1,2026-03
TXN0000044671,ACC0024394,71575.68,SUCCESS,2026-04-02 17:26:23,1,1,1,2026-04
TXN0000044677,ACC0015466,6659.71,SUCCESS,2026-06-24 23:22:00,1,1,1,2026-06
TXN0000044681,ACC0017984,49093.0,SUCCESS,2026-02-01 05:37:54,1,1,1,2026-02
TXN0000044682,ACC0016934,19502.63,SUCCESS,2026-03-02 16:04:59,1,1,1,2026-03
TXN0000044707,ACC0025178,144732.18,SUCCESS,2026-01-19 07:46:08,1,1,1,2026-01
TXN0000044710,ACC0010214,2656.94,SUCCESS,2026-02-22 11:42:07,1,1,1,2026-02
TXN0000044713,ACC0014822,127949.03,SUCCESS,2026-01-12 09:09:51,1,1,1,2026-01
TXN0000044722,ACC0011798,31950.67,SUCCESS,2026-02-28 18:17:09,1,1,1,2026-02
TXN0000044723,ACC0000601,107958.89,SUCCESS,2026-04-24 07:42:45,1,1,1,2026-04
TXN0000044725,ACC0010327,78672.66,SUCCESS,2026-06-22 19:26:22,1,1,1,2026-06
TXN0000044728,ACC0001777,31520.38,SUCCESS,2026-06-15 14:57:36,1,1,1,2026-06
TXN0000044733,ACC0021450,57456.32,SUCCESS,2026-03-28 20:50:42,1,1,1,2026-03
TXN0000044741,ACC0002139,116342.15,SUCCESS,2026-05-23 14:01:34,1,1,1,2026-05
TXN0000044757,ACC0021279,65592.37,SUCCESS,2026-03-11 11:50:55,1,1,1,2026-03
TXN0000044769,ACC0009460,113086.28,SUCCESS,2026-04-18 02:37:03,1,1,1,2026-04
TXN0000044774,ACC0015963,14094.84,SUCCESS,2026-07-25 13:08:07,1,1,1,2026-07
TXN0000044777,ACC0022049,66497.89,SUCCESS,2026-05-26 01:47:12,1,1,1,2026-05
TXN0000044778,ACC0026179,37999.42,SUCCESS,2026-05-22 02:56:06,1,1,1,2026-05
TXN0000044782,ACC0023799,116441.58,SUCCESS,2026-05-11 09:00:14,1,1,1,2026-05
TXN0000044787,ACC0015908,109204.67,SUCCESS,2026-03-30 20:00:41,1,1,1,2026-03
TXN0000044788,ACC0012570,112105.43,SUCCESS,2026-02-24 15:30:18,1,1,1,2026-02
TXN0000044791,ACC0006785,136738.01,SUCCESS,2026-01-18 00:11:43,1,1,1,2026-01
TXN0000044804,ACC0000474,81571.7,SUCCESS,2026-06-03 11:28:40,1,1,1,2026-06
TXN0000044809,ACC0022611,145227.7,SUCCESS,2026-01-25 20:32:43,1,1,1,2026-01
TXN0000044810,ACC0021928,63836.36,SUCCESS,2026-03-22 11:05:46,1,1,1,2026-03
TXN0000044814,ACC0004330,88315.61,SUCCESS,2026-05-29 12:33:30,1,1,1,2026-05
TXN0000044817,ACC0023041,115061.46,SUCCESS,2026-06-01 05:30:26,1,1,1,2026-06
TXN0000044826,ACC0005071,44096.22,SUCCESS,2026-01-09 13:55:47,1,1,1,2026-01
TXN0000044827,ACC0027977,126759.0,SUCCESS,2026-03-14 16:03:58,1,1,1,2026-03
TXN0000044834,ACC0002827,33051.01,SUCCESS,2026-06-24 14:28:10,1,1,1,2026-06
TXN0000044845,ACC0024131,107241.76,SUCCESS,2026-04-28 02:55:44,1,1,1,2026-04
TXN0000044847,ACC0024024,95148.4,SUCCESS,2026-02-13 20:31:05,1,1,1,2026-02
TXN0000044848,ACC0026965,53253.37,SUCCESS,2026-08-02 04:31:37,1,1,1,2026-08
TXN0000044852,ACC0001192,54330.53,SUCCESS,2026-01-23 12:49:31,1,1,1,2026-01
TXN0000044853,ACC0000004,120763.0,SUCCESS,2026-06-24 20:53:31,1,1,1,2026-06
TXN0000044884,ACC0026762,23098.23,SUCCESS,2026-02-14 02:19:25,1,1,1,2026-02
TXN0000044885,ACC0022342,30480.69,SUCCESS,2026-07-10 01:55:20,1,1,1,2026-07
TXN0000044893,ACC0007241,70576.62,SUCCESS,2026-03-08 18:50:28,1,1,1,2026-03
TXN0000044897,ACC0021370,20839.61,SUCCESS,2026-06-12 04:01:52,1,1,1,2026-06
TXN0000044898,ACC0011897,37649.17,SUCCESS,2026-02-08 06:47:35,1,1,1,2026-02
TXN0000044909,ACC0012528,76249.48,SUCCESS,2026-01-11 02:38:27,1,1,1,2026-01
TXN0000044919,ACC0023505,117172.94,SUCCESS,2026-07-24 02:41:04,1,1,1,2026-07
TXN0000044921,ACC0009230,18734.48,SUCCESS,2026-05-04 00:37:48,1,1,1,2026-05
TXN0000044924,ACC0024530,46183.34,SUCCESS,2026-05-22 23:29:13,1,1,1,2026-05
TXN0000044930,ACC0017179,135192.28,SUCCESS,2026-06-15 23:46:40,1,1,1,2026-06
TXN0000044932,ACC0008699,44601.19,SUCCESS,2026-01-10 20:14:15,1,1,1,2026-01
TXN0000044939,ACC0011299,124507.4,SUCCESS,2026-03-29 18:47:13,1,1,1,2026-03
TXN0000044948,ACC0012096,114760.23,SUCCESS,2026-07-28 13:30:57,1,1,1,2026-07
TXN0000044958,ACC0020869,9384.51,SUCCESS,2026-02-10 12:08:12,1,1,1,2026-02
TXN0000044975,ACC0022892,91151.21,SUCCESS,2026-03-20 11:43:53,1,1,1,2026-03
TXN0000044977,ACC0012542,132801.25,SUCCESS,2026-06-06 06:54:17,1,1,1,2026-06
TXN0000044982,ACC0027863,21686.83,SUCCESS,2026-03-13 08:16:43,1,1,1,2026-03
TXN0000045004,ACC0010062,2208.37,SUCCESS,2026-02-05 03:15:57,1,1,1,2026-02
TXN0000045005,ACC0014567,20315.09,SUCCESS,2026-06-14 21:05:07,1,1,1,2026-06
TXN0000045008,ACC0014966,22373.66,SUCCESS,2026-01-26 01:13:32,1,1,1,2026-01
TXN0000045013,ACC0008725,104104.37,SUCCESS,2026-01-03 16:07:11,1,1,1,2026-01
TXN0000045015,ACC0028180,65131.71,SUCCESS,2026-01-10 17:05:48,1,1,1,2026-01
TXN0000045017,ACC0024095,138751.73,SUCCESS,2026-02-02 15:37:34,1,1,1,2026-02
TXN0000045023,ACC0020281,94173.37,SUCCESS,2026-05-11 23:19:48,1,1,1,2026-05
TXN0000045028,ACC0028551,24628.99,SUCCESS,2026-03-07 13:40:54,1,1,1,2026-03
TXN0000045038,ACC0016882,73492.57,SUCCESS,2026-01-14 21:45:58,1,1,1,2026-01
TXN0000045053,ACC0008919,123478.41,SUCCESS,2026-04-27 08:48:10,1,1,1,2026-04
TXN0000045057,ACC0023295,279.51,SUCCESS,2026-04-21 05:11:53,1,1,1,2026-04
TXN0000045064,ACC0005343,84430.89,SUCCESS,2026-02-09 15:03:04,1,1,1,2026-02
TXN0000045071,ACC0019819,27571.11,SUCCESS,2026-01-03 22:46:45,1,1,1,2026-01
TXN0000045073,ACC0000777,44989.54,SUCCESS,2026-01-15 03:32:38,1,1,1,2026-01
TXN0000045086,ACC0008093,127037.38,SUCCESS,2026-07-30 17:34:10,1,1,1,2026-07
TXN0000045091,ACC0012440,47257.92,SUCCESS,2026-01-26 01:06:37,1,1,1,2026-01
TXN0000045092,ACC0011360,3934.71,SUCCESS,2026-04-23 08:26:26,1,1,1,2026-04
TXN0000045095,ACC0009366,48131.39,SUCCESS,2026-07-05 07:03:22,1,1,1,2026-07
TXN0000045097,ACC0001564,40063.49,SUCCESS,2026-02-02 04:29:23,1,1,1,2026-02
TXN0000045103,ACC0011954,71192.09,SUCCESS,2026-03-09 11:22:45,1,1,1,2026-03
TXN0000045111,ACC0003445,16127.89,SUCCESS,2026-05-07 16:44:51,1,1,1,2026-05
TXN0000045127,ACC0025672,7179.33,SUCCESS,2026-05-08 15:38:41,1,1,1,2026-05
TXN0000045133,ACC0009674,139837.44,SUCCESS,2026-05-30 00:23:24,1,1,1,2026-05
TXN0000045139,ACC0012227,47511.02,SUCCESS,2026-05-12 15:23:43,1,1,1,2026-05
TXN0000045141,ACC0005408,106602.53,SUCCESS,2026-05-12 05:39:00,1,1,1,2026-05
TXN0000045169,ACC0024481,9220.23,SUCCESS,2026-08-07 04:25:57,1,1,1,2026-08
TXN0000045171,ACC0007640,10205.14,SUCCESS,2026-06-12 20:33:09,1,1,1,2026-06
TXN0000045174,ACC0021521,102931.21,SUCCESS,2026-07-02 16:56:13,1,1,1,2026-07
TXN0000045179,ACC0014075,21915.39,SUCCESS,2026-04-26 13:02:13,1,1,1,2026-04
TXN0000045182,ACC0003335,42732.46,SUCCESS,2026-01-08 21:47:20,1,1,1,2026-01
TXN0000045184,ACC0016444,4115.56,SUCCESS,2026-04-29 08:35:12,1,1,1,2026-04
TXN0000045187,ACC0009713,50340.55,SUCCESS,2026-07-22 05:21:30,1,1,1,2026-07
TXN0000045188,ACC0023183,120259.37,SUCCESS,2026-01-19 13:08:53,1,1,1,2026-01
TXN0000045189,ACC0017449,105333.09,SUCCESS,2026-02-13 17:50:45,1,1,1,2026-02
TXN0000045196,ACC0006082,87039.4,SUCCESS,2026-05-03 08:18:28,1,1,1,2026-05
TXN0000045204,ACC0012471,90701.75,SUCCESS,2026-03-29 02:19:43,1,1,1,2026-03
TXN0000045208,ACC0005082,132823.49,SUCCESS,2026-07-04 21:19:06,1,1,1,2026-07
TXN0000045213,ACC0019889,47065.62,SUCCESS,2026-08-04 20:42:25,1,1,1,2026-08
TXN0000045219,ACC0022994,23719.21,SUCCESS,2026-07-25 16:20:47,1,1,1,2026-07
TXN0000045224,ACC0012330,53601.4,SUCCESS,2026-03-08 02:45:33,1,1,1,2026-03
TXN0000045225,ACC0001687,30310.92,SUCCESS,2026-06-07 01:17:10,1,1,1,2026-06
TXN0000045232,ACC0015587,134505.51,SUCCESS,2026-07-19 15:59:11,1,1,1,2026-07
TXN0000045234,ACC0016332,85002.65,SUCCESS,2026-05-24 04:04:53,1,1,1,2026-05
TXN0000045238,ACC0000199,149789.66,SUCCESS,2026-07-05 02:06:36,1,1,1,2026-07
TXN0000045246,ACC0024365,26000.27,SUCCESS,2026-07-14 06:27:24,1,1,1,2026-07
TXN0000045259,ACC0006877,107312.0,SUCCESS,2026-04-05 09:41:05,1,1,1,2026-04
TXN0000045264,ACC0011721,53428.91,SUCCESS,2026-03-17 08:06:31,1,1,1,2026-03
TXN0000045268,ACC0006838,102068.69,SUCCESS,2026-06-08 20:53:06,1,1,1,2026-06
TXN0000045273,ACC0015219,118822.05,SUCCESS,2026-01-08 04:41:37,1,1,1,2026-01
TXN0000045274,ACC0011412,79945.39,SUCCESS,2026-03-03 13:17:44,1,1,1,2026-03
TXN0000045287,ACC0002191,87308.74,SUCCESS,2026-04-09 16:53:45,1,1,1,2026-04
TXN0000045293,ACC0000808,106556.83,SUCCESS,2026-05-17 02:07:19,1,1,1,2026-05
TXN0000045306,ACC0003707,36569.19,SUCCESS,2026-06-04 14:01:34,1,1,1,2026-06
TXN0000045312,ACC0019680,73189.31,SUCCESS,2026-01-19 15:15:01,1,1,1,2026-01
TXN0000045314,ACC0000582,55803.3,SUCCESS,2026-01-21 00:58:54,1,1,1,2026-01
TXN0000045318,ACC0009059,145329.22,SUCCESS,2026-06-18 23:34:45,1,1,1,2026-06
TXN0000045320,ACC0028188,128994.38,SUCCESS,2026-07-22 21:53:07,1,1,1,2026-07
TXN0000045340,ACC0003311,93705.78,SUCCESS,2026-06-12 14:38:13,1,1,1,2026-06
TXN0000045344,ACC0025523,26185.31,SUCCESS,2026-04-25 16:14:45,1,1,1,2026-04
TXN0000045348,ACC0003856,143006.51,SUCCESS,2026-07-07 04:47:42,1,1,1,2026-07
TXN0000045368,ACC0027740,97569.2,SUCCESS,2026-01-08 05:54:44,1,1,1,2026-01
TXN0000045369,ACC0015991,112911.94,SUCCESS,2026-05-18 02:13:25,1,1,1,2026-05
TXN0000045370,ACC0003102,37085.13,SUCCESS,2026-01-16 21:25:26,1,1,1,2026-01
TXN0000045380,ACC0021005,81231.36,SUCCESS,2026-01-24 13:32:11,1,1,1,2026-01
TXN0000045384,ACC0026593,71483.88,SUCCESS,2026-05-11 18:20:59,1,1,1,2026-05
TXN0000045385,ACC0004862,136257.65,SUCCESS,2026-04-27 09:37:12,1,1,1,2026-04
TXN0000045386,ACC0007179,73418.9,SUCCESS,2026-02-25 20:33:44,1,1,1,2026-02
TXN0000045387,ACC0016169,28559.08,SUCCESS,2026-02-18 19:46:24,1,1,1,2026-02
TXN0000045403,ACC0001209,44133.72,SUCCESS,2026-05-10 08:23:24,1,1,1,2026-05
TXN0000045409,ACC0012065,80953.75,SUCCESS,2026-08-06 08:30:14,1,1,1,2026-08
TXN0000045416,ACC0013640,25966.14,SUCCESS,2026-02-02 08:04:07,1,1,1,2026-02
TXN0000045421,ACC0012854,129132.07,SUCCESS,2026-01-29 01:41:31,1,1,1,2026-01
TXN0000045423,ACC0020777,132133.17,SUCCESS,2026-06-23 02:41:26,1,1,1,2026-06
TXN0000045432,ACC0023638,32921.74,SUCCESS,2026-06-27 13:30:50,1,1,1,2026-06
TXN0000045433,ACC0027716,66608.38,SUCCESS,2026-08-05 12:02:46,1,1,1,2026-08
TXN0000045440,ACC0020462,134684.98,SUCCESS,2026-03-04 12:57:57,1,1,1,2026-03
TXN0000045442,ACC0007871,145446.95,SUCCESS,2026-02-18 11:29:03,1,1,1,2026-02
TXN0000045446,ACC0021031,90264.12,SUCCESS,2026-05-17 13:47:44,1,1,1,2026-05
TXN0000045449,ACC0016699,85519.03,SUCCESS,2026-06-16 17:45:21,1,1,1,2026-06
TXN0000045473,ACC0022146,38758.09,SUCCESS,2026-05-02 19:06:40,1,1,1,2026-05
TXN0000045476,ACC0017897,120274.78,SUCCESS,2026-07-20 01:23:04,1,1,1,2026-07
TXN0000045496,ACC0024513,51319.19,SUCCESS,2026-06-21 10:26:52,1,1,1,2026-06
TXN0000045498,ACC0015551,138838.93,SUCCESS,2026-01-17 08:31:30,1,1,1,2026-01
TXN0000045507,ACC0023901,59341.54,SUCCESS,2026-04-01 21:41:02,1,1,1,2026-04
TXN0000045510,ACC0019371,136985.01,SUCCESS,2026-06-14 16:37:47,1,1,1,2026-06
TXN0000045518,ACC0026925,19761.16,SUCCESS,2026-04-29 11:06:24,1,1,1,2026-04
TXN0000045519,ACC0000635,121227.26,SUCCESS,2026-04-25 19:24:33,1,1,1,2026-04
TXN0000045537,ACC0019209,59188.31,SUCCESS,2026-03-18 17:21:22,1,1,1,2026-03
TXN0000045541,ACC0014941,143088.13,SUCCESS,2026-01-24 06:35:33,1,1,1,2026-01
TXN0000045547,ACC0000169,140621.84,SUCCESS,2026-02-09 06:08:42,1,1,1,2026-02
TXN0000045556,ACC0003965,110446.86,SUCCESS,2026-01-01 14:29:57,1,1,1,2026-01
TXN0000045562,ACC0022267,89576.34,SUCCESS,2026-02-10 12:28:05,1,1,1,2026-02
TXN0000045573,ACC0008303,147546.05,SUCCESS,2026-07-22 01:25:37,1,1,1,2026-07
TXN0000045574,ACC0016959,142502.02,SUCCESS,2026-02-17 05:03:43,1,1,1,2026-02
TXN0000045579,ACC0028015,101809.14,SUCCESS,2026-05-28 13:29:05,1,1,1,2026-05
TXN0000045585,ACC0026470,126071.84,SUCCESS,2026-01-11 10:39:19,1,1,1,2026-01
TXN0000045594,ACC0000291,137937.2,SUCCESS,2026-02-22 01:14:54,1,1,1,2026-02
TXN0000045595,ACC0006735,132712.05,SUCCESS,2026-07-19 04:08:45,1,1,1,2026-07
TXN0000045605,ACC0007454,51580.73,SUCCESS,2026-05-30 16:29:34,1,1,1,2026-05
TXN0000045608,ACC0024915,13128.85,SUCCESS,2026-04-04 14:27:42,1,1,1,2026-04
TXN0000045609,ACC0011370,44843.89,SUCCESS,2026-03-31 10:36:31,1,1,1,2026-03
TXN0000045620,ACC0013850,41071.34,SUCCESS,2026-02-13 01:37:42,1,1,1,2026-02
TXN0000045621,ACC0025217,140002.19,SUCCESS,2026-07-01 02:29:48,1,1,1,2026-07
TXN0000045622,ACC0026259,106862.78,SUCCESS,2026-02-06 12:13:27,1,1,1,2026-02
TXN0000045623,ACC0006141,133800.46,SUCCESS,2026-03-13 02:56:21,1,1,1,2026-03
TXN0000045626,ACC0025375,118027.39,SUCCESS,2026-04-04 20:08:26,1,1,1,2026-04
TXN0000045627,ACC0017879,136383.76,SUCCESS,2026-02-15 18:22:52,1,1,1,2026-02
TXN0000045632,ACC0018817,107641.16,SUCCESS,2026-03-13 11:50:49,1,1,1,2026-03
TXN0000045636,ACC0018340,118870.76,SUCCESS,2026-05-15 17:55:17,1,1,1,2026-05
TXN0000045641,ACC0024804,116994.07,SUCCESS,2026-05-05 21:16:29,1,1,1,2026-05
TXN0000045653,ACC0001361,105934.53,SUCCESS,2026-07-17 03:44:10,1,1,1,2026-07
TXN0000045670,ACC0029773,72930.84,SUCCESS,2026-04-22 00:01:10,1,1,1,2026-04
TXN0000045672,ACC0011928,3057.34,SUCCESS,2026-05-27 13:30:23,1,1,1,2026-05
TXN0000045676,ACC0017254,18426.33,SUCCESS,2026-08-06 00:12:08,1,2,1,2026-08
TXN0000045696,ACC0018652,82537.97,SUCCESS,2026-04-02 05:29:48,1,1,1,2026-04
TXN0000045703,ACC0012847,133592.46,SUCCESS,2026-02-05 16:03:02,1,1,1,2026-02
TXN0000045704,ACC0026671,67002.68,SUCCESS,2026-08-08 14:04:15,1,1,1,2026-08
TXN0000045707,ACC0012633,27538.73,SUCCESS,2026-02-06 07:19:33,1,1,1,2026-02
TXN0000045710,ACC0006392,54767.24,SUCCESS,2026-05-29 16:22:31,1,1,1,2026-05
TXN0000045727,ACC0008274,111263.0,SUCCESS,2026-05-01 08:31:29,1,1,1,2026-05
TXN0000045733,ACC0014180,80203.53,SUCCESS,2026-05-31 17:41:26,1,1,1,2026-05
TXN0000045735,ACC0016205,9535.35,SUCCESS,2026-01-09 18:08:08,1,1,1,2026-01
TXN0000045737,ACC0018379,1838.13,SUCCESS,2026-04-24 16:04:12,1,1,1,2026-04
TXN0000045744,ACC0015783,104075.48,SUCCESS,2026-05-12 01:11:27,1,1,1,2026-05
TXN0000045752,ACC0006535,148434.02,SUCCESS,2026-03-01 18:15:36,1,1,1,2026-03
TXN0000045757,ACC0007798,45467.0,SUCCESS,2026-02-25 16:55:14,1,1,1,2026-02
TXN0000045762,ACC0020696,58439.04,SUCCESS,2026-02-03 17:26:24,1,1,1,2026-02
TXN0000045770,ACC0008287,119423.96,SUCCESS,2026-07-08 02:34:22,1,1,1,2026-07
TXN0000045777,ACC0005046,32414.72,SUCCESS,2026-02-06 16:29:21,1,1,1,2026-02
TXN0000045782,ACC0003966,95856.38,SUCCESS,2026-07-23 11:36:26,1,1,1,2026-07
TXN0000045783,ACC0019015,1998.24,SUCCESS,2026-06-07 22:12:35,1,1,1,2026-06
TXN0000045784,ACC0004841,113998.9,SUCCESS,2026-04-10 19:43:00,1,1,1,2026-04
TXN0000045791,ACC0004902,120254.03,SUCCESS,2026-04-19 16:03:27,1,1,1,2026-04
TXN0000045792,ACC0020468,106765.12,SUCCESS,2026-02-18 21:20:14,1,1,1,2026-02
TXN0000045794,ACC0028558,115467.79,SUCCESS,2026-06-12 23:19:57,1,1,1,2026-06
TXN0000045815,ACC0026894,64359.93,SUCCESS,2026-03-11 09:04:01,1,1,1,2026-03
TXN0000045819,ACC0025010,88605.52,SUCCESS,2026-05-08 04:25:01,1,1,1,2026-05
TXN0000045828,ACC0011340,70590.42,SUCCESS,2026-01-24 11:04:21,1,1,1,2026-01
TXN0000045830,ACC0014023,65794.34,SUCCESS,2026-03-15 00:06:45,1,1,1,2026-03
TXN0000045831,ACC0029106,42093.05,SUCCESS,2026-04-29 19:58:07,1,1,1,2026-04
TXN0000045833,ACC0005697,49782.34,SUCCESS,2026-04-11 18:36:08,1,1,1,2026-04
TXN0000045835,ACC0000796,90756.28,SUCCESS,2026-01-09 09:34:03,1,1,1,2026-01
TXN0000045840,ACC0023321,48975.13,SUCCESS,2026-06-14 06:41:19,1,1,1,2026-06
TXN0000045841,ACC0022444,52413.0,SUCCESS,2026-07-17 05:26:46,1,1,1,2026-07
TXN0000045849,ACC0021821,131092.44,SUCCESS,2026-04-28 05:57:11,1,1,1,2026-04
TXN0000045854,ACC0027318,79166.95,SUCCESS,2026-04-06 09:39:59,1,1,1,2026-04
TXN0000045855,ACC0013697,135431.76,SUCCESS,2026-03-12 04:32:40,1,1,1,2026-03
TXN0000045861,ACC0024410,39819.66,SUCCESS,2026-07-02 21:23:57,1,1,1,2026-07
TXN0000045869,ACC0021241,38844.32,SUCCESS,2026-03-17 01:17:25,1,1,1,2026-03
TXN0000045871,ACC0001128,10881.9,SUCCESS,2026-02-18 17:10:50,1,1,1,2026-02
TXN0000045872,ACC0021332,98000.91,SUCCESS,2026-02-20 06:39:34,1,1,1,2026-02
TXN0000045875,ACC0002305,15777.92,SUCCESS,2026-01-25 06:43:28,1,1,1,2026-01
TXN0000045886,ACC0001064,109436.15,SUCCESS,2026-04-05 08:07:54,1,1,1,2026-04
TXN0000045894,ACC0002051,70765.7,SUCCESS,2026-05-31 16:33:58,1,1,1,2026-05
TXN0000045898,ACC0001904,70026.04,SUCCESS,2026-04-27 20:32:05,1,1,1,2026-04
TXN0000045899,ACC0028573,121175.84,SUCCESS,2026-07-30 14:37:24,1,1,1,2026-07
TXN0000045903,ACC0028632,17100.84,SUCCESS,2026-03-11 01:19:38,1,1,1,2026-03
TXN0000045926,ACC0013425,6895.89,SUCCESS,2026-07-11 17:18:56,1,1,1,2026-07
TXN0000045930,ACC0024363,120941.5,SUCCESS,2026-07-05 23:29:23,1,2,1,2026-07
TXN0000045932,ACC0020891,28436.0,SUCCESS,2026-04-06 02:06:46,1,2,1,2026-04
TXN0000045934,ACC0018775,114636.56,SUCCESS,2026-05-30 14:28:26,1,1,1,2026-05
TXN0000045941,ACC0020917,145454.42,SUCCESS,2026-02-04 08:49:14,1,1,1,2026-02
TXN0000045946,ACC0013280,114190.99,SUCCESS,2026-07-11 15:36:43,1,1,1,2026-07
TXN0000045957,ACC0027055,94427.65,SUCCESS,2026-03-28 14:13:13,1,1,1,2026-03
TXN0000045960,ACC0018325,7695.29,SUCCESS,2026-03-13 11:22:13,1,1,1,2026-03
TXN0000045961,ACC0021754,7881.23,SUCCESS,2026-07-29 04:57:35,1,1,1,2026-07
TXN0000045963,ACC0023256,68566.1,SUCCESS,2026-04-15 07:56:49,1,1,1,2026-04
TXN0000045966,ACC0014471,7206.1,SUCCESS,2026-06-11 22:26:59,1,1,1,2026-06
TXN0000045972,ACC0024960,33618.46,SUCCESS,2026-04-17 00:07:54,1,1,1,2026-04
TXN0000045973,ACC0003005,63927.88,SUCCESS,2026-02-01 05:39:28,1,1,1,2026-02
TXN0000045979,ACC0006748,91128.06,SUCCESS,2026-04-05 05:47:50,1,1,1,2026-04
TXN0000045987,ACC0010895,4553.68,SUCCESS,2026-03-26 12:58:27,1,1,1,2026-03
TXN0000045989,ACC0006103,113598.81,SUCCESS,2026-01-12 06:28:54,1,1,1,2026-01
TXN0000045991,ACC0017274,43740.82,SUCCESS,2026-02-12 01:46:59,1,1,1,2026-02
TXN0000045993,ACC0023788,130838.52,SUCCESS,2026-04-22 08:08:00,1,1,1,2026-04
TXN0000045999,ACC0016043,36022.29,SUCCESS,2026-01-02 03:08:45,1,1,1,2026-01
TXN0000046003,ACC0018042,85755.47,SUCCESS,2026-04-27 20:21:58,1,1,1,2026-04
TXN0000046004,ACC0016394,49837.54,SUCCESS,2026-08-01 05:26:11,1,1,1,2026-08
TXN0000046006,ACC0011323,60942.07,SUCCESS,2026-05-03 18:30:57,1,1,1,2026-05
TXN0000046038,ACC0004159,102754.56,SUCCESS,2026-06-14 12:40:18,1,1,1,2026-06
TXN0000046043,ACC0003763,35329.33,SUCCESS,2026-06-05 14:28:29,1,1,1,2026-06
TXN0000046052,ACC0022392,119322.34,SUCCESS,2026-05-01 00:01:39,1,1,1,2026-05
TXN0000046055,ACC0009920,123587.95,SUCCESS,2026-03-02 14:56:15,1,1,1,2026-03
TXN0000046064,ACC0007974,114805.12,SUCCESS,2026-07-14 04:17:17,1,1,1,2026-07
TXN0000046066,ACC0023800,46005.02,SUCCESS,2026-01-19 07:21:30,1,1,1,2026-01
TXN0000046067,ACC0019790,24735.49,SUCCESS,2026-04-29 21:43:57,1,1,1,2026-04
TXN0000046070,ACC0003560,29634.31,SUCCESS,2026-06-08 22:47:09,1,1,1,2026-06
TXN0000046075,ACC0013488,129121.11,SUCCESS,2026-03-19 00:13:57,1,1,1,2026-03
TXN0000046083,ACC0007200,51714.49,SUCCESS,2026-03-06 18:05:36,1,1,1,2026-03
TXN0000046093,ACC0002271,137949.95,SUCCESS,2026-03-06 12:09:51,1,1,1,2026-03
TXN0000046099,ACC0006035,114813.96,SUCCESS,2026-05-04 21:01:21,1,1,1,2026-05
TXN0000046106,ACC0008539,19720.99,SUCCESS,2026-02-14 12:32:35,1,1,1,2026-02
TXN0000046110,ACC0004322,103232.3,SUCCESS,2026-07-08 15:09:23,1,1,1,2026-07
TXN0000046122,ACC0026482,91301.82,SUCCESS,2026-02-25 09:09:14,1,1,1,2026-02
TXN0000046124,ACC0003287,94667.07,SUCCESS,2026-02-07 07:44:31,1,2,1,2026-02
TXN0000046127,ACC0011622,42601.44,SUCCESS,2026-05-28 07:24:33,1,1,1,2026-05
TXN0000046136,ACC0027660,107104.01,SUCCESS,2026-07-10 01:13:30,1,1,1,2026-07
TXN0000046155,ACC0004182,68986.26,SUCCESS,2026-07-24 02:39:29,1,1,1,2026-07
TXN0000046156,ACC0018213,95025.27,SUCCESS,2026-02-06 12:32:42,1,1,1,2026-02
TXN0000046162,ACC0012426,50170.23,SUCCESS,2026-03-22 07:59:16,1,1,1,2026-03
TXN0000046181,ACC0026281,139308.04,SUCCESS,2026-06-09 19:05:36,1,1,1,2026-06
TXN0000046182,ACC0013353,115625.06,SUCCESS,2026-05-16 15:52:19,1,1,1,2026-05
TXN0000046187,ACC0022127,70245.29,SUCCESS,2026-03-23 05:56:53,1,1,1,2026-03
TXN0000046188,ACC0001916,89950.51,SUCCESS,2026-06-01 23:10:13,1,1,1,2026-06
TXN0000046198,ACC0027240,127608.51,SUCCESS,2026-03-20 22:40:24,1,1,1,2026-03
TXN0000046208,ACC0022233,149927.42,SUCCESS,2026-04-29 15:53:02,1,1,1,2026-04
TXN0000046209,ACC0010137,82378.45,SUCCESS,2026-03-10 12:15:37,1,1,1,2026-03
TXN0000046234,ACC0015452,82970.16,SUCCESS,2026-03-24 21:37:16,1,1,1,2026-03
TXN0000046237,ACC0008833,56474.26,SUCCESS,2026-04-12 00:49:35,1,1,1,2026-04
TXN0000046243,ACC0008407,15151.53,SUCCESS,2026-03-21 03:14:24,1,1,1,2026-03
TXN0000046249,ACC0017587,79977.3,SUCCESS,2026-02-04 12:05:36,1,1,1,2026-02
TXN0000046260,ACC0023150,58798.06,SUCCESS,2026-05-13 01:49:28,1,1,1,2026-05
TXN0000046262,ACC0026032,12848.08,SUCCESS,2026-03-04 08:21:35,1,1,1,2026-03
TXN0000046265,ACC0021313,56698.57,SUCCESS,2026-02-25 22:36:35,1,1,1,2026-02
TXN0000046267,ACC0006516,62119.05,SUCCESS,2026-02-26 06:55:48,1,1,1,2026-02
TXN0000046270,ACC0001066,2693.36,SUCCESS,2026-05-26 04:40:41,1,1,1,2026-05
TXN0000046271,ACC0015979,60662.52,SUCCESS,2026-04-23 05:17:49,1,1,1,2026-04
TXN0000046273,ACC0008556,52284.62,SUCCESS,2026-03-25 05:04:04,1,1,1,2026-03
TXN0000046279,ACC0028381,127713.32,SUCCESS,2026-02-24 04:31:25,1,1,1,2026-02
TXN0000046281,ACC0007911,143664.48,SUCCESS,2026-06-28 21:04:19,1,1,1,2026-06
TXN0000046310,ACC0024722,30254.85,SUCCESS,2026-03-16 18:03:51,1,1,1,2026-03
TXN0000046314,ACC0023450,225.36,SUCCESS,2026-06-12 06:00:39,1,1,1,2026-06
TXN0000046319,ACC0005782,124107.37,SUCCESS,2026-08-04 09:01:04,1,1,1,2026-08
TXN0000046344,ACC0022988,71717.98,SUCCESS,2026-07-02 06:31:31,1,1,1,2026-07
TXN0000046346,ACC0017489,98131.87,SUCCESS,2026-02-04 18:54:21,1,1,1,2026-02
TXN0000046351,ACC0000319,136277.05,SUCCESS,2026-06-28 14:22:29,1,1,1,2026-06
TXN0000046354,ACC0018577,142986.7,SUCCESS,2026-07-02 13:36:08,1,1,1,2026-07
TXN0000046370,ACC0023204,117033.88,SUCCESS,2026-02-08 01:34:17,1,1,1,2026-02
TXN0000046373,ACC0007385,40560.63,SUCCESS,2026-02-26 11:01:49,1,1,1,2026-02
TXN0000046384,ACC0022517,59527.01,SUCCESS,2026-04-05 03:44:13,1,1,1,2026-04
TXN0000046385,ACC0008986,46081.24,SUCCESS,2026-06-02 13:39:22,1,1,1,2026-06
TXN0000046392,ACC0015748,9439.59,SUCCESS,2026-02-03 19:14:58,1,1,1,2026-02
TXN0000046396,ACC0009603,91928.69,SUCCESS,2026-03-23 08:45:23,1,1,1,2026-03
TXN0000046401,ACC0012302,101362.64,SUCCESS,2026-07-10 08:31:41,1,1,1,2026-07
TXN0000046416,ACC0014592,52231.84,SUCCESS,2026-06-13 17:11:13,1,1,1,2026-06
TXN0000046421,ACC0025205,58821.67,SUCCESS,2026-05-18 12:44:06,1,1,1,2026-05
TXN0000046423,ACC0019918,37334.42,SUCCESS,2026-07-24 07:21:35,1,1,1,2026-07
TXN0000046426,ACC0012498,76817.8,SUCCESS,2026-06-12 01:04:27,1,1,1,2026-06
TXN0000046433,ACC0014516,104429.03,SUCCESS,2026-04-29 13:59:45,1,1,1,2026-04
TXN0000046450,ACC0015169,1299.87,SUCCESS,2026-03-08 06:39:47,1,1,1,2026-03
TXN0000046455,ACC0029114,6582.96,SUCCESS,2026-04-16 20:00:25,1,1,1,2026-04
TXN0000046466,ACC0026435,7280.55,SUCCESS,2026-01-28 16:07:49,1,1,1,2026-01
TXN0000046469,ACC0001379,110617.75,SUCCESS,2026-04-04 05:44:08,1,1,1,2026-04
TXN0000046472,ACC0025707,34896.2,SUCCESS,2026-08-08 00:12:54,1,1,1,2026-08
TXN0000046475,ACC0025845,19105.46,SUCCESS,2026-07-08 08:14:38,1,1,1,2026-07
TXN0000046492,ACC0021330,132786.09,SUCCESS,2026-02-16 09:18:00,1,1,1,2026-02
TXN0000046493,ACC0004736,131267.13,SUCCESS,2026-07-27 16:30:25,1,1,1,2026-07
TXN0000046495,ACC0016900,22294.7,SUCCESS,2026-05-14 16:09:30,1,1,1,2026-05
TXN0000046497,ACC0012762,26728.45,SUCCESS,2026-02-16 23:39:22,1,1,1,2026-02
TXN0000046501,ACC0027425,45797.12,SUCCESS,2026-04-19 14:31:52,1,1,1,2026-04
TXN0000046505,ACC0016207,50127.32,SUCCESS,2026-03-20 20:18:40,1,1,1,2026-03
TXN0000046518,ACC0023667,89690.26,SUCCESS,2026-03-14 21:19:52,1,1,1,2026-03
TXN0000046522,ACC0007493,138972.08,SUCCESS,2026-06-20 01:05:32,1,1,1,2026-06
TXN0000046528,ACC0011603,84996.54,SUCCESS,2026-07-27 02:17:10,1,1,1,2026-07
TXN0000046533,ACC0020704,62661.93,SUCCESS,2026-02-02 14:44:10,1,1,1,2026-02
TXN0000046534,ACC0004532,66742.37,SUCCESS,2026-03-16 10:29:49,1,1,1,2026-03
TXN0000046535,ACC0001624,85205.16,SUCCESS,2026-05-14 07:52:59,1,1,1,2026-05
TXN0000046536,ACC0011057,124711.45,SUCCESS,2026-07-12 04:06:29,1,1,1,2026-07
TXN0000046554,ACC0005950,91986.37,SUCCESS,2026-06-26 20:55:31,1,1,1,2026-06
TXN0000046555,ACC0009882,19119.92,SUCCESS,2026-01-22 10:45:35,1,1,1,2026-01
TXN0000046562,ACC0014771,14858.47,SUCCESS,2026-07-03 03:30:43,1,1,1,2026-07
TXN0000046568,ACC0029423,146425.09,SUCCESS,2026-03-06 05:20:20,1,1,1,2026-03
TXN0000046569,ACC0029335,142087.36,SUCCESS,2026-05-15 00:47:02,1,1,1,2026-05
TXN0000046573,ACC0016093,122547.44,SUCCESS,2026-08-05 19:04:36,1,1,1,2026-08
TXN0000046575,ACC0015624,70497.3,SUCCESS,2026-04-25 17:26:41,1,1,1,2026-04
TXN0000046577,ACC0000113,17339.29,SUCCESS,2026-07-26 05:19:35,1,1,1,2026-07
TXN0000046583,ACC0019602,56576.19,SUCCESS,2026-05-31 17:41:44,1,1,1,2026-05
TXN0000046587,ACC0001001,97988.56,SUCCESS,2026-06-04 07:44:24,1,1,1,2026-06
TXN0000046589,ACC0015172,133849.39,SUCCESS,2026-02-05 08:45:40,1,1,1,2026-02
TXN0000046590,ACC0019509,22950.77,SUCCESS,2026-04-25 14:42:51,1,2,1,2026-04
TXN0000046591,ACC0018471,11578.04,SUCCESS,2026-01-24 23:09:28,1,1,1,2026-01
TXN0000046594,ACC0020108,44056.66,SUCCESS,2026-01-30 21:59:13,1,1,1,2026-01
TXN0000046595,ACC0016151,32257.42,SUCCESS,2026-05-01 05:14:47,1,1,1,2026-05
TXN0000046601,ACC0024311,66847.81,SUCCESS,2026-04-03 11:36:17,1,1,1,2026-04
TXN0000046604,ACC0004925,143840.85,SUCCESS,2026-03-15 23:46:49,1,1,1,2026-03
TXN0000046605,ACC0005599,52367.07,SUCCESS,2026-04-23 23:20:39,1,1,1,2026-04
TXN0000046606,ACC0028344,108400.14,SUCCESS,2026-05-05 02:25:14,1,1,1,2026-05
TXN0000046610,ACC0017372,61630.82,SUCCESS,2026-02-24 10:20:45,1,1,1,2026-02
TXN0000046612,ACC0001617,35710.38,SUCCESS,2026-07-29 05:17:51,1,1,1,2026-07
TXN0000046617,ACC0006460,93970.21,SUCCESS,2026-04-25 23:19:06,1,1,1,2026-04
TXN0000046626,ACC0004710,34147.14,SUCCESS,2026-04-03 00:42:23,1,1,1,2026-04
TXN0000046630,ACC0021824,110602.45,SUCCESS,2026-07-10 09:30:51,1,1,1,2026-07
TXN0000046631,ACC0015361,79639.17,SUCCESS,2026-01-22 14:14:54,1,1,1,2026-01
TXN0000046642,ACC0013426,103878.11,SUCCESS,2026-02-28 02:58:48,1,1,1,2026-02
TXN0000046647,ACC0010536,73958.35,SUCCESS,2026-03-11 15:33:25,1,1,1,2026-03
TXN0000046648,ACC0016070,79171.59,SUCCESS,2026-07-23 07:09:03,1,1,1,2026-07
TXN0000046652,ACC0023012,101958.3,SUCCESS,2026-02-22 13:33:21,1,1,1,2026-02
TXN0000046663,ACC0013137,127930.01,SUCCESS,2026-02-19 02:35:15,1,1,1,2026-02
TXN0000046664,ACC0028439,120821.67,SUCCESS,2026-07-18 13:45:18,1,1,1,2026-07
TXN0000046665,ACC0003930,148436.55,SUCCESS,2026-04-04 02:56:37,1,1,1,2026-04
TXN0000046666,ACC0000341,21977.61,SUCCESS,2026-03-16 20:29:19,1,1,1,2026-03
TXN0000046670,ACC0005226,115962.95,SUCCESS,2026-04-28 15:26:45,1,1,1,2026-04
TXN0000046696,ACC0010329,62181.31,SUCCESS,2026-05-10 15:46:01,1,1,1,2026-05
TXN0000046709,ACC0016655,94643.69,SUCCESS,2026-06-02 22:21:26,1,1,1,2026-06
TXN0000046719,ACC0002596,12758.49,SUCCESS,2026-01-14 08:52:03,1,1,1,2026-01
TXN0000046720,ACC0005092,75028.44,SUCCESS,2026-03-31 08:11:38,1,1,1,2026-03
TXN0000046724,ACC0013239,48267.76,SUCCESS,2026-05-01 07:15:20,1,1,1,2026-05
TXN0000046730,ACC0012649,15351.54,SUCCESS,2026-01-21 18:31:57,1,1,1,2026-01
TXN0000046742,ACC0000896,31695.16,SUCCESS,2026-01-17 05:54:05,1,1,1,2026-01
TXN0000046750,ACC0015113,57042.62,SUCCESS,2026-06-11 23:03:03,1,1,1,2026-06
TXN0000046758,ACC0003405,128144.78,SUCCESS,2026-03-08 16:00:07,1,1,1,2026-03
TXN0000046770,ACC0017344,132663.11,SUCCESS,2026-02-27 02:56:07,1,2,1,2026-02
TXN0000046772,ACC0007184,130841.21,SUCCESS,2026-05-04 13:00:24,1,1,1,2026-05
TXN0000046776,ACC0011525,31892.12,SUCCESS,2026-06-13 12:52:55,1,1,1,2026-06
TXN0000046779,ACC0026255,93590.13,SUCCESS,2026-04-13 23:19:47,1,1,1,2026-04
TXN0000046781,ACC0023273,9772.73,SUCCESS,2026-02-13 05:49:00,1,1,1,2026-02
TXN0000046790,ACC0023154,51854.67,SUCCESS,2026-07-11 00:54:56,1,1,1,2026-07
TXN0000046791,ACC0006966,146097.63,SUCCESS,2026-04-29 07:56:13,1,1,1,2026-04
TXN0000046792,ACC0021965,84146.47,SUCCESS,2026-07-09 05:40:07,1,1,1,2026-07
TXN0000046797,ACC0005650,146547.58,SUCCESS,2026-07-25 10:00:50,1,1,1,2026-07
TXN0000046810,ACC0029595,83347.39,SUCCESS,2026-01-24 08:10:24,1,1,1,2026-01
TXN0000046815,ACC0019212,105088.14,SUCCESS,2026-07-05 17:24:52,1,1,1,2026-07
TXN0000046816,ACC0027994,127228.15,SUCCESS,2026-02-07 18:16:13,1,1,1,2026-02
TXN0000046819,ACC0024854,136093.73,SUCCESS,2026-05-11 09:03:50,1,1,1,2026-05
TXN0000046822,ACC0019253,147144.36,SUCCESS,2026-01-20 00:18:51,1,1,1,2026-01
TXN0000046832,ACC0024947,119856.46,SUCCESS,2026-05-12 15:33:04,1,1,1,2026-05
TXN0000046846,ACC0000677,139365.09,SUCCESS,2026-02-21 14:59:06,1,1,1,2026-02
TXN0000046849,ACC0016438,75564.07,SUCCESS,2026-03-04 03:29:36,1,1,1,2026-03
TXN0000046853,ACC0010498,7118.17,SUCCESS,2026-01-15 09:08:33,1,1,1,2026-01
TXN0000046870,ACC0021888,106626.13,SUCCESS,2026-03-03 11:16:25,1,1,1,2026-03
TXN0000046876,ACC0023883,96589.06,SUCCESS,2026-06-07 22:18:12,1,1,1,2026-06
TXN0000046877,ACC0021632,25481.08,SUCCESS,2026-04-28 01:00:37,1,1,1,2026-04
TXN0000046883,ACC0006979,134491.87,SUCCESS,2026-01-30 04:41:30,1,1,1,2026-01
TXN0000046896,ACC0018692,77637.55,SUCCESS,2026-02-01 09:21:01,1,1,1,2026-02
TXN0000046899,ACC0006676,137903.49,SUCCESS,2026-03-14 23:34:01,1,1,1,2026-03
TXN0000046902,ACC0000893,138642.07,SUCCESS,2026-07-12 01:11:49,1,1,1,2026-07
TXN0000046904,ACC0008585,123718.57,SUCCESS,2026-08-02 19:03:11,1,1,1,2026-08
TXN0000046924,ACC0017064,111934.49,SUCCESS,2026-06-24 08:25:49,1,1,1,2026-06
TXN0000046928,ACC0023089,74417.01,SUCCESS,2026-06-24 01:19:21,1,1,1,2026-06
TXN0000046932,ACC0024700,10066.43,SUCCESS,2026-07-22 10:50:16,1,1,1,2026-07
TXN0000046939,ACC0010093,105504.07,SUCCESS,2026-03-08 07:57:24,1,1,1,2026-03
TXN0000046942,ACC0008861,13027.73,SUCCESS,2026-07-20 13:15:59,1,1,1,2026-07
TXN0000046944,ACC0016854,111966.64,SUCCESS,2026-03-19 14:22:44,1,1,1,2026-03
TXN0000046950,ACC0017153,145841.34,SUCCESS,2026-05-31 23:01:26,1,1,1,2026-05
TXN0000046954,ACC0008442,113450.1,SUCCESS,2026-03-03 21:43:31,1,1,1,2026-03
TXN0000046963,ACC0013199,30278.15,SUCCESS,2026-06-06 02:24:27,1,1,1,2026-06
TXN0000046965,ACC0003490,67644.72,SUCCESS,2026-02-12 06:23:43,1,1,1,2026-02
TXN0000046971,ACC0015020,98216.79,SUCCESS,2026-07-28 18:00:17,1,1,1,2026-07
TXN0000046983,ACC0000956,105383.49,SUCCESS,2026-04-12 16:37:20,1,1,1,2026-04
TXN0000046994,ACC0004716,114859.11,SUCCESS,2026-02-09 02:23:02,1,1,1,2026-02
TXN0000046997,ACC0022102,147654.94,SUCCESS,2026-08-06 17:20:40,1,1,1,2026-08
TXN0000047007,ACC0001988,98079.2,SUCCESS,2026-06-25 21:52:12,1,1,1,2026-06
TXN0000047034,ACC0002142,115918.01,SUCCESS,2026-07-16 20:17:21,1,1,1,2026-07
TXN0000047047,ACC0024024,106587.05,SUCCESS,2026-06-26 00:02:32,1,1,1,2026-06
TXN0000047065,ACC0018903,17728.48,SUCCESS,2026-06-15 10:57:17,1,1,1,2026-06
TXN0000047068,ACC0005435,134166.66,SUCCESS,2026-01-02 08:55:29,1,1,1,2026-01
TXN0000047069,ACC0016428,57989.63,SUCCESS,2026-01-08 20:49:06,1,1,1,2026-01
TXN0000047072,ACC0014941,8823.33,SUCCESS,2026-01-02 14:56:36,1,1,1,2026-01
TXN0000047084,ACC0024486,9531.99,SUCCESS,2026-06-23 18:21:03,1,1,1,2026-06
TXN0000047089,ACC0004622,114789.92,SUCCESS,2026-04-17 16:09:23,1,1,1,2026-04
TXN0000047106,ACC0017912,40444.32,SUCCESS,2026-04-14 11:30:07,1,1,1,2026-04
TXN0000047107,ACC0014707,38409.84,SUCCESS,2026-02-15 05:17:05,1,1,1,2026-02
TXN0000047115,ACC0007709,91494.89,SUCCESS,2026-05-01 21:55:36,1,1,1,2026-05
TXN0000047121,ACC0025673,102764.2,SUCCESS,2026-06-03 15:23:35,1,1,1,2026-06
TXN0000047137,ACC0021550,129853.59,SUCCESS,2026-07-27 07:06:14,1,1,1,2026-07
TXN0000047143,ACC0022775,32682.03,SUCCESS,2026-07-28 22:56:51,1,1,1,2026-07
TXN0000047151,ACC0023386,37245.03,SUCCESS,2026-05-21 21:43:39,1,1,1,2026-05
TXN0000047153,ACC0016901,13287.13,SUCCESS,2026-02-24 21:26:18,1,1,1,2026-02
TXN0000047166,ACC0002960,127535.64,SUCCESS,2026-03-18 04:30:55,1,1,1,2026-03
TXN0000047170,ACC0019281,148302.89,SUCCESS,2026-07-07 01:49:22,1,1,1,2026-07
TXN0000047185,ACC0020043,12782.11,SUCCESS,2026-03-04 06:15:08,1,1,1,2026-03
TXN0000047186,ACC0021096,23268.25,SUCCESS,2026-01-01 08:43:33,1,1,1,2026-01
TXN0000047190,ACC0019994,112289.4,SUCCESS,2026-05-27 01:32:38,1,1,1,2026-05
TXN0000047194,ACC0001885,56055.6,SUCCESS,2026-06-08 20:47:44,1,1,1,2026-06
TXN0000047202,ACC0027908,117836.67,SUCCESS,2026-06-29 18:53:07,1,1,1,2026-06
TXN0000047210,ACC0027354,24530.16,SUCCESS,2026-03-08 07:28:40,1,1,1,2026-03
TXN0000047214,ACC0014837,86268.12,SUCCESS,2026-03-25 15:20:35,1,1,1,2026-03
TXN0000047221,ACC0025020,63183.64,SUCCESS,2026-07-17 12:21:12,1,1,1,2026-07
TXN0000047222,ACC0001122,114801.32,SUCCESS,2026-07-17 10:58:36,1,1,1,2026-07
TXN0000047242,ACC0008795,4829.8,SUCCESS,2026-02-26 12:49:56,1,1,1,2026-02
TXN0000047249,ACC0010687,81098.05,SUCCESS,2026-04-16 07:00:35,1,1,1,2026-04
TXN0000047257,ACC0008661,22376.78,SUCCESS,2026-05-21 17:26:56,1,1,1,2026-05
TXN0000047261,ACC0004976,16350.76,SUCCESS,2026-04-16 09:17:56,1,1,1,2026-04
TXN0000047265,ACC0016932,43991.41,SUCCESS,2026-07-04 15:59:31,1,1,1,2026-07
TXN0000047274,ACC0010148,72688.44,SUCCESS,2026-02-16 12:56:27,1,1,1,2026-02
TXN0000047279,ACC0015910,38265.06,SUCCESS,2026-01-21 16:48:09,1,1,1,2026-01
TXN0000047289,ACC0016607,70126.55,SUCCESS,2026-03-10 14:29:51,1,1,1,2026-03
TXN0000047296,ACC0020006,28426.27,SUCCESS,2026-07-28 18:08:20,1,1,1,2026-07
TXN0000047304,ACC0019584,42684.93,SUCCESS,2026-01-24 01:11:35,1,1,1,2026-01
TXN0000047306,ACC0011694,34374.82,SUCCESS,2026-05-18 14:17:01,1,1,1,2026-05
TXN0000047308,ACC0002342,107009.45,SUCCESS,2026-08-02 13:04:48,1,1,1,2026-08
TXN0000047310,ACC0000230,112883.47,SUCCESS,2026-07-31 19:49:24,1,1,1,2026-07
TXN0000047316,ACC0026986,83971.58,SUCCESS,2026-07-23 09:05:29,1,1,1,2026-07
TXN0000047320,ACC0009697,123470.87,SUCCESS,2026-07-30 23:14:02,1,1,1,2026-07
TXN0000047329,ACC0018950,138947.39,SUCCESS,2026-02-05 23:25:43,1,1,1,2026-02
TXN0000047343,ACC0006894,140650.98,SUCCESS,2026-03-02 11:10:42,1,1,1,2026-03
TXN0000047355,ACC0018352,17317.71,SUCCESS,2026-05-31 19:13:48,1,1,1,2026-05
TXN0000047359,ACC0018074,35317.77,SUCCESS,2026-02-06 19:09:48,1,1,1,2026-02
TXN0000047363,ACC0016743,139022.92,SUCCESS,2026-05-27 16:04:47,1,1,1,2026-05
TXN0000047367,ACC0004792,114099.76,SUCCESS,2026-03-29 00:27:25,1,1,1,2026-03
TXN0000047379,ACC0016180,47182.95,SUCCESS,2026-02-13 02:25:38,1,1,1,2026-02
TXN0000047380,ACC0023412,49207.43,SUCCESS,2026-08-08 23:42:18,1,1,1,2026-08
TXN0000047389,ACC0016061,101339.84,SUCCESS,2026-01-26 20:18:41,1,1,1,2026-01
TXN0000047390,ACC0014650,130436.82,SUCCESS,2026-07-09 17:32:21,1,1,1,2026-07
TXN0000047392,ACC0000158,37408.37,SUCCESS,2026-04-28 08:16:01,1,1,1,2026-04
TXN0000047394,ACC0013460,83524.69,SUCCESS,2026-02-16 01:50:22,1,1,1,2026-02
TXN0000047395,ACC0007369,36422.83,SUCCESS,2026-05-18 23:03:56,1,1,1,2026-05
TXN0000047409,ACC0024106,108804.12,SUCCESS,2026-04-30 09:59:04,1,1,1,2026-04
TXN0000047413,ACC0003380,139189.59,SUCCESS,2026-06-30 12:48:10,1,1,1,2026-06
TXN0000047416,ACC0015653,123092.15,SUCCESS,2026-04-16 11:14:09,1,1,1,2026-04
TXN0000047425,ACC0025652,56275.57,SUCCESS,2026-07-03 00:08:10,1,1,1,2026-07
TXN0000047429,ACC0018899,87606.86,SUCCESS,2026-06-20 07:02:57,1,1,1,2026-06
TXN0000047444,ACC0015876,51178.47,SUCCESS,2026-01-02 05:19:06,1,1,1,2026-01
TXN0000047452,ACC0013174,96017.75,SUCCESS,2026-07-29 13:16:16,1,1,1,2026-07
TXN0000047453,ACC0019518,94767.39,SUCCESS,2026-02-02 05:11:57,1,2,1,2026-02
TXN0000047462,ACC0015525,110320.47,SUCCESS,2026-01-02 03:25:30,1,1,1,2026-01
TXN0000047495,ACC0006263,15847.28,SUCCESS,2026-05-20 14:21:34,1,1,1,2026-05
TXN0000047502,ACC0020649,51880.73,SUCCESS,2026-06-19 06:34:36,1,1,1,2026-06
TXN0000047504,ACC0012363,91060.14,SUCCESS,2026-05-09 20:48:52,1,1,1,2026-05
TXN0000047509,ACC0011594,125103.28,SUCCESS,2026-01-04 22:05:24,1,1,1,2026-01
TXN0000047516,ACC0005754,17840.01,SUCCESS,2026-02-12 00:54:45,1,1,1,2026-02
TXN0000047520,ACC0011811,130196.6,SUCCESS,2026-07-04 01:01:54,1,1,1,2026-07
TXN0000047534,ACC0003046,25982.87,SUCCESS,2026-04-20 22:22:52,1,1,1,2026-04
TXN0000047542,ACC0021611,19711.24,SUCCESS,2026-05-24 20:27:32,1,1,1,2026-05
TXN0000047548,ACC0003837,100011.41,SUCCESS,2026-05-29 17:38:37,1,1,1,2026-05
TXN0000047553,ACC0021910,37819.53,SUCCESS,2026-07-26 01:28:06,1,1,1,2026-07
TXN0000047562,ACC0027166,38542.8,SUCCESS,2026-07-26 02:37:10,1,1,1,2026-07
TXN0000047565,ACC0022271,123946.29,SUCCESS,2026-01-04 19:20:34,1,1,1,2026-01
TXN0000047569,ACC0029495,127230.15,SUCCESS,2026-07-07 01:17:15,1,1,1,2026-07
TXN0000047577,ACC0029030,119705.77,SUCCESS,2026-07-06 00:34:31,1,1,1,2026-07
TXN0000047579,ACC0016214,97021.87,SUCCESS,2026-04-21 15:04:01,1,1,1,2026-04
TXN0000047583,ACC0021171,13599.28,SUCCESS,2026-06-16 03:37:37,1,1,1,2026-06
TXN0000047595,ACC0012002,145304.87,SUCCESS,2026-01-15 14:55:24,1,1,1,2026-01
TXN0000047614,ACC0024562,54970.47,SUCCESS,2026-07-27 03:50:43,1,1,1,2026-07
TXN0000047616,ACC0009494,77982.42,SUCCESS,2026-07-07 10:57:13,1,1,1,2026-07
TXN0000047624,ACC0009325,37254.29,SUCCESS,2026-05-11 11:22:33,1,1,1,2026-05
TXN0000047628,ACC0026235,118223.08,SUCCESS,2026-05-04 13:01:46,1,1,1,2026-05
TXN0000047631,ACC0014205,24223.53,SUCCESS,2026-07-06 08:02:24,1,1,1,2026-07
TXN0000047635,ACC0026572,38752.47,SUCCESS,2026-07-18 02:22:46,1,1,1,2026-07
TXN0000047640,ACC0017356,147004.18,SUCCESS,2026-02-02 00:40:23,1,1,1,2026-02
TXN0000047645,ACC0003839,105255.78,SUCCESS,2026-04-01 03:13:49,1,1,1,2026-04
TXN0000047649,ACC0018059,44907.4,SUCCESS,2026-02-02 14:24:41,1,1,1,2026-02
TXN0000047654,ACC0019235,66336.46,SUCCESS,2026-01-24 11:40:31,1,1,1,2026-01
TXN0000047663,ACC0006215,128935.19,SUCCESS,2026-03-27 05:28:00,1,1,1,2026-03
TXN0000047670,ACC0019227,131797.75,SUCCESS,2026-03-27 15:55:07,1,1,1,2026-03
TXN0000047673,ACC0005239,14869.51,SUCCESS,2026-02-10 05:45:23,1,1,1,2026-02
TXN0000047677,ACC0029020,120880.33,SUCCESS,2026-02-24 23:23:46,1,1,1,2026-02
TXN0000047678,ACC0027863,17287.8,SUCCESS,2026-04-12 21:37:13,1,1,1,2026-04
TXN0000047681,ACC0024503,103795.05,SUCCESS,2026-06-29 02:23:13,1,1,1,2026-06
TXN0000047686,ACC0028461,62274.66,SUCCESS,2026-03-27 15:20:05,1,1,1,2026-03
TXN0000047700,ACC0006472,67352.75,SUCCESS,2026-01-23 06:50:37,1,1,1,2026-01
TXN0000047711,ACC0010725,61888.15,SUCCESS,2026-05-22 06:56:09,1,1,1,2026-05
TXN0000047722,ACC0026693,23962.83,SUCCESS,2026-01-06 11:35:30,1,1,1,2026-01
TXN0000047725,ACC0024622,89241.34,SUCCESS,2026-01-12 11:24:24,1,1,1,2026-01
TXN0000047726,ACC0000344,119395.0,SUCCESS,2026-07-23 05:58:03,1,1,1,2026-07
TXN0000047731,ACC0003431,131415.72,SUCCESS,2026-06-27 05:58:17,1,1,1,2026-06
TXN0000047743,ACC0004989,68115.16,SUCCESS,2026-01-23 14:09:11,1,1,1,2026-01
TXN0000047750,ACC0008409,87402.19,SUCCESS,2026-07-19 02:40:10,1,1,1,2026-07
TXN0000047751,ACC0007288,123652.62,SUCCESS,2026-01-09 01:37:39,1,1,1,2026-01
TXN0000047753,ACC0018082,149234.83,SUCCESS,2026-03-11 06:42:45,1,1,1,2026-03
TXN0000047754,ACC0009647,68441.91,SUCCESS,2026-04-25 10:14:24,1,1,1,2026-04
TXN0000047757,ACC0007408,22164.72,SUCCESS,2026-07-21 13:35:17,1,1,1,2026-07
TXN0000047760,ACC0024095,42087.88,SUCCESS,2026-06-14 03:22:07,1,1,1,2026-06
TXN0000047763,ACC0004872,74879.07,SUCCESS,2026-01-04 15:45:54,1,1,1,2026-01
TXN0000047769,ACC0026493,99238.08,SUCCESS,2026-05-26 13:36:49,1,1,1,2026-05
TXN0000047782,ACC0005224,127835.97,SUCCESS,2026-06-03 19:41:27,1,1,1,2026-06
TXN0000047786,ACC0019183,11695.73,SUCCESS,2026-01-12 15:22:48,1,1,1,2026-01
TXN0000047791,ACC0019884,140324.03,SUCCESS,2026-04-10 10:14:43,1,1,1,2026-04
TXN0000047797,ACC0012655,38864.4,SUCCESS,2026-07-13 14:12:38,1,1,1,2026-07
TXN0000047804,ACC0024417,47124.11,SUCCESS,2026-04-11 21:26:42,1,1,1,2026-04
TXN0000047815,ACC0027003,106950.6,SUCCESS,2026-08-07 06:28:34,1,1,1,2026-08
TXN0000047817,ACC0006915,12729.64,SUCCESS,2026-05-04 08:46:33,1,1,1,2026-05
TXN0000047819,ACC0003199,108462.88,SUCCESS,2026-05-07 20:23:20,1,1,1,2026-05
TXN0000047825,ACC0007413,143289.07,SUCCESS,2026-01-10 06:41:16,1,1,1,2026-01
TXN0000047826,ACC0027055,91793.81,SUCCESS,2026-06-29 04:09:06,1,1,1,2026-06
TXN0000047827,ACC0028721,68957.64,SUCCESS,2026-06-15 10:11:02,1,1,1,2026-06
TXN0000047834,ACC0009478,18405.82,SUCCESS,2026-06-22 22:43:15,1,1,1,2026-06
TXN0000047836,ACC0009951,22756.7,SUCCESS,2026-06-04 12:07:53,1,1,1,2026-06
TXN0000047843,ACC0006397,90759.53,SUCCESS,2026-06-12 06:07:11,1,1,1,2026-06
TXN0000047844,ACC0024369,108829.98,SUCCESS,2026-02-06 09:35:24,1,1,1,2026-02
TXN0000047849,ACC0006470,93035.5,SUCCESS,2026-07-03 20:19:51,1,1,1,2026-07
TXN0000047851,ACC0008641,90815.48,SUCCESS,2026-04-07 06:02:39,1,1,1,2026-04
TXN0000047854,ACC0006282,32536.12,SUCCESS,2026-07-24 12:37:53,1,1,1,2026-07
TXN0000047859,ACC0004666,59422.94,SUCCESS,2026-01-31 11:19:24,1,1,1,2026-01
TXN0000047860,ACC0014261,114187.54,SUCCESS,2026-03-05 20:26:24,1,1,1,2026-03
TXN0000047864,ACC0025101,136843.84,SUCCESS,2026-03-13 00:05:50,1,1,1,2026-03
TXN0000047880,ACC0015440,92261.0,SUCCESS,2026-01-28 21:18:48,1,1,1,2026-01
TXN0000047888,ACC0024936,138771.08,SUCCESS,2026-01-11 00:59:06,1,1,1,2026-01
TXN0000047892,ACC0008855,113800.9,SUCCESS,2026-07-25 01:07:57,1,1,1,2026-07
TXN0000047898,ACC0005162,142959.01,SUCCESS,2026-01-13 11:23:07,1,1,1,2026-01
TXN0000047899,ACC0028756,59353.65,SUCCESS,2026-06-17 12:45:21,1,1,1,2026-06
TXN0000047906,ACC0008620,84855.55,SUCCESS,2026-03-20 06:54:06,1,1,1,2026-03
TXN0000047909,ACC0011967,120838.32,SUCCESS,2026-04-24 09:50:44,1,1,1,2026-04
TXN0000047913,ACC0024432,130352.3,SUCCESS,2026-05-06 03:55:14,1,1,1,2026-05
TXN0000047930,ACC0009559,146267.07,SUCCESS,2026-01-14 07:03:40,1,1,1,2026-01
TXN0000047931,ACC0011528,137440.62,SUCCESS,2026-07-23 10:58:33,1,1,1,2026-07
TXN0000047939,ACC0026393,44629.17,SUCCESS,2026-05-14 19:01:06,1,1,1,2026-05
TXN0000047945,ACC0029835,66909.08,SUCCESS,2026-04-26 18:27:06,1,1,1,2026-04
TXN0000047946,ACC0004299,57088.78,SUCCESS,2026-03-17 01:22:57,1,1,1,2026-03
TXN0000047954,ACC0029697,122672.01,SUCCESS,2026-02-12 10:17:34,1,1,1,2026-02
TXN0000047973,ACC0017890,11315.66,SUCCESS,2026-07-10 02:30:38,1,1,1,2026-07
TXN0000047977,ACC0015707,30897.34,SUCCESS,2026-02-13 03:20:26,1,1,1,2026-02
TXN0000047981,ACC0000350,122192.25,SUCCESS,2026-02-02 02:07:58,1,1,1,2026-02
TXN0000047995,ACC0026551,128528.68,SUCCESS,2026-07-06 06:45:37,1,1,1,2026-07
TXN0000048001,ACC0028434,119570.89,SUCCESS,2026-05-17 04:08:01,1,1,1,2026-05
TXN0000048019,ACC0013021,149899.04,SUCCESS,2026-05-16 00:40:44,1,1,1,2026-05
TXN0000048025,ACC0014063,103068.32,SUCCESS,2026-07-31 09:38:59,1,1,1,2026-07
TXN0000048027,ACC0024839,104019.25,SUCCESS,2026-05-13 12:19:57,1,1,1,2026-05
TXN0000048039,ACC0015806,35317.01,SUCCESS,2026-02-02 07:03:48,1,1,1,2026-02
TXN0000048045,ACC0015091,56607.25,SUCCESS,2026-03-29 19:37:34,1,1,1,2026-03
TXN0000048056,ACC0005960,123159.6,SUCCESS,2026-03-03 13:22:47,1,1,1,2026-03
TXN0000048066,ACC0019859,40914.08,SUCCESS,2026-05-22 09:57:03,1,1,1,2026-05
TXN0000048070,ACC0010522,49371.51,SUCCESS,2026-04-23 08:25:04,1,1,1,2026-04
TXN0000048080,ACC0028500,138902.01,SUCCESS,2026-05-18 14:58:55,1,1,1,2026-05
TXN0000048083,ACC0008797,75670.45,SUCCESS,2026-05-14 17:45:43,1,1,1,2026-05
TXN0000048084,ACC0011003,57458.98,SUCCESS,2026-06-17 16:15:24,1,1,1,2026-06
TXN0000048091,ACC0028880,21321.51,SUCCESS,2026-06-13 16:50:42,1,1,1,2026-06
TXN0000048100,ACC0010475,147802.14,SUCCESS,2026-04-17 01:00:19,1,1,1,2026-04
TXN0000048101,ACC0020023,93830.08,SUCCESS,2026-02-24 13:18:15,1,1,1,2026-02
TXN0000048117,ACC0028456,50336.95,SUCCESS,2026-05-14 17:19:56,1,1,1,2026-05
TXN0000048125,ACC0009892,1045.91,SUCCESS,2026-02-13 22:56:10,1,1,1,2026-02
TXN0000048129,ACC0003764,141552.81,SUCCESS,2026-05-22 01:34:40,1,1,1,2026-05
TXN0000048135,ACC0028871,97823.85,SUCCESS,2026-02-22 20:05:08,1,1,1,2026-02
TXN0000048137,ACC0026494,139572.83,SUCCESS,2026-07-30 00:30:10,1,1,1,2026-07
TXN0000048148,ACC0026177,106252.17,SUCCESS,2026-05-07 07:22:43,1,1,1,2026-05
TXN0000048162,ACC0019499,45457.58,SUCCESS,2026-05-02 16:39:39,1,1,1,2026-05
TXN0000048172,ACC0012625,11261.77,SUCCESS,2026-03-31 04:24:40,1,1,1,2026-03
TXN0000048173,ACC0003707,121999.47,SUCCESS,2026-06-27 15:26:34,1,1,1,2026-06
TXN0000048181,ACC0007717,68693.01,SUCCESS,2026-04-12 13:45:14,1,1,1,2026-04
TXN0000048183,ACC0013177,54405.2,SUCCESS,2026-01-02 06:21:32,1,1,1,2026-01
TXN0000048185,ACC0013116,107417.28,SUCCESS,2026-01-31 20:13:20,1,1,1,2026-01
TXN0000048193,ACC0015558,112110.47,SUCCESS,2026-07-30 23:25:39,1,1,1,2026-07
TXN0000048195,ACC0004242,55671.99,SUCCESS,2026-02-16 14:06:10,1,1,1,2026-02
TXN0000048203,ACC0014688,12599.61,SUCCESS,2026-05-19 13:15:45,1,1,1,2026-05
TXN0000048210,ACC0027971,13200.37,SUCCESS,2026-07-04 00:23:48,1,1,1,2026-07
TXN0000048221,ACC0004693,12126.03,SUCCESS,2026-06-06 00:01:07,1,1,1,2026-06
TXN0000048226,ACC0017646,69180.8,SUCCESS,2026-03-08 16:20:11,1,1,1,2026-03
TXN0000048228,ACC0022102,7210.29,SUCCESS,2026-04-28 17:14:28,1,1,1,2026-04
TXN0000048239,ACC0014522,13588.8,SUCCESS,2026-08-04 10:59:49,1,1,1,2026-08
TXN0000048241,ACC0014817,142964.95,SUCCESS,2026-07-18 15:02:10,1,1,1,2026-07
TXN0000048252,ACC0010952,111018.48,SUCCESS,2026-06-24 01:43:42,1,1,1,2026-06
TXN0000048264,ACC0027798,76697.98,SUCCESS,2026-02-10 08:47:12,1,1,1,2026-02
TXN0000048266,ACC0018526,77307.74,SUCCESS,2026-05-27 14:57:14,1,1,1,2026-05
TXN0000048271,ACC0003488,101926.87,SUCCESS,2026-05-22 21:52:12,1,1,1,2026-05
TXN0000048275,ACC0023017,81284.34,SUCCESS,2026-05-10 06:37:45,1,1,1,2026-05
TXN0000048276,ACC0025986,23800.43,SUCCESS,2026-01-10 17:31:17,1,1,1,2026-01
TXN0000048280,ACC0024080,40796.5,SUCCESS,2026-02-04 17:13:18,1,1,1,2026-02
TXN0000048285,ACC0021007,84724.6,SUCCESS,2026-06-09 03:30:21,1,1,1,2026-06
TXN0000048300,ACC0005161,144669.51,SUCCESS,2026-07-08 19:46:10,1,1,1,2026-07
TXN0000048302,ACC0009987,135410.42,SUCCESS,2026-05-06 20:18:58,1,1,1,2026-05
TXN0000048305,ACC0016526,54110.78,SUCCESS,2026-06-12 10:14:30,1,1,1,2026-06
TXN0000048311,ACC0025863,110451.79,SUCCESS,2026-06-15 22:01:43,1,1,1,2026-06
TXN0000048322,ACC0009579,93470.09,SUCCESS,2026-06-06 12:28:06,1,1,1,2026-06
TXN0000048323,ACC0012446,94111.36,SUCCESS,2026-08-07 20:51:45,1,1,1,2026-08
TXN0000048328,ACC0022500,68857.6,SUCCESS,2026-01-26 12:10:55,1,1,1,2026-01
TXN0000048332,ACC0014187,69070.8,SUCCESS,2026-01-03 15:18:00,1,1,1,2026-01
TXN0000048334,ACC0009978,80643.93,SUCCESS,2026-03-21 22:30:37,1,1,1,2026-03
TXN0000048336,ACC0022985,33130.16,SUCCESS,2026-05-10 23:24:33,1,1,1,2026-05
TXN0000048342,ACC0004388,29601.87,SUCCESS,2026-01-31 22:28:48,1,1,1,2026-01
TXN0000048353,ACC0008314,86249.6,SUCCESS,2026-07-26 06:11:32,1,1,1,2026-07
TXN0000048354,ACC0022132,99431.54,SUCCESS,2026-01-20 07:27:14,1,1,1,2026-01
TXN0000048367,ACC0013045,28728.49,SUCCESS,2026-04-06 23:00:46,1,1,1,2026-04
TXN0000048369,ACC0004646,81054.3,SUCCESS,2026-01-10 21:23:52,1,1,1,2026-01
TXN0000048370,ACC0008998,41370.71,SUCCESS,2026-05-05 17:25:56,1,1,1,2026-05
TXN0000048380,ACC0027448,34469.42,SUCCESS,2026-01-30 10:57:14,1,1,1,2026-01
TXN0000048392,ACC0004118,40924.13,SUCCESS,2026-02-22 10:10:52,1,1,1,2026-02
TXN0000048399,ACC0015034,14135.03,SUCCESS,2026-06-24 06:46:15,1,2,1,2026-06
TXN0000048404,ACC0012189,35305.37,SUCCESS,2026-03-13 18:02:03,1,1,1,2026-03
TXN0000048406,ACC0029079,55943.46,SUCCESS,2026-07-18 07:41:41,1,1,1,2026-07
TXN0000048414,ACC0010806,31434.58,SUCCESS,2026-06-10 05:17:47,1,1,1,2026-06
TXN0000048419,ACC0018532,62930.11,SUCCESS,2026-01-14 21:30:54,1,1,1,2026-01
TXN0000048425,ACC0027169,105689.63,SUCCESS,2026-04-30 10:55:04,1,1,1,2026-04
TXN0000048427,ACC0026330,67986.69,SUCCESS,2026-01-19 02:26:11,1,1,1,2026-01
TXN0000048429,ACC0010859,83478.55,SUCCESS,2026-04-13 09:47:42,1,1,1,2026-04
TXN0000048433,ACC0027622,104934.01,SUCCESS,2026-05-10 12:20:26,1,1,1,2026-05
TXN0000048445,ACC0003307,10036.86,SUCCESS,2026-03-08 02:17:06,1,1,1,2026-03
TXN0000048448,ACC0019213,36908.61,SUCCESS,2026-08-04 11:23:50,1,1,1,2026-08
TXN0000048454,ACC0013065,31070.42,SUCCESS,2026-05-12 02:22:23,1,1,1,2026-05
TXN0000048456,ACC0020803,118865.94,SUCCESS,2026-04-17 01:55:41,1,1,1,2026-04
TXN0000048457,ACC0004275,59957.75,SUCCESS,2026-03-25 12:45:02,1,1,1,2026-03
TXN0000048466,ACC0001473,10896.49,SUCCESS,2026-02-28 11:48:31,1,1,1,2026-02
TXN0000048473,ACC0029525,2716.71,SUCCESS,2026-07-12 01:12:55,1,1,1,2026-07
TXN0000048476,ACC0023167,60809.25,SUCCESS,2026-04-19 12:53:51,1,1,1,2026-04
TXN0000048483,ACC0019266,52615.72,SUCCESS,2026-04-05 22:17:09,1,1,1,2026-04
TXN0000048497,ACC0005396,16518.45,SUCCESS,2026-02-24 23:02:04,1,1,1,2026-02
TXN0000048501,ACC0021832,131072.08,SUCCESS,2026-04-13 20:28:39,1,1,1,2026-04
TXN0000048517,ACC0013803,16200.19,SUCCESS,2026-02-28 19:48:28,1,1,1,2026-02
TXN0000048521,ACC0016250,26925.19,SUCCESS,2026-05-01 16:08:44,1,1,1,2026-05
TXN0000048523,ACC0015611,126266.86,SUCCESS,2026-06-21 02:37:24,1,1,1,2026-06
TXN0000048529,ACC0011598,99003.62,SUCCESS,2026-02-23 02:00:45,1,1,1,2026-02
TXN0000048534,ACC0019489,109356.56,SUCCESS,2026-03-09 15:17:55,1,1,1,2026-03
TXN0000048535,ACC0005957,21615.41,SUCCESS,2026-02-08 13:07:32,1,1,1,2026-02
TXN0000048537,ACC0018500,51693.26,SUCCESS,2026-01-09 22:20:04,1,1,1,2026-01
TXN0000048548,ACC0006442,63156.22,SUCCESS,2026-05-14 12:28:21,1,1,1,2026-05
TXN0000048556,ACC0028349,96970.28,SUCCESS,2026-04-22 10:11:37,1,1,1,2026-04
TXN0000048557,ACC0024658,101561.91,SUCCESS,2026-03-29 12:46:44,1,1,1,2026-03
TXN0000048569,ACC0015087,55675.08,SUCCESS,2026-06-17 00:52:44,1,1,1,2026-06
TXN0000048574,ACC0017638,128590.53,SUCCESS,2026-03-22 03:03:44,1,1,1,2026-03
TXN0000048577,ACC0014896,34955.79,SUCCESS,2026-04-27 05:29:09,1,2,1,2026-04
TXN0000048593,ACC0022474,28513.03,SUCCESS,2026-01-26 23:59:56,1,1,1,2026-01
TXN0000048596,ACC0027987,27566.91,SUCCESS,2026-07-02 13:38:01,1,1,1,2026-07
TXN0000048606,ACC0028904,39118.77,SUCCESS,2026-01-12 14:21:45,1,1,1,2026-01
TXN0000048609,ACC0012655,142009.82,SUCCESS,2026-01-30 00:11:30,1,1,1,2026-01
TXN0000048611,ACC0003257,107487.72,SUCCESS,2026-07-21 21:41:09,1,1,1,2026-07
TXN0000048612,ACC0005269,142764.44,SUCCESS,2026-04-02 07:15:04,1,1,1,2026-04
TXN0000048615,ACC0012808,23776.73,SUCCESS,2026-05-26 11:40:13,1,1,1,2026-05
TXN0000048617,ACC0009042,125559.13,SUCCESS,2026-02-03 19:30:50,1,1,1,2026-02
TXN0000048619,ACC0015702,90763.16,SUCCESS,2026-03-15 22:01:50,1,1,1,2026-03
TXN0000048623,ACC0023908,149893.01,SUCCESS,2026-05-13 21:27:15,1,1,1,2026-05
TXN0000048632,ACC0029000,33958.59,SUCCESS,2026-01-23 22:04:04,1,1,1,2026-01
TXN0000048636,ACC0004239,40916.0,SUCCESS,2026-02-01 13:50:01,1,1,1,2026-02
TXN0000048637,ACC0002287,102812.11,SUCCESS,2026-04-14 20:04:34,1,1,1,2026-04
TXN0000048639,ACC0011339,48832.86,SUCCESS,2026-04-10 01:24:05,1,1,1,2026-04
TXN0000048667,ACC0008171,30695.14,SUCCESS,2026-04-14 18:13:37,1,1,1,2026-04
TXN0000048669,ACC0014164,20757.2,SUCCESS,2026-06-16 13:06:47,1,1,1,2026-06
TXN0000048671,ACC0015781,27993.29,SUCCESS,2026-05-13 10:34:25,1,1,1,2026-05
TXN0000048674,ACC0015371,143577.17,SUCCESS,2026-08-05 18:57:39,1,1,1,2026-08
TXN0000048680,ACC0000791,61480.08,SUCCESS,2026-07-17 10:11:04,1,1,1,2026-07
TXN0000048681,ACC0016085,31695.27,SUCCESS,2026-08-06 08:49:51,1,1,1,2026-08
TXN0000048683,ACC0022008,101532.68,SUCCESS,2026-03-26 22:59:25,1,1,1,2026-03
TXN0000048690,ACC0004739,2953.13,SUCCESS,2026-03-01 08:02:12,1,1,1,2026-03
TXN0000048691,ACC0009055,12412.29,SUCCESS,2026-05-12 01:08:32,1,1,1,2026-05
TXN0000048706,ACC0026424,55025.69,SUCCESS,2026-06-27 11:26:39,1,1,1,2026-06
TXN0000048709,ACC0002245,20005.28,SUCCESS,2026-04-13 20:14:26,1,1,1,2026-04
TXN0000048715,ACC0010886,87426.31,SUCCESS,2026-06-11 04:45:15,1,1,1,2026-06
TXN0000048716,ACC0013007,102557.14,SUCCESS,2026-02-09 11:51:36,1,1,1,2026-02
TXN0000048718,ACC0015635,96164.97,SUCCESS,2026-05-28 17:15:25,1,1,1,2026-05
TXN0000048719,ACC0025340,130815.15,SUCCESS,2026-04-13 17:42:44,1,1,1,2026-04
TXN0000048734,ACC0010525,33129.04,SUCCESS,2026-08-01 12:49:40,1,1,1,2026-08
TXN0000048744,ACC0027347,144885.68,SUCCESS,2026-01-03 23:11:06,1,1,1,2026-01
TXN0000048745,ACC0026782,126915.73,SUCCESS,2026-04-18 09:56:50,1,1,1,2026-04
TXN0000048753,ACC0021169,61455.58,SUCCESS,2026-03-21 13:41:59,1,1,1,2026-03
TXN0000048777,ACC0029635,50442.18,SUCCESS,2026-07-11 10:02:53,1,1,1,2026-07
TXN0000048778,ACC0006462,127047.13,SUCCESS,2026-01-10 00:26:07,1,1,1,2026-01
TXN0000048783,ACC0004294,22827.81,SUCCESS,2026-06-21 15:05:57,1,1,1,2026-06
TXN0000048787,ACC0024969,74313.86,SUCCESS,2026-02-19 06:24:04,1,1,1,2026-02
TXN0000048795,ACC0001859,14125.76,SUCCESS,2026-01-14 13:22:13,1,1,1,2026-01
TXN0000048797,ACC0004799,137666.44,SUCCESS,2026-07-16 10:09:43,1,1,1,2026-07
TXN0000048798,ACC0016685,71303.44,SUCCESS,2026-03-06 12:02:19,1,1,1,2026-03
TXN0000048805,ACC0023639,123223.03,SUCCESS,2026-01-13 11:49:24,1,1,1,2026-01
TXN0000048809,ACC0007394,24975.07,SUCCESS,2026-03-23 22:33:56,1,1,1,2026-03
TXN0000048819,ACC0020748,128959.89,SUCCESS,2026-06-16 20:27:15,1,1,1,2026-06
TXN0000048831,ACC0027443,91994.85,SUCCESS,2026-04-30 07:30:58,1,1,1,2026-04
TXN0000048849,ACC0024701,114975.25,SUCCESS,2026-06-06 18:53:14,1,1,1,2026-06
TXN0000048852,ACC0004662,2764.09,SUCCESS,2026-07-04 00:49:21,1,1,1,2026-07
TXN0000048853,ACC0005284,146025.27,SUCCESS,2026-06-22 13:59:40,1,1,1,2026-06
TXN0000048858,ACC0000070,39313.18,SUCCESS,2026-07-31 13:58:14,1,2,1,2026-07
TXN0000048862,ACC0019285,36079.39,SUCCESS,2026-01-02 15:12:33,1,1,1,2026-01
TXN0000048864,ACC0019206,95937.4,SUCCESS,2026-04-16 01:25:47,1,1,1,2026-04
TXN0000048877,ACC0019781,46274.71,SUCCESS,2026-06-16 23:23:32,1,2,1,2026-06
TXN0000048886,ACC0022850,116842.63,SUCCESS,2026-07-30 14:33:11,1,1,1,2026-07
TXN0000048894,ACC0002539,99162.78,SUCCESS,2026-07-30 14:16:34,1,1,1,2026-07
TXN0000048897,ACC0017257,102963.21,SUCCESS,2026-06-04 06:19:48,1,1,1,2026-06
TXN0000048904,ACC0021542,133427.15,SUCCESS,2026-07-19 03:40:41,1,1,1,2026-07
TXN0000048913,ACC0001757,112670.71,SUCCESS,2026-03-16 16:11:56,1,1,1,2026-03
TXN0000048919,ACC0020728,118817.29,SUCCESS,2026-07-05 23:02:12,1,1,1,2026-07
TXN0000048920,ACC0017467,55812.33,SUCCESS,2026-04-19 23:24:57,1,1,1,2026-04
TXN0000048927,ACC0011809,145453.24,SUCCESS,2026-04-24 04:46:04,1,1,1,2026-04
TXN0000048931,ACC0028439,5462.38,SUCCESS,2026-06-29 09:48:47,1,1,1,2026-06
TXN0000048941,ACC0002145,110036.81,SUCCESS,2026-02-20 10:53:47,1,1,1,2026-02
TXN0000048942,ACC0016009,95213.09,SUCCESS,2026-07-30 09:04:46,1,1,1,2026-07
TXN0000048955,ACC0016355,32447.93,SUCCESS,2026-07-02 01:27:41,1,1,1,2026-07
TXN0000048956,ACC0016311,53522.73,SUCCESS,2026-05-22 00:36:18,1,1,1,2026-05
TXN0000048960,ACC0005182,93541.31,SUCCESS,2026-08-07 18:33:40,1,1,1,2026-08
TXN0000048961,ACC0029455,10817.62,SUCCESS,2026-02-06 20:56:38,1,1,1,2026-02
TXN0000048978,ACC0021259,77758.04,SUCCESS,2026-05-02 04:53:46,1,1,1,2026-05
TXN0000048979,ACC0016294,49709.12,SUCCESS,2026-02-14 08:33:37,1,1,1,2026-02
TXN0000048989,ACC0013183,93632.35,SUCCESS,2026-07-18 10:38:22,1,1,1,2026-07
TXN0000048991,ACC0015120,135832.61,SUCCESS,2026-01-30 06:58:17,1,1,1,2026-01
TXN0000048994,ACC0009328,133128.36,SUCCESS,2026-04-21 02:08:21,1,1,1,2026-04
TXN0000049001,ACC0003792,75035.46,SUCCESS,2026-04-16 08:59:17,1,1,1,2026-04
TXN0000049002,ACC0000851,129613.8,SUCCESS,2026-07-29 02:48:01,1,1,1,2026-07
TXN0000049010,ACC0003103,132543.52,SUCCESS,2026-04-12 13:57:14,1,1,1,2026-04
TXN0000049014,ACC0002393,142320.49,SUCCESS,2026-01-30 10:24:59,1,1,1,2026-01
TXN0000049033,ACC0010250,78202.62,SUCCESS,2026-01-17 04:10:46,1,1,1,2026-01
TXN0000049035,ACC0012215,2524.95,SUCCESS,2026-06-21 22:06:09,1,1,1,2026-06
TXN0000049037,ACC0013178,142828.3,SUCCESS,2026-02-19 10:14:21,1,1,1,2026-02
TXN0000049052,ACC0010947,37835.82,SUCCESS,2026-04-14 03:24:03,1,1,1,2026-04
TXN0000049060,ACC0018045,127570.88,SUCCESS,2026-05-01 00:06:29,1,1,1,2026-05
TXN0000049078,ACC0011411,27166.08,SUCCESS,2026-07-08 21:09:58,1,1,1,2026-07
TXN0000049088,ACC0023648,132470.48,SUCCESS,2026-04-08 06:21:55,1,1,1,2026-04
TXN0000049090,ACC0019816,14686.73,SUCCESS,2026-02-15 02:00:32,1,1,1,2026-02
TXN0000049091,ACC0019586,99588.45,SUCCESS,2026-03-24 15:58:32,1,1,1,2026-03
TXN0000049092,ACC0022625,36850.34,SUCCESS,2026-02-20 17:31:23,1,1,1,2026-02
TXN0000049098,ACC0002856,117416.0,SUCCESS,2026-06-12 22:18:07,1,1,1,2026-06
TXN0000049100,ACC0011219,33303.56,SUCCESS,2026-05-19 00:44:55,1,1,1,2026-05
TXN0000049103,ACC0013516,113674.76,SUCCESS,2026-07-10 23:30:12,1,1,1,2026-07
TXN0000049127,ACC0026896,27536.44,SUCCESS,2026-07-09 09:30:31,1,1,1,2026-07
TXN0000049137,ACC0027282,41390.85,SUCCESS,2026-04-09 19:19:34,1,1,1,2026-04
TXN0000049145,ACC0002626,15321.02,SUCCESS,2026-06-17 21:32:58,1,1,1,2026-06
TXN0000049149,ACC0027842,1674.23,SUCCESS,2026-02-15 03:47:46,1,1,1,2026-02
TXN0000049155,ACC0020861,33181.53,SUCCESS,2026-07-19 06:51:34,1,1,1,2026-07
TXN0000049158,ACC0009696,61481.79,SUCCESS,2026-07-12 04:42:35,1,1,1,2026-07
TXN0000049162,ACC0000940,51706.5,SUCCESS,2026-01-27 04:28:15,1,1,1,2026-01
TXN0000049163,ACC0010207,101092.66,SUCCESS,2026-01-21 15:07:53,1,1,1,2026-01
TXN0000049165,ACC0009040,84648.05,SUCCESS,2026-05-07 03:15:24,1,1,1,2026-05
TXN0000049171,ACC0025161,67046.91,SUCCESS,2026-02-25 10:59:05,1,1,1,2026-02
TXN0000049172,ACC0004459,13613.79,SUCCESS,2026-01-18 22:40:19,1,1,1,2026-01
TXN0000049175,ACC0001382,67359.53,SUCCESS,2026-04-05 10:47:40,1,1,1,2026-04
TXN0000049182,ACC0011846,5610.81,SUCCESS,2026-07-08 03:03:19,1,1,1,2026-07
TXN0000049183,ACC0010289,79351.49,SUCCESS,2026-04-22 10:53:43,1,1,1,2026-04
TXN0000049191,ACC0008877,80615.46,SUCCESS,2026-04-27 22:40:18,1,1,1,2026-04
TXN0000049198,ACC0010447,141605.68,SUCCESS,2026-01-20 22:52:16,1,1,1,2026-01
TXN0000049203,ACC0022435,39631.26,SUCCESS,2026-03-15 17:36:39,1,1,1,2026-03
TXN0000049205,ACC0019678,2121.45,SUCCESS,2026-02-14 05:39:40,1,1,1,2026-02
TXN0000049214,ACC0001279,104402.73,SUCCESS,2026-08-08 22:47:45,1,1,1,2026-08
TXN0000049215,ACC0020837,10233.98,SUCCESS,2026-04-06 18:14:06,1,1,1,2026-04
TXN0000049216,ACC0004375,106693.8,SUCCESS,2026-01-08 10:38:46,1,1,1,2026-01
TXN0000049217,ACC0017109,104768.51,SUCCESS,2026-03-25 21:37:50,1,1,1,2026-03
TXN0000049222,ACC0023783,78448.84,SUCCESS,2026-07-15 14:45:18,1,1,1,2026-07
TXN0000049223,ACC0001290,19519.72,SUCCESS,2026-05-30 02:01:41,1,1,1,2026-05
TXN0000049235,ACC0004565,21983.92,SUCCESS,2026-04-01 13:09:19,1,1,1,2026-04
TXN0000049247,ACC0000084,39941.74,SUCCESS,2026-02-21 09:45:37,1,1,1,2026-02
TXN0000049249,ACC0003429,139444.49,SUCCESS,2026-02-07 01:40:17,1,1,1,2026-02
TXN0000049250,ACC0029007,11816.54,SUCCESS,2026-07-15 20:30:59,1,1,1,2026-07
TXN0000049258,ACC0023450,102052.42,SUCCESS,2026-04-13 07:32:23,1,1,1,2026-04
TXN0000049267,ACC0012737,56148.87,SUCCESS,2026-02-16 07:09:43,1,1,1,2026-02
TXN0000049273,ACC0004474,7633.12,SUCCESS,2026-07-20 21:37:32,1,1,1,2026-07
TXN0000049276,ACC0017457,29793.27,SUCCESS,2026-01-13 11:31:21,1,1,1,2026-01
TXN0000049282,ACC0000014,81878.72,SUCCESS,2026-05-22 14:10:21,1,1,1,2026-05
TXN0000049286,ACC0026021,123585.34,SUCCESS,2026-02-06 08:48:21,1,2,1,2026-02
TXN0000049290,ACC0003088,60535.24,SUCCESS,2026-07-24 15:24:04,1,1,1,2026-07
TXN0000049294,ACC0026781,16910.97,SUCCESS,2026-01-09 01:43:37,1,1,1,2026-01
TXN0000049295,ACC0017958,98874.87,SUCCESS,2026-02-19 05:56:23,1,1,1,2026-02
TXN0000049296,ACC0017700,5995.51,SUCCESS,2026-02-19 19:39:20,1,1,1,2026-02
TXN0000049305,ACC0006700,92788.18,SUCCESS,2026-07-13 06:17:03,1,1,1,2026-07
TXN0000049306,ACC0000779,68701.23,SUCCESS,2026-06-17 12:17:45,1,1,1,2026-06
TXN0000049309,ACC0024725,6730.33,SUCCESS,2026-03-18 15:13:49,1,1,1,2026-03
TXN0000049311,ACC0003909,37654.88,SUCCESS,2026-01-28 22:04:43,1,1,1,2026-01
TXN0000049317,ACC0006453,130760.04,SUCCESS,2026-04-28 12:24:38,1,1,1,2026-04
TXN0000049318,ACC0024319,113079.56,SUCCESS,2026-04-12 09:15:24,1,1,1,2026-04
TXN0000049326,ACC0015070,21695.89,SUCCESS,2026-04-17 06:45:30,1,2,1,2026-04
TXN0000049327,ACC0029839,86522.82,SUCCESS,2026-04-21 22:32:53,1,1,1,2026-04
TXN0000049337,ACC0008049,44804.44,SUCCESS,2026-02-06 11:44:36,1,1,1,2026-02
TXN0000049343,ACC0019561,50336.41,SUCCESS,2026-06-12 05:04:33,1,1,1,2026-06
TXN0000049354,ACC0026491,148779.17,SUCCESS,2026-03-07 02:42:43,1,1,1,2026-03
TXN0000049356,ACC0012571,49728.36,SUCCESS,2026-03-10 14:48:16,1,1,1,2026-03
TXN0000049357,ACC0029168,141817.86,SUCCESS,2026-05-08 08:54:24,1,1,1,2026-05
TXN0000049358,ACC0017094,71910.61,SUCCESS,2026-02-27 23:50:12,1,1,1,2026-02
TXN0000049368,ACC0005514,97021.62,SUCCESS,2026-01-24 03:37:24,1,1,1,2026-01
TXN0000049374,ACC0001924,6039.91,SUCCESS,2026-03-12 14:17:25,1,1,1,2026-03
TXN0000049378,ACC0011855,130448.17,SUCCESS,2026-07-08 19:46:10,1,1,1,2026-07
TXN0000049388,ACC0013973,20668.68,SUCCESS,2026-02-09 13:45:41,1,1,1,2026-02
TXN0000049389,ACC0028189,127035.83,SUCCESS,2026-05-19 07:20:40,1,1,1,2026-05
TXN0000049394,ACC0005973,11000.47,SUCCESS,2026-03-27 10:00:02,1,1,1,2026-03
TXN0000049405,ACC0008994,43864.13,SUCCESS,2026-05-15 18:08:18,1,1,1,2026-05
TXN0000049412,ACC0023465,124804.61,SUCCESS,2026-03-31 23:21:57,1,1,1,2026-03
TXN0000049425,ACC0003246,22900.51,SUCCESS,2026-04-28 08:01:42,1,1,1,2026-04
TXN0000049444,ACC0026715,105306.21,SUCCESS,2026-02-15 00:45:44,1,1,1,2026-02
TXN0000049445,ACC0022321,139178.59,SUCCESS,2026-03-10 12:15:07,1,1,1,2026-03
TXN0000049452,ACC0018818,112743.53,SUCCESS,2026-02-16 23:44:31,1,1,1,2026-02
TXN0000049453,ACC0002217,46930.3,SUCCESS,2026-03-10 11:56:24,1,1,1,2026-03
TXN0000049459,ACC0017256,136932.04,SUCCESS,2026-08-02 12:39:55,1,1,1,2026-08
TXN0000049471,ACC0005513,132080.49,SUCCESS,2026-05-29 14:14:05,1,1,1,2026-05
TXN0000049479,ACC0014337,44333.69,SUCCESS,2026-07-09 05:00:46,1,1,1,2026-07
TXN0000049483,ACC0006196,137234.94,SUCCESS,2026-02-11 04:45:50,1,1,1,2026-02
TXN0000049484,ACC0026132,47971.44,SUCCESS,2026-06-20 17:55:03,1,1,1,2026-06
TXN0000049486,ACC0009638,70210.98,SUCCESS,2026-05-15 02:26:33,1,1,1,2026-05
TXN0000049487,ACC0013866,30216.91,SUCCESS,2026-01-01 10:09:52,1,1,1,2026-01
TXN0000049492,ACC0019422,72552.64,SUCCESS,2026-01-17 05:26:57,1,1,1,2026-01
TXN0000049493,ACC0027595,14569.54,SUCCESS,2026-06-14 04:32:26,1,1,1,2026-06
TXN0000049503,ACC0014788,22385.61,SUCCESS,2026-05-18 03:49:16,1,1,1,2026-05
TXN0000049507,ACC0014673,61273.08,SUCCESS,2026-04-14 18:41:19,1,1,1,2026-04
TXN0000049510,ACC0003727,2629.93,SUCCESS,2026-04-16 00:20:10,1,1,1,2026-04
TXN0000049512,ACC0002278,76809.8,SUCCESS,2026-01-10 01:48:12,1,1,1,2026-01
TXN0000049515,ACC0026992,50140.97,SUCCESS,2026-07-15 19:08:56,1,1,1,2026-07
TXN0000049518,ACC0002338,51210.19,SUCCESS,2026-04-02 10:23:00,1,1,1,2026-04
TXN0000049520,ACC0003553,41651.7,SUCCESS,2026-06-03 05:43:55,1,1,1,2026-06
TXN0000049548,ACC0023911,53830.28,SUCCESS,2026-04-09 15:40:09,1,1,1,2026-04
TXN0000049550,ACC0015233,122839.69,SUCCESS,2026-07-25 10:11:44,1,1,1,2026-07
TXN0000049551,ACC0017895,113528.21,SUCCESS,2026-01-23 04:48:00,1,1,1,2026-01
TXN0000049567,ACC0003132,117780.79,SUCCESS,2026-03-04 00:10:39,1,1,1,2026-03
TXN0000049591,ACC0001969,112448.37,SUCCESS,2026-05-25 02:23:25,1,1,1,2026-05
TXN0000049599,ACC0000163,105895.69,SUCCESS,2026-04-09 19:26:17,1,1,1,2026-04
TXN0000049600,ACC0009088,92563.84,SUCCESS,2026-03-07 22:29:44,1,1,1,2026-03
TXN0000049604,ACC0027050,125529.8,SUCCESS,2026-06-20 00:32:43,1,1,1,2026-06
TXN0000049606,ACC0013957,116765.37,SUCCESS,2026-07-27 23:22:01,1,1,1,2026-07
TXN0000049610,ACC0004924,10389.8,SUCCESS,2026-07-04 19:30:22,1,1,1,2026-07
TXN0000049625,ACC0027322,67104.78,SUCCESS,2026-05-07 07:38:36,1,1,1,2026-05
TXN0000049629,ACC0027819,79691.55,SUCCESS,2026-05-02 02:15:09,1,1,1,2026-05
TXN0000049632,ACC0010123,133908.36,SUCCESS,2026-03-07 00:49:13,1,1,1,2026-03
TXN0000049633,ACC0027712,41371.5,SUCCESS,2026-03-22 00:59:43,1,1,1,2026-03
TXN0000049634,ACC0013045,135185.52,SUCCESS,2026-03-08 23:46:31,1,1,1,2026-03
TXN0000049637,ACC0020435,74359.66,SUCCESS,2026-04-23 13:34:01,1,1,1,2026-04
TXN0000049644,ACC0014399,17773.07,SUCCESS,2026-05-08 02:11:14,1,1,1,2026-05
TXN0000049649,ACC0015195,137862.0,SUCCESS,2026-02-17 14:52:53,1,1,1,2026-02
TXN0000049655,ACC0009058,111838.51,SUCCESS,2026-05-25 10:25:36,1,1,1,2026-05
TXN0000049658,ACC0000224,6088.02,SUCCESS,2026-01-05 19:51:25,1,2,1,2026-01
TXN0000049661,ACC0016648,60963.11,SUCCESS,2026-03-04 01:01:45,1,1,1,2026-03
TXN0000049662,ACC0012623,25339.6,SUCCESS,2026-02-19 02:51:39,1,1,1,2026-02
TXN0000049663,ACC0008677,99482.14,SUCCESS,2026-06-05 12:18:56,1,1,1,2026-06
TXN0000049676,ACC0021359,97466.31,SUCCESS,2026-04-17 21:01:07,1,1,1,2026-04
TXN0000049677,ACC0012954,40584.72,SUCCESS,2026-03-17 04:50:55,1,1,1,2026-03
TXN0000049678,ACC0009831,88346.1,SUCCESS,2026-04-04 08:49:20,1,1,1,2026-04
TXN0000049679,ACC0017352,18298.42,SUCCESS,2026-07-27 18:35:22,1,1,1,2026-07
TXN0000049691,ACC0019574,11831.34,SUCCESS,2026-03-19 10:17:05,1,1,1,2026-03
TXN0000049696,ACC0022464,84366.51,SUCCESS,2026-03-27 01:52:24,1,1,1,2026-03
TXN0000049700,ACC0019581,76705.43,SUCCESS,2026-07-24 04:25:29,1,1,1,2026-07
TXN0000049701,ACC0022690,83829.62,SUCCESS,2026-07-14 19:15:16,1,1,1,2026-07
TXN0000049703,ACC0022569,135325.03,SUCCESS,2026-02-24 02:08:08,1,1,1,2026-02
TXN0000049705,ACC0001878,72962.27,SUCCESS,2026-08-07 21:26:33,1,1,1,2026-08
TXN0000049707,ACC0014848,121203.5,SUCCESS,2026-05-03 10:03:47,1,1,1,2026-05
TXN0000049708,ACC0001443,39028.32,SUCCESS,2026-08-07 05:56:15,1,1,1,2026-08
TXN0000049716,ACC0021430,55749.2,SUCCESS,2026-06-07 06:48:45,1,1,1,2026-06
TXN0000049719,ACC0021350,80292.59,SUCCESS,2026-04-11 01:15:03,1,1,1,2026-04
TXN0000049728,ACC0022695,71434.07,SUCCESS,2026-02-19 13:47:57,1,1,1,2026-02
TXN0000049731,ACC0012501,12800.17,SUCCESS,2026-06-25 17:44:21,1,1,1,2026-06
TXN0000049753,ACC0022359,57784.71,SUCCESS,2026-07-25 02:43:02,1,1,1,2026-07
TXN0000049778,ACC0000590,146448.75,SUCCESS,2026-07-15 06:01:14,1,1,1,2026-07
TXN0000049782,ACC0009275,11306.92,SUCCESS,2026-07-26 07:40:58,1,1,1,2026-07
TXN0000049783,ACC0018986,133716.61,SUCCESS,2026-05-21 11:10:34,1,1,1,2026-05
TXN0000049784,ACC0027897,98052.09,SUCCESS,2026-02-02 11:25:27,1,1,1,2026-02
TXN0000049799,ACC0022994,128049.7,SUCCESS,2026-04-23 15:00:52,1,1,1,2026-04
TXN0000049809,ACC0015945,104631.62,SUCCESS,2026-07-16 16:44:57,1,1,1,2026-07
TXN0000049810,ACC0007992,28618.07,SUCCESS,2026-03-24 17:35:13,1,1,1,2026-03
TXN0000049813,ACC0024138,60573.24,SUCCESS,2026-05-12 14:26:59,1,1,1,2026-05
TXN0000049815,ACC0014989,64863.45,SUCCESS,2026-06-27 11:41:40,1,1,1,2026-06
TXN0000049818,ACC0027301,140489.76,SUCCESS,2026-06-13 07:37:22,1,1,1,2026-06
TXN0000049822,ACC0001132,29390.84,SUCCESS,2026-04-16 11:25:26,1,1,1,2026-04
TXN0000049829,ACC0013939,35728.7,SUCCESS,2026-07-21 11:37:53,1,1,1,2026-07
TXN0000049833,ACC0007649,4105.8,SUCCESS,2026-05-19 01:38:48,1,1,1,2026-05
TXN0000049834,ACC0012021,3948.13,SUCCESS,2026-07-18 14:29:53,1,1,1,2026-07
TXN0000049836,ACC0027535,54695.95,SUCCESS,2026-07-23 05:07:23,1,1,1,2026-07
TXN0000049848,ACC0015604,41687.6,SUCCESS,2026-04-05 18:18:15,1,1,1,2026-04
TXN0000049849,ACC0007709,59089.95,SUCCESS,2026-04-06 13:43:19,1,1,1,2026-04
TXN0000049857,ACC0020698,142415.45,SUCCESS,2026-07-23 15:42:38,1,2,1,2026-07
TXN0000049869,ACC0004891,136962.08,SUCCESS,2026-03-11 08:12:57,1,1,1,2026-03
TXN0000049870,ACC0001718,42528.82,SUCCESS,2026-05-11 17:19:13,1,1,1,2026-05
TXN0000049879,ACC0027810,72773.02,SUCCESS,2026-06-25 19:39:57,1,1,1,2026-06
TXN0000049892,ACC0005985,35735.4,SUCCESS,2026-03-09 01:24:03,1,1,1,2026-03
TXN0000049901,ACC0019517,22334.57,SUCCESS,2026-04-15 17:16:36,1,1,1,2026-04
TXN0000049906,ACC0021721,27251.44,SUCCESS,2026-07-03 05:11:14,1,1,1,2026-07
TXN0000049915,ACC0019972,98777.72,SUCCESS,2026-01-31 11:33:19,1,1,1,2026-01
TXN0000049918,ACC0022228,94948.32,SUCCESS,2026-05-29 02:51:32,1,1,1,2026-05
TXN0000049919,ACC0023999,32208.28,SUCCESS,2026-06-28 01:12:30,1,1,1,2026-06
TXN0000049925,ACC0001415,26427.16,SUCCESS,2026-05-24 21:24:58,1,1,1,2026-05
TXN0000049930,ACC0024395,14922.71,SUCCESS,2026-07-05 12:29:07,1,1,1,2026-07
TXN0000049941,ACC0005120,74095.54,SUCCESS,2026-07-25 00:11:18,1,1,1,2026-07
TXN0000049949,ACC0022240,101267.44,SUCCESS,2026-07-06 12:13:32,1,1,1,2026-07
TXN0000049950,ACC0020430,90204.13,SUCCESS,2026-06-12 03:09:03,1,1,1,2026-06
TXN0000049955,ACC0008636,42009.76,SUCCESS,2026-04-25 10:00:08,1,1,1,2026-04
TXN0000049961,ACC0007047,60702.82,SUCCESS,2026-02-11 04:58:04,1,1,1,2026-02
TXN0000049962,ACC0022715,67302.59,SUCCESS,2026-07-06 00:37:09,1,1,1,2026-07
TXN0000049980,ACC0025561,140873.79,SUCCESS,2026-03-26 11:49:36,1,1,1,2026-03
TXN0000049982,ACC0006767,96624.9,SUCCESS,2026-03-27 06:33:10,1,1,1,2026-03
TXN0000049984,ACC0011963,20159.9,SUCCESS,2026-01-15 17:14:03,1,1,1,2026-01
TXN0000049986,ACC0014694,6021.96,SUCCESS,2026-04-22 11:17:51,1,1,1,2026-04
TXN0000049992,ACC0000953,36443.48,SUCCESS,2026-03-08 12:15:45,1,1,1,2026-03
TXN0000049995,ACC0005183,57071.11,SUCCESS,2026-05-04 20:49:05,1,1,1,2026-05
TXN0000049998,ACC0027030,9025.71,SUCCESS,2026-01-12 17:08:50,1,1,1,2026-01
TXN0000050005,ACC0023032,109197.19,SUCCESS,2026-07-05 02:49:41,1,1,1,2026-07
TXN0000050006,ACC0028021,26104.51,SUCCESS,2026-06-08 12:31:55,1,1,1,2026-06
TXN0000050009,ACC0006749,111690.26,SUCCESS,2026-03-09 07:01:14,1,1,1,2026-03
TXN0000050010,ACC0009833,34295.94,SUCCESS,2026-01-29 08:07:45,1,1,1,2026-01
TXN0000050020,ACC0021440,57929.63,SUCCESS,2026-05-21 08:59:25,1,1,1,2026-05
TXN0000050027,ACC0028630,12001.47,SUCCESS,2026-02-08 17:25:16,1,1,1,2026-02
TXN0000050029,ACC0013379,53212.87,SUCCESS,2026-02-12 23:08:47,1,2,1,2026-02
TXN0000050033,ACC0009070,132997.35,SUCCESS,2026-07-16 21:14:40,1,1,1,2026-07
TXN0000050037,ACC0014188,125812.15,SUCCESS,2026-03-12 22:30:23,1,1,1,2026-03
TXN0000050042,ACC0005900,133664.93,SUCCESS,2026-07-12 16:00:38,1,1,1,2026-07
TXN0000050045,ACC0028119,8055.04,SUCCESS,2026-02-21 02:20:48,1,1,1,2026-02
TXN0000050055,ACC0016511,133388.19,SUCCESS,2026-02-24 02:50:35,1,1,1,2026-02
TXN0000050059,ACC0013944,8700.12,SUCCESS,2026-05-16 14:11:31,1,1,1,2026-05
TXN0000050061,ACC0006485,145217.33,SUCCESS,2026-07-22 01:16:59,1,1,1,2026-07
TXN0000050064,ACC0001916,72271.88,SUCCESS,2026-07-16 11:32:26,1,1,1,2026-07
TXN0000050067,ACC0022451,134020.03,SUCCESS,2026-06-11 04:22:47,1,1,1,2026-06
TXN0000050068,ACC0013055,64641.99,SUCCESS,2026-05-20 21:39:33,1,1,1,2026-05
TXN0000050069,ACC0016730,112453.01,SUCCESS,2026-05-28 21:12:54,1,1,1,2026-05
TXN0000050073,ACC0017122,100630.17,SUCCESS,2026-06-19 19:19:36,1,1,1,2026-06
TXN0000050077,ACC0011697,16675.72,SUCCESS,2026-04-16 05:03:02,1,1,1,2026-04
TXN0000050078,ACC0018642,23360.92,SUCCESS,2026-04-18 12:01:50,1,1,1,2026-04
TXN0000050084,ACC0006734,35649.38,SUCCESS,2026-02-23 16:02:25,1,1,1,2026-02
TXN0000050091,ACC0006785,70210.19,SUCCESS,2026-01-08 01:32:06,1,1,1,2026-01
TXN0000050093,ACC0013572,2016.82,SUCCESS,2026-05-17 10:24:32,1,1,1,2026-05
TXN0000050099,ACC0007613,7394.63,SUCCESS,2026-03-05 18:35:39,1,1,1,2026-03
TXN0000050103,ACC0017197,22612.36,SUCCESS,2026-05-22 17:40:26,1,1,1,2026-05
TXN0000050105,ACC0005737,56890.98,SUCCESS,2026-05-21 01:41:41,1,1,1,2026-05
TXN0000050115,ACC0017104,68436.78,SUCCESS,2026-07-22 02:30:22,1,1,1,2026-07
TXN0000050128,ACC0001758,122242.53,SUCCESS,2026-07-30 16:14:55,1,1,1,2026-07
TXN0000050129,ACC0018084,51743.8,SUCCESS,2026-05-04 09:57:24,1,1,1,2026-05
TXN0000050139,ACC0029379,134321.17,SUCCESS,2026-05-24 04:11:27,1,1,1,2026-05
TXN0000050141,ACC0024813,65615.95,SUCCESS,2026-03-04 05:48:02,1,1,1,2026-03
TXN0000050143,ACC0017674,148333.92,SUCCESS,2026-01-13 11:33:03,1,1,1,2026-01
TXN0000050161,ACC0019914,28271.71,SUCCESS,2026-05-28 11:14:59,1,1,1,2026-05
TXN0000050163,ACC0000751,70867.58,SUCCESS,2026-05-19 07:14:08,1,1,1,2026-05
TXN0000050172,ACC0005305,125338.22,SUCCESS,2026-07-02 14:56:29,1,1,1,2026-07
TXN0000050180,ACC0012924,131587.15,SUCCESS,2026-05-27 08:07:36,1,1,1,2026-05
TXN0000050184,ACC0012116,40745.03,SUCCESS,2026-03-31 16:11:50,1,1,1,2026-03
TXN0000050186,ACC0015434,37225.55,SUCCESS,2026-03-04 09:04:56,1,1,1,2026-03
TXN0000050191,ACC0013986,67308.88,SUCCESS,2026-03-25 22:21:06,1,1,1,2026-03
TXN0000050199,ACC0004633,71012.23,SUCCESS,2026-07-24 17:37:45,1,1,1,2026-07
TXN0000050204,ACC0026470,140708.11,SUCCESS,2026-04-07 02:29:08,1,1,1,2026-04
TXN0000050209,ACC0020108,85504.66,SUCCESS,2026-03-20 19:58:07,1,1,1,2026-03
TXN0000050210,ACC0020029,143197.25,SUCCESS,2026-03-30 17:36:51,1,1,1,2026-03
TXN0000050216,ACC0023045,128878.63,SUCCESS,2026-01-10 21:20:57,1,1,1,2026-01
TXN0000050218,ACC0024411,106533.38,SUCCESS,2026-03-24 15:45:06,1,1,1,2026-03
TXN0000050220,ACC0023594,15214.8,SUCCESS,2026-06-10 04:42:19,1,1,1,2026-06
TXN0000050228,ACC0023084,26295.68,SUCCESS,2026-04-05 10:54:20,1,1,1,2026-04
TXN0000050229,ACC0005867,82651.08,SUCCESS,2026-03-18 02:06:34,1,1,1,2026-03
TXN0000050237,ACC0023467,73337.37,SUCCESS,2026-03-02 14:34:50,1,1,1,2026-03
TXN0000050246,ACC0011491,115575.39,SUCCESS,2026-05-26 18:05:10,1,1,1,2026-05
TXN0000050247,ACC0013373,11260.48,SUCCESS,2026-04-22 16:38:15,1,1,1,2026-04
TXN0000050271,ACC0017733,50826.31,SUCCESS,2026-04-13 06:31:11,1,1,1,2026-04
TXN0000050274,ACC0025238,41008.24,SUCCESS,2026-04-01 10:15:58,1,1,1,2026-04
TXN0000050281,ACC0006777,101932.29,SUCCESS,2026-04-12 06:18:37,1,1,1,2026-04
TXN0000050282,ACC0012768,48491.33,SUCCESS,2026-08-03 13:45:11,1,1,1,2026-08
TXN0000050291,ACC0024573,52837.01,SUCCESS,2026-05-22 10:30:54,1,1,1,2026-05
TXN0000050306,ACC0019528,142186.81,SUCCESS,2026-07-07 09:25:27,1,1,1,2026-07
TXN0000050308,ACC0004087,46740.13,SUCCESS,2026-08-04 11:13:12,1,1,1,2026-08
TXN0000050317,ACC0019146,102165.08,SUCCESS,2026-07-27 22:08:58,1,1,1,2026-07
TXN0000050321,ACC0006388,88128.28,SUCCESS,2026-08-06 18:39:52,1,1,1,2026-08
TXN0000050323,ACC0005442,3815.67,SUCCESS,2026-07-27 03:51:17,1,1,1,2026-07
TXN0000050330,ACC0000736,143439.11,SUCCESS,2026-01-01 13:16:59,1,1,1,2026-01
TXN0000050335,ACC0004242,136467.04,SUCCESS,2026-05-28 17:20:18,1,1,1,2026-05
TXN0000050336,ACC0007810,116739.74,SUCCESS,2026-03-03 19:30:25,1,1,1,2026-03
TXN0000050343,ACC0006742,145737.68,SUCCESS,2026-03-27 20:33:24,1,1,1,2026-03
TXN0000050346,ACC0015986,48667.83,SUCCESS,2026-05-19 14:51:45,1,1,1,2026-05
TXN0000050347,ACC0003405,97907.14,SUCCESS,2026-08-05 03:41:24,1,1,1,2026-08
TXN0000050349,ACC0003664,92108.89,SUCCESS,2026-02-11 06:49:05,1,1,1,2026-02
TXN0000050350,ACC0016978,98337.27,SUCCESS,2026-01-16 16:12:57,1,1,1,2026-01
TXN0000050351,ACC0017523,16234.89,SUCCESS,2026-04-05 21:38:30,1,1,1,2026-04
TXN0000050352,ACC0010645,86995.43,SUCCESS,2026-06-08 11:23:15,1,1,1,2026-06
TXN0000050355,ACC0009092,20962.35,SUCCESS,2026-03-07 02:05:31,1,1,1,2026-03
TXN0000050359,ACC0019094,24952.08,SUCCESS,2026-08-01 14:23:54,1,1,1,2026-08
TXN0000050364,ACC0015809,137713.71,SUCCESS,2026-04-02 11:30:32,1,1,1,2026-04
TXN0000050368,ACC0023823,57985.74,SUCCESS,2026-03-17 11:15:54,1,1,1,2026-03
TXN0000050375,ACC0017471,109782.32,SUCCESS,2026-07-28 18:07:53,1,1,1,2026-07
TXN0000050380,ACC0001470,86743.98,SUCCESS,2026-06-03 02:58:47,1,1,1,2026-06
TXN0000050389,ACC0006256,130934.1,SUCCESS,2026-01-10 19:34:10,1,1,1,2026-01
TXN0000050390,ACC0004377,107397.65,SUCCESS,2026-06-22 12:57:22,1,1,1,2026-06
TXN0000050396,ACC0012336,50602.63,SUCCESS,2026-07-20 21:43:05,1,1,1,2026-07
TXN0000050398,ACC0029755,71296.43,SUCCESS,2026-04-20 14:06:05,1,1,1,2026-04
TXN0000050400,ACC0004233,90265.53,SUCCESS,2026-03-01 22:19:35,1,1,1,2026-03
TXN0000050414,ACC0018121,27104.63,SUCCESS,2026-04-17 21:16:29,1,1,1,2026-04
TXN0000050430,ACC0029555,53545.32,SUCCESS,2026-05-07 21:02:32,1,1,1,2026-05
TXN0000050432,ACC0021089,17451.94,SUCCESS,2026-01-26 18:49:52,1,1,1,2026-01
TXN0000050439,ACC0026098,120045.49,SUCCESS,2026-07-06 15:08:22,1,1,1,2026-07
TXN0000050456,ACC0003811,31482.45,SUCCESS,2026-01-08 13:40:09,1,1,1,2026-01
TXN0000050462,ACC0027303,82226.94,SUCCESS,2026-06-16 11:40:53,1,1,1,2026-06
TXN0000050467,ACC0025094,103637.01,SUCCESS,2026-04-09 02:26:46,1,1,1,2026-04
TXN0000050477,ACC0011135,112238.59,SUCCESS,2026-02-27 01:30:20,1,1,1,2026-02
TXN0000050482,ACC0003784,90532.16,SUCCESS,2026-08-01 21:37:13,1,1,1,2026-08
TXN0000050491,ACC0022849,56158.07,SUCCESS,2026-01-21 18:48:07,1,1,1,2026-01
TXN0000050492,ACC0021521,144014.85,SUCCESS,2026-02-25 04:08:13,1,1,1,2026-02
TXN0000050493,ACC0017783,33511.0,SUCCESS,2026-08-05 15:37:45,1,1,1,2026-08
TXN0000050505,ACC0026733,75191.61,SUCCESS,2026-05-25 05:46:51,1,1,1,2026-05
TXN0000050508,ACC0002691,139916.74,SUCCESS,2026-08-06 01:16:36,1,1,1,2026-08
TXN0000050511,ACC0022158,68491.24,SUCCESS,2026-05-23 19:11:55,1,1,1,2026-05
TXN0000050515,ACC0009317,77600.63,SUCCESS,2026-04-11 13:18:17,1,1,1,2026-04
TXN0000050516,ACC0017120,73070.92,SUCCESS,2026-01-04 23:25:37,1,1,1,2026-01
TXN0000050519,ACC0018193,101907.03,SUCCESS,2026-07-15 05:08:05,1,1,1,2026-07
TXN0000050536,ACC0012003,20545.1,SUCCESS,2026-04-21 18:12:53,1,1,1,2026-04
TXN0000050546,ACC0001312,18854.49,SUCCESS,2026-07-21 11:27:50,1,1,1,2026-07
TXN0000050547,ACC0015555,55609.46,SUCCESS,2026-03-28 07:09:43,1,1,1,2026-03
TXN0000050549,ACC0001356,109542.22,SUCCESS,2026-03-21 01:00:05,1,1,1,2026-03
TXN0000050551,ACC0018857,32461.59,SUCCESS,2026-03-08 03:38:27,1,1,1,2026-03
TXN0000050555,ACC0010464,1881.12,SUCCESS,2026-08-08 21:26:42,1,1,1,2026-08
TXN0000050563,ACC0019559,76438.35,SUCCESS,2026-03-20 10:37:29,1,1,1,2026-03
TXN0000050599,ACC0014407,44012.77,SUCCESS,2026-02-15 04:35:57,1,1,1,2026-02
TXN0000050603,ACC0005323,122376.05,SUCCESS,2026-04-07 00:50:54,1,1,1,2026-04
TXN0000050605,ACC0023818,82836.77,SUCCESS,2026-05-21 04:47:10,1,1,1,2026-05
TXN0000050611,ACC0002993,138254.34,SUCCESS,2026-04-01 12:16:49,1,1,1,2026-04
TXN0000050614,ACC0012224,21305.34,SUCCESS,2026-02-07 00:37:38,1,1,1,2026-02
TXN0000050616,ACC0026714,127570.49,SUCCESS,2026-01-03 11:05:23,1,1,1,2026-01
TXN0000050617,ACC0006595,142336.91,SUCCESS,2026-05-30 18:01:07,1,1,1,2026-05
TXN0000050620,ACC0019345,48865.09,SUCCESS,2026-07-02 20:21:32,1,1,1,2026-07
TXN0000050622,ACC0020889,45141.51,SUCCESS,2026-07-15 17:04:22,1,1,1,2026-07
TXN0000050631,ACC0003696,108019.14,SUCCESS,2026-07-08 20:17:04,1,1,1,2026-07
TXN0000050634,ACC0029470,442.68,SUCCESS,2026-06-20 18:03:30,1,1,1,2026-06
TXN0000050647,ACC0024540,25145.16,SUCCESS,2026-01-14 15:28:32,1,1,1,2026-01
TXN0000050648,ACC0025254,103621.11,SUCCESS,2026-07-25 01:36:34,1,1,1,2026-07
TXN0000050655,ACC0012644,56425.38,SUCCESS,2026-05-08 01:55:35,1,1,1,2026-05
TXN0000050656,ACC0022080,72642.54,SUCCESS,2026-05-20 03:00:31,1,1,1,2026-05
TXN0000050659,ACC0014657,32547.31,SUCCESS,2026-02-06 09:57:36,1,1,1,2026-02
TXN0000050667,ACC0001236,96537.6,SUCCESS,2026-05-08 14:42:41,1,1,1,2026-05
TXN0000050670,ACC0029920,24477.91,SUCCESS,2026-02-05 19:08:29,1,1,1,2026-02
TXN0000050673,ACC0025305,95256.71,SUCCESS,2026-04-30 04:38:26,1,1,1,2026-04
TXN0000050678,ACC0014129,122573.79,SUCCESS,2026-06-12 20:20:10,1,1,1,2026-06
TXN0000050679,ACC0004581,16883.46,SUCCESS,2026-03-22 23:57:03,1,1,1,2026-03
TXN0000050681,ACC0017812,95737.26,SUCCESS,2026-04-23 13:19:00,1,1,1,2026-04
TXN0000050683,ACC0013502,28910.74,SUCCESS,2026-01-11 15:32:20,1,1,1,2026-01
TXN0000050684,ACC0012221,122232.66,SUCCESS,2026-05-11 05:59:31,1,1,1,2026-05
TXN0000050688,ACC0000212,81751.51,SUCCESS,2026-04-20 16:11:16,1,1,1,2026-04
TXN0000050714,ACC0008815,69773.37,SUCCESS,2026-04-01 02:21:39,1,1,1,2026-04
TXN0000050717,ACC0008125,33264.64,SUCCESS,2026-04-16 22:53:00,1,1,1,2026-04
TXN0000050722,ACC0026334,75114.95,SUCCESS,2026-01-23 16:43:19,1,1,1,2026-01
TXN0000050723,ACC0000028,76804.63,SUCCESS,2026-03-11 09:50:00,1,1,1,2026-03
TXN0000050731,ACC0028483,130589.86,SUCCESS,2026-07-05 03:48:20,1,1,1,2026-07
TXN0000050740,ACC0012033,79121.36,SUCCESS,2026-05-16 19:34:38,1,1,1,2026-05
TXN0000050742,ACC0014440,75740.25,SUCCESS,2026-04-21 12:20:27,1,1,1,2026-04
TXN0000050746,ACC0006528,70704.13,SUCCESS,2026-02-28 07:25:31,1,1,1,2026-02
TXN0000050748,ACC0000215,145815.38,SUCCESS,2026-02-20 09:26:30,1,1,1,2026-02
TXN0000050749,ACC0000695,72095.59,SUCCESS,2026-04-14 05:01:09,1,1,1,2026-04
TXN0000050759,ACC0002092,21863.64,SUCCESS,2026-07-25 18:32:31,1,1,1,2026-07
TXN0000050761,ACC0014620,55624.11,SUCCESS,2026-03-13 14:21:46,1,1,1,2026-03
TXN0000050763,ACC0013521,120959.69,SUCCESS,2026-07-09 01:23:44,1,1,1,2026-07
TXN0000050767,ACC0017147,79641.72,SUCCESS,2026-05-08 11:45:34,1,1,1,2026-05
TXN0000050776,ACC0024496,87201.59,SUCCESS,2026-03-03 10:30:53,1,1,1,2026-03
TXN0000050780,ACC0028168,17218.42,SUCCESS,2026-04-04 07:18:38,1,1,1,2026-04
TXN0000050787,ACC0023099,116571.69,SUCCESS,2026-03-18 02:33:42,1,1,1,2026-03
TXN0000050792,ACC0010128,95395.64,SUCCESS,2026-07-08 08:31:32,1,1,1,2026-07
TXN0000050793,ACC0003162,69403.35,SUCCESS,2026-03-16 02:50:59,1,1,1,2026-03
TXN0000050808,ACC0022783,44284.87,SUCCESS,2026-03-15 08:34:17,1,1,1,2026-03
TXN0000050815,ACC0028950,121548.2,SUCCESS,2026-07-22 20:06:43,1,1,1,2026-07
TXN0000050816,ACC0017503,110724.08,SUCCESS,2026-06-28 22:02:11,1,2,1,2026-06
TXN0000050817,ACC0019576,88873.05,SUCCESS,2026-01-06 04:22:55,1,1,1,2026-01
TXN0000050822,ACC0020880,71403.12,SUCCESS,2026-05-23 09:19:01,1,1,1,2026-05
TXN0000050830,ACC0002108,134436.36,SUCCESS,2026-02-17 21:32:23,1,2,1,2026-02
TXN0000050839,ACC0000921,114460.98,SUCCESS,2026-06-12 03:53:34,1,1,1,2026-06
TXN0000050842,ACC0003045,48630.86,SUCCESS,2026-04-25 23:57:08,1,1,1,2026-04
TXN0000050846,ACC0003648,85465.09,SUCCESS,2026-04-24 17:04:26,1,1,1,2026-04
TXN0000050854,ACC0015297,52689.13,SUCCESS,2026-07-07 23:44:30,1,1,1,2026-07
TXN0000050858,ACC0029357,33562.96,SUCCESS,2026-03-04 16:58:59,1,1,1,2026-03
TXN0000050874,ACC0002090,106054.83,SUCCESS,2026-02-24 08:54:51,1,1,1,2026-02
TXN0000050887,ACC0008165,101089.61,SUCCESS,2026-03-18 18:28:39,1,1,1,2026-03
TXN0000050894,ACC0021178,93415.24,SUCCESS,2026-04-18 23:29:43,1,1,1,2026-04
TXN0000050908,ACC0011945,136238.14,SUCCESS,2026-04-21 04:24:46,1,1,1,2026-04
TXN0000050911,ACC0022868,91193.37,SUCCESS,2026-05-08 01:34:42,1,1,1,2026-05
TXN0000050914,ACC0027375,110541.75,SUCCESS,2026-01-02 15:59:21,1,1,1,2026-01
TXN0000050920,ACC0012163,21666.28,SUCCESS,2026-05-09 04:19:03,1,1,1,2026-05
TXN0000050928,ACC0006576,74122.23,SUCCESS,2026-05-03 02:44:26,1,1,1,2026-05
TXN0000050933,ACC0022997,79326.54,SUCCESS,2026-07-17 07:15:19,1,1,1,2026-07
TXN0000050940,ACC0007732,74495.18,SUCCESS,2026-02-13 05:05:44,1,1,1,2026-02
TXN0000050943,ACC0020944,81162.92,SUCCESS,2026-02-07 04:06:51,1,1,1,2026-02
TXN0000050950,ACC0010998,13254.0,SUCCESS,2026-03-24 09:01:10,1,1,1,2026-03
TXN0000050958,ACC0029619,8732.88,SUCCESS,2026-06-16 07:58:08,1,1,1,2026-06
TXN0000050967,ACC0000492,122147.89,SUCCESS,2026-07-07 05:42:36,1,1,1,2026-07
TXN0000050983,ACC0003616,81318.96,SUCCESS,2026-03-08 22:47:04,1,1,1,2026-03
TXN0000050989,ACC0028292,90543.57,SUCCESS,2026-01-24 01:18:52,1,1,1,2026-01
TXN0000050990,ACC0020407,53927.6,SUCCESS,2026-02-21 04:50:53,1,1,1,2026-02
TXN0000050995,ACC0003265,92528.85,SUCCESS,2026-07-17 05:22:40,1,1,1,2026-07
TXN0000051004,ACC0012542,101128.19,SUCCESS,2026-06-23 21:57:15,1,1,1,2026-06
TXN0000051006,ACC0018848,60726.98,SUCCESS,2026-05-02 09:31:39,1,1,1,2026-05
TXN0000051007,ACC0004358,74962.6,SUCCESS,2026-04-13 09:06:21,1,1,1,2026-04
TXN0000051010,ACC0001127,129790.27,SUCCESS,2026-04-11 12:19:23,1,1,1,2026-04
TXN0000051011,ACC0005314,21246.67,SUCCESS,2026-06-02 01:27:48,1,1,1,2026-06
TXN0000051016,ACC0028734,71183.3,SUCCESS,2026-06-04 08:44:02,1,1,1,2026-06
TXN0000051020,ACC0007617,6348.59,SUCCESS,2026-05-29 20:24:05,1,1,1,2026-05
TXN0000051021,ACC0027364,105784.24,SUCCESS,2026-08-04 17:14:23,1,1,1,2026-08
TXN0000051023,ACC0010216,40896.86,SUCCESS,2026-06-03 14:17:34,1,1,1,2026-06
TXN0000051026,ACC0016292,19538.68,SUCCESS,2026-01-16 14:52:00,1,1,1,2026-01
TXN0000051030,ACC0028647,112437.74,SUCCESS,2026-01-07 04:17:39,1,1,1,2026-01
TXN0000051033,ACC0004947,95459.24,SUCCESS,2026-06-22 17:08:34,1,1,1,2026-06
TXN0000051038,ACC0004672,144897.71,SUCCESS,2026-07-26 21:18:28,1,1,1,2026-07
TXN0000051040,ACC0007114,26859.68,SUCCESS,2026-02-28 21:54:35,1,1,1,2026-02
TXN0000051043,ACC0010737,48748.2,SUCCESS,2026-02-24 05:39:55,1,1,1,2026-02
TXN0000051051,ACC0015350,54562.51,SUCCESS,2026-08-08 21:48:57,1,1,1,2026-08
TXN0000051060,ACC0016661,48366.87,SUCCESS,2026-03-19 11:47:44,1,1,1,2026-03
TXN0000051068,ACC0021908,132604.82,SUCCESS,2026-02-09 05:14:00,1,1,1,2026-02
TXN0000051077,ACC0006727,109272.67,SUCCESS,2026-07-17 23:38:49,1,1,1,2026-07
TXN0000051079,ACC0024791,141804.69,SUCCESS,2026-07-17 10:48:34,1,1,1,2026-07
TXN0000051091,ACC0008688,62277.14,SUCCESS,2026-01-31 01:29:04,1,1,1,2026-01
TXN0000051093,ACC0028340,132113.3,SUCCESS,2026-03-21 08:07:24,1,1,1,2026-03
TXN0000051099,ACC0012778,73296.84,SUCCESS,2026-02-27 08:09:41,1,1,1,2026-02
TXN0000051105,ACC0019205,66746.44,SUCCESS,2026-05-16 21:22:44,1,1,1,2026-05
TXN0000051112,ACC0028995,86811.86,SUCCESS,2026-01-31 14:46:31,1,1,1,2026-01
TXN0000051121,ACC0002650,64208.8,SUCCESS,2026-06-17 19:20:20,1,1,1,2026-06
TXN0000051125,ACC0029471,19532.35,SUCCESS,2026-06-03 10:44:26,1,1,1,2026-06
TXN0000051128,ACC0028917,115442.57,SUCCESS,2026-01-10 19:37:44,1,1,1,2026-01
TXN0000051129,ACC0000387,109982.03,SUCCESS,2026-06-19 12:20:46,1,1,1,2026-06
TXN0000051131,ACC0014208,54420.08,SUCCESS,2026-03-10 23:21:51,1,1,1,2026-03
TXN0000051132,ACC0007785,105259.43,SUCCESS,2026-03-24 04:12:36,1,1,1,2026-03
TXN0000051136,ACC0012201,82748.63,SUCCESS,2026-08-08 20:06:20,1,1,1,2026-08
TXN0000051145,ACC0000778,88299.48,SUCCESS,2026-06-14 13:24:57,1,1,1,2026-06
TXN0000051149,ACC0007495,26075.39,SUCCESS,2026-07-23 03:59:49,1,1,1,2026-07
TXN0000051152,ACC0013523,79544.88,SUCCESS,2026-03-09 05:31:23,1,1,1,2026-03
TXN0000051153,ACC0014738,129286.41,SUCCESS,2026-04-02 01:38:36,1,1,1,2026-04
TXN0000051171,ACC0002404,392.0,SUCCESS,2026-04-11 06:23:32,1,1,1,2026-04
TXN0000051175,ACC0004276,149904.59,SUCCESS,2026-05-24 06:30:59,1,1,1,2026-05
TXN0000051176,ACC0011883,59312.15,SUCCESS,2026-03-02 05:11:57,1,1,1,2026-03
TXN0000051184,ACC0004143,131888.54,SUCCESS,2026-06-10 19:12:09,1,1,1,2026-06
TXN0000051187,ACC0014294,140187.73,SUCCESS,2026-01-19 21:56:43,1,1,1,2026-01
TXN0000051192,ACC0005332,86988.29,SUCCESS,2026-05-17 04:33:13,1,1,1,2026-05
TXN0000051195,ACC0026813,70494.53,SUCCESS,2026-05-24 15:06:31,1,1,1,2026-05
TXN0000051209,ACC0014428,30314.67,SUCCESS,2026-06-22 06:38:59,1,1,1,2026-06
TXN0000051213,ACC0001184,58412.96,SUCCESS,2026-06-27 02:08:20,1,1,1,2026-06
TXN0000051221,ACC0028730,130710.33,SUCCESS,2026-06-13 21:22:52,1,1,1,2026-06
TXN0000051224,ACC0007548,139413.52,SUCCESS,2026-01-17 14:38:30,1,1,1,2026-01
TXN0000051231,ACC0012220,84369.04,SUCCESS,2026-04-12 21:46:24,1,1,1,2026-04
TXN0000051233,ACC0016420,64508.95,SUCCESS,2026-07-11 20:03:23,1,1,1,2026-07
TXN0000051239,ACC0018197,132162.34,SUCCESS,2026-07-02 08:48:42,1,1,1,2026-07
TXN0000051241,ACC0011909,100207.69,SUCCESS,2026-02-08 12:13:44,1,1,1,2026-02
TXN0000051246,ACC0000219,69078.02,SUCCESS,2026-04-01 16:41:15,1,1,1,2026-04
TXN0000051247,ACC0014794,63274.67,SUCCESS,2026-05-04 23:29:59,1,1,1,2026-05
TXN0000051250,ACC0016272,118769.58,SUCCESS,2026-07-15 23:23:02,1,1,1,2026-07
TXN0000051251,ACC0013635,63465.45,SUCCESS,2026-01-19 12:06:30,1,1,1,2026-01
TXN0000051255,ACC0018728,98502.31,SUCCESS,2026-03-02 16:24:20,1,1,1,2026-03
TXN0000051261,ACC0004189,71131.1,SUCCESS,2026-07-26 18:07:36,1,1,1,2026-07
TXN0000051278,ACC0012270,41473.07,SUCCESS,2026-05-29 21:06:01,1,1,1,2026-05
TXN0000051280,ACC0007079,21234.93,SUCCESS,2026-05-26 18:48:23,1,1,1,2026-05
TXN0000051283,ACC0024982,4257.92,SUCCESS,2026-06-01 16:35:59,1,1,1,2026-06
TXN0000051285,ACC0009091,145342.86,SUCCESS,2026-02-12 00:38:30,1,1,1,2026-02
TXN0000051287,ACC0004162,10618.66,SUCCESS,2026-04-20 05:53:04,1,1,1,2026-04
TXN0000051293,ACC0000616,72995.75,SUCCESS,2026-04-02 20:15:59,1,1,1,2026-04
TXN0000051298,ACC0014674,271.36,SUCCESS,2026-02-15 03:39:01,1,1,1,2026-02
TXN0000051303,ACC0013481,125765.28,SUCCESS,2026-06-09 20:28:30,1,1,1,2026-06
TXN0000051305,ACC0014602,121864.96,SUCCESS,2026-02-15 14:10:20,1,1,1,2026-02
TXN0000051307,ACC0011385,6645.97,SUCCESS,2026-07-07 03:29:21,1,1,1,2026-07
TXN0000051310,ACC0012458,117589.27,SUCCESS,2026-01-22 16:29:27,1,1,1,2026-01
TXN0000051314,ACC0014598,31061.75,SUCCESS,2026-07-29 15:51:52,1,1,1,2026-07
TXN0000051324,ACC0017699,119516.08,SUCCESS,2026-05-22 07:09:38,1,1,1,2026-05
TXN0000051325,ACC0020819,6385.93,SUCCESS,2026-08-06 00:42:19,1,1,1,2026-08
TXN0000051332,ACC0018419,53447.09,SUCCESS,2026-02-03 08:26:31,1,1,1,2026-02
TXN0000051344,ACC0015863,42695.98,SUCCESS,2026-04-11 21:49:34,1,1,1,2026-04
TXN0000051350,ACC0028355,47170.43,SUCCESS,2026-02-18 21:13:52,1,1,1,2026-02
TXN0000051364,ACC0000132,135683.49,SUCCESS,2026-02-13 20:27:44,1,1,1,2026-02
TXN0000051369,ACC0029006,96152.35,SUCCESS,2026-06-09 05:24:13,1,1,1,2026-06
TXN0000051371,ACC0016505,119188.57,SUCCESS,2026-02-07 04:01:08,1,1,1,2026-02
TXN0000051374,ACC0009045,98046.31,SUCCESS,2026-06-16 17:18:53,1,1,1,2026-06
TXN0000051384,ACC0019732,9344.41,SUCCESS,2026-05-29 04:35:54,1,1,1,2026-05
TXN0000051391,ACC0004209,83926.37,SUCCESS,2026-03-30 14:28:19,1,1,1,2026-03
TXN0000051397,ACC0013746,46984.0,SUCCESS,2026-04-15 07:35:39,1,1,1,2026-04
TXN0000051398,ACC0001226,45274.89,SUCCESS,2026-04-25 01:24:53,1,1,1,2026-04
TXN0000051399,ACC0018410,99259.11,SUCCESS,2026-03-16 07:04:27,1,1,1,2026-03
TXN0000051405,ACC0018028,41091.21,SUCCESS,2026-04-28 01:58:43,1,1,1,2026-04
TXN0000051407,ACC0015043,131974.55,SUCCESS,2026-01-20 16:59:18,1,1,1,2026-01
TXN0000051410,ACC0019586,36399.1,SUCCESS,2026-01-22 04:09:45,1,1,1,2026-01
TXN0000051411,ACC0008408,19038.4,SUCCESS,2026-02-04 18:16:48,1,1,1,2026-02
TXN0000051412,ACC0016029,25202.18,SUCCESS,2026-03-30 02:43:47,1,1,1,2026-03
TXN0000051413,ACC0021472,16864.17,SUCCESS,2026-02-09 13:28:28,1,1,1,2026-02
TXN0000051415,ACC0008541,120945.73,SUCCESS,2026-04-14 02:25:32,1,1,1,2026-04
TXN0000051417,ACC0028659,79954.17,SUCCESS,2026-07-28 14:16:23,1,1,1,2026-07
TXN0000051421,ACC0018010,157.9,SUCCESS,2026-06-09 08:01:55,1,1,1,2026-06
TXN0000051422,ACC0020545,49732.58,SUCCESS,2026-07-20 15:46:39,1,1,1,2026-07
TXN0000051427,ACC0023318,92264.55,SUCCESS,2026-03-10 21:00:05,1,1,1,2026-03
TXN0000051430,ACC0016864,26918.22,SUCCESS,2026-05-29 20:58:19,1,1,1,2026-05
TXN0000051446,ACC0027709,72042.08,SUCCESS,2026-01-19 00:54:53,1,1,1,2026-01
TXN0000051447,ACC0027498,137283.45,SUCCESS,2026-02-12 15:10:13,1,1,1,2026-02
TXN0000051452,ACC0002643,49360.91,SUCCESS,2026-03-14 22:27:39,1,1,1,2026-03
TXN0000051453,ACC0022988,22689.74,SUCCESS,2026-07-05 01:30:18,1,2,1,2026-07
TXN0000051460,ACC0006371,67387.66,SUCCESS,2026-04-26 11:36:50,1,1,1,2026-04
TXN0000051463,ACC0024342,83880.75,SUCCESS,2026-02-17 04:21:56,1,1,1,2026-02
TXN0000051465,ACC0014099,88075.75,SUCCESS,2026-03-09 09:37:43,1,1,1,2026-03
TXN0000051469,ACC0009075,65470.17,SUCCESS,2026-02-18 11:03:57,1,1,1,2026-02
TXN0000051473,ACC0006993,22312.78,SUCCESS,2026-05-24 17:04:24,1,1,1,2026-05
TXN0000051474,ACC0018442,70379.89,SUCCESS,2026-07-15 04:33:47,1,1,1,2026-07
TXN0000051478,ACC0007960,86889.31,SUCCESS,2026-01-22 05:42:58,1,1,1,2026-01
TXN0000051480,ACC0009338,76649.47,SUCCESS,2026-02-26 07:29:41,1,1,1,2026-02
TXN0000051482,ACC0016246,83551.93,SUCCESS,2026-01-21 09:04:04,1,1,1,2026-01
TXN0000051484,ACC0008013,125591.09,SUCCESS,2026-07-12 21:10:13,1,1,1,2026-07
TXN0000051506,ACC0023997,138799.25,SUCCESS,2026-03-08 20:19:53,1,1,1,2026-03
TXN0000051513,ACC0011546,23189.97,SUCCESS,2026-01-29 02:12:05,1,1,1,2026-01
TXN0000051516,ACC0027513,35843.37,SUCCESS,2026-01-19 12:12:00,1,1,1,2026-01
TXN0000051529,ACC0013776,8701.18,SUCCESS,2026-07-26 16:28:36,1,1,1,2026-07
TXN0000051559,ACC0023176,62464.29,SUCCESS,2026-07-27 12:31:33,1,1,1,2026-07
TXN0000051560,ACC0026903,94936.23,SUCCESS,2026-07-23 18:40:56,1,1,1,2026-07
TXN0000051563,ACC0002779,81313.99,SUCCESS,2026-04-09 16:47:26,1,1,1,2026-04
TXN0000051565,ACC0027369,111386.13,SUCCESS,2026-01-20 23:58:49,1,1,1,2026-01
TXN0000051567,ACC0017812,130443.4,SUCCESS,2026-07-21 11:33:06,1,1,1,2026-07
TXN0000051568,ACC0021230,140535.46,SUCCESS,2026-07-18 06:47:33,1,1,1,2026-07
TXN0000051576,ACC0016196,80080.23,SUCCESS,2026-04-13 20:28:42,1,1,1,2026-04
TXN0000051577,ACC0015288,131808.64,SUCCESS,2026-03-15 05:32:23,1,1,1,2026-03
TXN0000051584,ACC0005523,114461.72,SUCCESS,2026-07-11 21:28:55,1,1,1,2026-07
TXN0000051585,ACC0004322,94150.2,SUCCESS,2026-01-01 01:02:22,1,1,1,2026-01
TXN0000051589,ACC0014550,118644.63,SUCCESS,2026-06-19 23:31:27,1,1,1,2026-06
TXN0000051595,ACC0005338,134505.47,SUCCESS,2026-01-13 11:53:38,1,1,1,2026-01
TXN0000051596,ACC0011007,64029.44,SUCCESS,2026-05-31 09:39:07,1,1,1,2026-05
TXN0000051598,ACC0021576,99624.7,SUCCESS,2026-01-08 05:17:22,1,1,1,2026-01
TXN0000051607,ACC0010568,141585.24,SUCCESS,2026-06-06 20:10:22,1,1,1,2026-06
TXN0000051633,ACC0006017,148353.1,SUCCESS,2026-06-15 05:01:34,1,1,1,2026-06
TXN0000051634,ACC0027202,81132.84,SUCCESS,2026-01-15 23:54:25,1,1,1,2026-01
TXN0000051635,ACC0016168,74650.62,SUCCESS,2026-03-21 13:44:29,1,1,1,2026-03
TXN0000051639,ACC0012534,3461.74,SUCCESS,2026-03-17 15:32:23,1,1,1,2026-03
TXN0000051641,ACC0014674,58015.54,SUCCESS,2026-02-05 01:14:44,1,1,1,2026-02
TXN0000051646,ACC0027997,116090.6,SUCCESS,2026-02-13 02:10:51,1,1,1,2026-02
TXN0000051647,ACC0019291,135137.93,SUCCESS,2026-05-15 15:37:38,1,1,1,2026-05
TXN0000051648,ACC0011034,135586.8,SUCCESS,2026-03-30 14:47:47,1,1,1,2026-03
TXN0000051652,ACC0020882,78475.17,SUCCESS,2026-03-14 04:04:23,1,1,1,2026-03
TXN0000051660,ACC0021581,27147.8,SUCCESS,2026-07-10 10:05:01,1,1,1,2026-07
TXN0000051670,ACC0009834,126374.1,SUCCESS,2026-02-23 11:42:56,1,1,1,2026-02
TXN0000051675,ACC0002210,117911.32,SUCCESS,2026-03-17 04:57:20,1,1,1,2026-03
TXN0000051686,ACC0007147,104804.89,SUCCESS,2026-04-20 14:46:09,1,1,1,2026-04
TXN0000051690,ACC0012872,25012.17,SUCCESS,2026-05-28 14:04:33,1,1,1,2026-05
TXN0000051696,ACC0017262,1129.29,SUCCESS,2026-07-05 06:23:02,1,1,1,2026-07
TXN0000051697,ACC0017317,15486.46,SUCCESS,2026-08-07 18:23:04,1,1,1,2026-08
TXN0000051708,ACC0023243,127649.57,SUCCESS,2026-05-10 22:09:49,1,1,1,2026-05
TXN0000051715,ACC0020158,27557.44,SUCCESS,2026-03-16 21:26:20,1,1,1,2026-03
TXN0000051733,ACC0016882,79307.39,SUCCESS,2026-03-09 17:51:32,1,1,1,2026-03
TXN0000051736,ACC0007772,91335.9,SUCCESS,2026-06-24 00:36:19,1,1,1,2026-06
TXN0000051738,ACC0010207,14330.46,SUCCESS,2026-06-05 04:27:05,1,1,1,2026-06
TXN0000051739,ACC0009124,111519.16,SUCCESS,2026-06-12 22:27:38,1,1,1,2026-06
TXN0000051751,ACC0006378,92652.34,SUCCESS,2026-04-03 06:12:07,1,1,1,2026-04
TXN0000051752,ACC0021601,20674.65,SUCCESS,2026-02-09 22:39:10,1,1,1,2026-02
TXN0000051759,ACC0018758,9909.23,SUCCESS,2026-01-09 18:10:40,1,1,1,2026-01
TXN0000051762,ACC0007372,24146.24,SUCCESS,2026-01-15 18:27:53,1,1,1,2026-01
TXN0000051768,ACC0009587,47037.82,SUCCESS,2026-05-31 08:21:35,1,1,1,2026-05
TXN0000051770,ACC0011032,64944.14,SUCCESS,2026-04-14 19:22:57,1,1,1,2026-04
TXN0000051776,ACC0001542,91071.29,SUCCESS,2026-07-02 08:19:31,1,2,1,2026-07
TXN0000051777,ACC0020252,83877.41,SUCCESS,2026-01-24 14:32:26,1,1,1,2026-01
TXN0000051779,ACC0013352,31965.11,SUCCESS,2026-04-25 03:54:40,1,1,1,2026-04
TXN0000051783,ACC0020728,108935.97,SUCCESS,2026-01-28 15:35:04,1,1,1,2026-01
TXN0000051792,ACC0015267,31542.2,SUCCESS,2026-01-27 21:10:28,1,1,1,2026-01
TXN0000051797,ACC0013019,147001.06,SUCCESS,2026-06-26 11:38:50,1,1,1,2026-06
TXN0000051798,ACC0022518,106076.32,SUCCESS,2026-02-02 09:30:39,1,1,1,2026-02
TXN0000051800,ACC0027690,58448.29,SUCCESS,2026-04-17 14:21:26,1,1,1,2026-04
TXN0000051805,ACC0011985,129393.76,SUCCESS,2026-04-08 05:55:55,1,1,1,2026-04
TXN0000051807,ACC0021972,122007.49,SUCCESS,2026-06-23 23:16:58,1,1,1,2026-06
TXN0000051810,ACC0008843,60177.89,SUCCESS,2026-06-02 06:44:30,1,1,1,2026-06
TXN0000051819,ACC0012888,10458.32,SUCCESS,2026-04-20 04:17:09,1,1,1,2026-04
TXN0000051823,ACC0017816,92524.77,SUCCESS,2026-05-11 05:15:59,1,1,1,2026-05
TXN0000051828,ACC0011763,39133.79,SUCCESS,2026-05-03 20:03:57,1,1,1,2026-05
TXN0000051831,ACC0013189,141000.89,SUCCESS,2026-03-13 19:09:26,1,1,1,2026-03
TXN0000051832,ACC0016133,42055.12,SUCCESS,2026-07-03 13:13:33,1,1,1,2026-07
TXN0000051841,ACC0001911,61847.51,SUCCESS,2026-05-04 21:14:05,1,1,1,2026-05
TXN0000051843,ACC0004508,98894.57,SUCCESS,2026-04-19 02:30:00,1,1,1,2026-04
TXN0000051844,ACC0028858,112587.32,SUCCESS,2026-05-06 08:40:55,1,1,1,2026-05
TXN0000051847,ACC0014596,135249.31,SUCCESS,2026-03-21 08:53:22,1,1,1,2026-03
TXN0000051850,ACC0009842,119083.04,SUCCESS,2026-06-09 18:18:49,1,1,1,2026-06
TXN0000051852,ACC0025165,79902.72,SUCCESS,2026-07-19 06:52:52,1,1,1,2026-07
TXN0000051866,ACC0025817,125357.86,SUCCESS,2026-05-08 13:01:23,1,1,1,2026-05
TXN0000051869,ACC0014248,138882.51,SUCCESS,2026-01-11 04:19:17,1,1,1,2026-01
TXN0000051870,ACC0019740,117017.28,SUCCESS,2026-04-09 23:12:16,1,1,1,2026-04
TXN0000051873,ACC0024470,143657.42,SUCCESS,2026-06-24 12:30:33,1,1,1,2026-06
TXN0000051874,ACC0005947,77123.7,SUCCESS,2026-06-30 04:02:59,1,1,1,2026-06
TXN0000051875,ACC0019193,3882.55,SUCCESS,2026-04-14 16:15:56,1,1,1,2026-04
TXN0000051877,ACC0022770,133360.0,SUCCESS,2026-01-06 02:06:06,1,1,1,2026-01
TXN0000051878,ACC0006448,77993.88,SUCCESS,2026-04-27 23:46:41,1,1,1,2026-04
TXN0000051882,ACC0000944,4292.79,SUCCESS,2026-03-31 12:06:17,1,1,1,2026-03
TXN0000051886,ACC0009877,141381.61,SUCCESS,2026-02-23 21:50:02,1,1,1,2026-02
TXN0000051887,ACC0018359,15829.12,SUCCESS,2026-01-14 20:31:18,1,1,1,2026-01
TXN0000051889,ACC0026430,77244.53,SUCCESS,2026-03-23 01:37:11,1,1,1,2026-03
TXN0000051892,ACC0028261,110211.07,SUCCESS,2026-07-22 13:34:15,1,1,1,2026-07
TXN0000051898,ACC0019104,121860.31,SUCCESS,2026-02-20 03:04:19,1,1,1,2026-02
TXN0000051899,ACC0020068,3746.41,SUCCESS,2026-01-18 09:14:37,1,1,1,2026-01
TXN0000051913,ACC0023211,118052.18,SUCCESS,2026-05-14 20:10:31,1,1,1,2026-05
TXN0000051916,ACC0006099,83721.68,SUCCESS,2026-02-13 18:09:05,1,1,1,2026-02
TXN0000051920,ACC0022017,126532.97,SUCCESS,2026-08-01 02:02:06,1,1,1,2026-08
TXN0000051924,ACC0007940,87772.28,SUCCESS,2026-05-16 14:36:19,1,1,1,2026-05
TXN0000051935,ACC0022994,44511.78,SUCCESS,2026-01-01 21:41:49,1,1,1,2026-01
TXN0000051939,ACC0002058,93871.63,SUCCESS,2026-03-26 04:00:12,1,1,1,2026-03
TXN0000051941,ACC0023762,110565.2,SUCCESS,2026-06-30 21:08:33,1,1,1,2026-06
TXN0000051949,ACC0019778,134908.42,SUCCESS,2026-03-14 09:00:18,1,2,1,2026-03
TXN0000051952,ACC0025139,33683.77,SUCCESS,2026-03-16 02:26:18,1,1,1,2026-03
TXN0000051954,ACC0006975,142673.22,SUCCESS,2026-01-03 10:00:06,1,1,1,2026-01
TXN0000051956,ACC0013845,54144.05,SUCCESS,2026-05-17 17:49:08,1,1,1,2026-05
TXN0000051958,ACC0000158,47676.38,SUCCESS,2026-08-04 19:13:04,1,2,1,2026-08
TXN0000051961,ACC0012929,68290.23,SUCCESS,2026-05-17 13:51:03,1,1,1,2026-05
TXN0000051962,ACC0024028,136444.91,SUCCESS,2026-02-07 04:01:44,1,1,1,2026-02
TXN0000051966,ACC0012949,64663.44,SUCCESS,2026-01-10 09:13:25,1,1,1,2026-01
TXN0000051981,ACC0006750,31775.39,SUCCESS,2026-06-21 05:32:11,1,1,1,2026-06
TXN0000051983,ACC0015625,3371.9,SUCCESS,2026-03-24 02:43:24,1,1,1,2026-03
TXN0000051992,ACC0013181,105523.95,SUCCESS,2026-04-28 16:42:42,1,1,1,2026-04
TXN0000051994,ACC0012470,7563.86,SUCCESS,2026-03-29 01:07:37,1,1,1,2026-03
TXN0000052002,ACC0000505,60113.72,SUCCESS,2026-07-31 15:29:21,1,1,1,2026-07
TXN0000052005,ACC0020442,7072.06,SUCCESS,2026-03-12 04:54:53,1,1,1,2026-03
TXN0000052008,ACC0010618,14993.49,SUCCESS,2026-04-21 19:51:00,1,1,1,2026-04
TXN0000052014,ACC0002283,23745.93,SUCCESS,2026-08-03 06:31:54,1,1,1,2026-08
TXN0000052022,ACC0014106,119255.5,SUCCESS,2026-03-20 09:45:10,1,1,1,2026-03
TXN0000052033,ACC0005158,65309.51,SUCCESS,2026-03-29 19:19:14,1,1,1,2026-03
TXN0000052046,ACC0018747,93040.65,SUCCESS,2026-03-01 15:09:04,1,1,1,2026-03
TXN0000052049,ACC0015197,102610.59,SUCCESS,2026-08-03 06:00:10,1,1,1,2026-08
TXN0000052051,ACC0014162,57518.57,SUCCESS,2026-04-08 14:32:51,1,1,1,2026-04
TXN0000052054,ACC0020659,37519.14,SUCCESS,2026-02-16 03:26:10,1,1,1,2026-02
TXN0000052062,ACC0027433,89183.87,SUCCESS,2026-07-17 01:30:47,1,1,1,2026-07
TXN0000052063,ACC0005436,116399.97,SUCCESS,2026-03-15 12:10:59,1,1,1,2026-03
TXN0000052075,ACC0004777,23501.76,SUCCESS,2026-03-05 05:50:00,1,1,1,2026-03
TXN0000052088,ACC0022067,92074.83,SUCCESS,2026-02-13 06:49:55,1,1,1,2026-02
TXN0000052096,ACC0015004,130011.78,SUCCESS,2026-03-12 05:37:42,1,1,1,2026-03
TXN0000052106,ACC0019072,94680.12,SUCCESS,2026-01-27 11:10:22,1,1,1,2026-01
TXN0000052107,ACC0023677,119425.32,SUCCESS,2026-01-08 14:55:09,1,1,1,2026-01
TXN0000052109,ACC0024540,124753.27,SUCCESS,2026-05-07 19:31:58,1,1,1,2026-05
TXN0000052114,ACC0017924,65953.95,SUCCESS,2026-03-19 05:07:16,1,1,1,2026-03
TXN0000052120,ACC0029600,125403.92,SUCCESS,2026-04-23 21:42:38,1,1,1,2026-04
TXN0000052122,ACC0002500,80462.3,SUCCESS,2026-05-07 03:32:06,1,1,1,2026-05
TXN0000052123,ACC0024985,90310.69,SUCCESS,2026-01-11 21:01:21,1,1,1,2026-01
TXN0000052130,ACC0010316,145239.94,SUCCESS,2026-02-21 16:57:50,1,1,1,2026-02
TXN0000052134,ACC0026424,3878.37,SUCCESS,2026-01-08 15:39:45,1,1,1,2026-01
TXN0000052135,ACC0011109,124601.71,SUCCESS,2026-07-27 07:21:27,1,1,1,2026-07
TXN0000052148,ACC0017348,58459.53,SUCCESS,2026-03-16 07:27:21,1,1,1,2026-03
TXN0000052149,ACC0017028,12000.57,SUCCESS,2026-01-06 03:03:21,1,1,1,2026-01
TXN0000052151,ACC0029450,142869.47,SUCCESS,2026-07-18 14:46:47,1,1,1,2026-07
TXN0000052153,ACC0021529,149128.32,SUCCESS,2026-05-21 00:13:28,1,1,1,2026-05
TXN0000052163,ACC0001490,11596.96,SUCCESS,2026-02-25 22:49:40,1,1,1,2026-02
TXN0000052169,ACC0020491,79706.2,SUCCESS,2026-06-16 14:17:21,1,1,1,2026-06
TXN0000052172,ACC0028923,61619.42,SUCCESS,2026-02-16 03:21:25,1,1,1,2026-02
TXN0000052174,ACC0022090,21217.19,SUCCESS,2026-04-07 00:13:15,1,1,1,2026-04
TXN0000052184,ACC0002090,115109.99,SUCCESS,2026-03-12 08:38:44,1,1,1,2026-03
TXN0000052186,ACC0006271,55614.14,SUCCESS,2026-01-15 05:20:00,1,1,1,2026-01
TXN0000052187,ACC0005655,59736.5,SUCCESS,2026-04-08 11:23:18,1,1,1,2026-04
TXN0000052189,ACC0021342,54499.28,SUCCESS,2026-03-01 05:59:40,1,1,1,2026-03
TXN0000052193,ACC0016101,13189.06,SUCCESS,2026-02-22 15:55:12,1,1,1,2026-02
TXN0000052201,ACC0000102,63590.84,SUCCESS,2026-06-23 15:45:01,1,1,1,2026-06
TXN0000052202,ACC0002408,142468.84,SUCCESS,2026-05-25 10:59:51,1,1,1,2026-05
TXN0000052203,ACC0028221,92793.94,SUCCESS,2026-07-12 02:31:31,1,1,1,2026-07
TXN0000052209,ACC0006781,45763.0,SUCCESS,2026-07-25 04:10:32,1,1,1,2026-07
TXN0000052210,ACC0028689,116923.65,SUCCESS,2026-02-05 08:26:32,1,1,1,2026-02
TXN0000052211,ACC0000781,42314.65,SUCCESS,2026-04-08 23:45:22,1,1,1,2026-04
TXN0000052219,ACC0023517,147852.86,SUCCESS,2026-01-07 11:43:44,1,1,1,2026-01
TXN0000052224,ACC0013337,141147.23,SUCCESS,2026-04-11 01:31:56,1,1,1,2026-04
TXN0000052233,ACC0001800,21537.85,SUCCESS,2026-03-02 19:27:54,1,1,1,2026-03
TXN0000052244,ACC0012422,66725.19,SUCCESS,2026-01-25 01:08:31,1,2,1,2026-01
TXN0000052249,ACC0023942,69575.26,SUCCESS,2026-04-26 18:52:14,1,1,1,2026-04
TXN0000052254,ACC0022601,106284.61,SUCCESS,2026-01-01 22:38:43,1,1,1,2026-01
TXN0000052257,ACC0025175,103240.22,SUCCESS,2026-05-13 03:38:18,1,1,1,2026-05
TXN0000052259,ACC0000163,57377.53,SUCCESS,2026-06-25 18:46:02,1,1,1,2026-06
TXN0000052265,ACC0000972,59120.28,SUCCESS,2026-02-13 20:25:49,1,1,1,2026-02
TXN0000052266,ACC0022795,102953.17,SUCCESS,2026-05-12 02:31:41,1,1,1,2026-05
TXN0000052267,ACC0004394,52263.56,SUCCESS,2026-01-07 03:33:14,1,1,1,2026-01
TXN0000052285,ACC0003556,146212.54,SUCCESS,2026-07-22 09:59:05,1,1,1,2026-07
TXN0000052296,ACC0002838,108402.21,SUCCESS,2026-02-11 04:18:56,1,1,1,2026-02
TXN0000052298,ACC0001575,148239.91,SUCCESS,2026-07-29 02:19:46,1,1,1,2026-07
TXN0000052299,ACC0003723,2394.03,SUCCESS,2026-06-13 04:03:31,1,1,1,2026-06
TXN0000052300,ACC0022031,123727.26,SUCCESS,2026-02-07 16:15:34,1,1,1,2026-02
TXN0000052308,ACC0026441,54230.22,SUCCESS,2026-03-19 16:35:57,1,1,1,2026-03
TXN0000052313,ACC0028463,2521.8,SUCCESS,2026-07-18 13:51:11,1,1,1,2026-07
TXN0000052327,ACC0018998,32135.77,SUCCESS,2026-07-24 10:33:13,1,1,1,2026-07
TXN0000052328,ACC0019303,113699.1,SUCCESS,2026-01-12 17:23:18,1,1,1,2026-01
TXN0000052329,ACC0004714,56497.78,SUCCESS,2026-05-01 03:36:12,1,1,1,2026-05
TXN0000052330,ACC0000849,63036.91,SUCCESS,2026-02-22 19:20:56,1,1,1,2026-02
TXN0000052334,ACC0027352,143799.49,SUCCESS,2026-06-09 04:26:10,1,1,1,2026-06
TXN0000052337,ACC0002453,103054.41,SUCCESS,2026-01-12 14:00:23,1,1,1,2026-01
TXN0000052340,ACC0002638,16973.78,SUCCESS,2026-01-04 18:39:08,1,1,1,2026-01
TXN0000052347,ACC0018748,58657.81,SUCCESS,2026-02-23 12:49:52,1,1,1,2026-02
TXN0000052355,ACC0013181,121770.94,SUCCESS,2026-03-02 14:30:31,1,1,1,2026-03
TXN0000052359,ACC0008783,149223.86,SUCCESS,2026-03-05 13:43:52,1,1,1,2026-03
TXN0000052367,ACC0023389,11306.73,SUCCESS,2026-01-08 00:07:50,1,1,1,2026-01
TXN0000052375,ACC0000204,89324.93,SUCCESS,2026-03-09 19:20:39,1,1,1,2026-03
TXN0000052378,ACC0022056,49027.76,SUCCESS,2026-04-14 01:28:38,1,1,1,2026-04
TXN0000052383,ACC0009252,82816.98,SUCCESS,2026-04-29 17:29:11,1,1,1,2026-04
TXN0000052385,ACC0013876,123009.54,SUCCESS,2026-07-25 09:27:55,1,1,1,2026-07
TXN0000052386,ACC0025562,87852.2,SUCCESS,2026-04-22 03:32:49,1,1,1,2026-04
TXN0000052394,ACC0005824,55398.75,SUCCESS,2026-04-11 01:23:47,1,1,1,2026-04
TXN0000052407,ACC0027465,141941.8,SUCCESS,2026-05-15 03:24:32,1,1,1,2026-05
TXN0000052408,ACC0011910,138578.67,SUCCESS,2026-03-02 16:52:55,1,1,1,2026-03
TXN0000052409,ACC0002520,130383.98,SUCCESS,2026-01-09 03:34:56,1,1,1,2026-01
TXN0000052416,ACC0013181,128238.9,SUCCESS,2026-07-29 16:30:02,1,1,1,2026-07
TXN0000052417,ACC0003758,80832.58,SUCCESS,2026-03-22 22:06:51,1,1,1,2026-03
TXN0000052428,ACC0009430,107986.66,SUCCESS,2026-02-22 10:06:58,1,1,1,2026-02
TXN0000052430,ACC0006915,112006.68,SUCCESS,2026-05-10 14:47:46,1,1,1,2026-05
TXN0000052441,ACC0015410,84445.49,SUCCESS,2026-01-29 15:45:23,1,1,1,2026-01
TXN0000052448,ACC0006042,90307.95,SUCCESS,2026-05-07 12:37:31,1,1,1,2026-05
TXN0000052457,ACC0001518,88837.93,SUCCESS,2026-01-23 04:59:01,1,1,1,2026-01
TXN0000052458,ACC0010241,134525.99,SUCCESS,2026-03-13 13:26:28,1,1,1,2026-03
TXN0000052459,ACC0027647,62935.46,SUCCESS,2026-05-01 01:31:32,1,1,1,2026-05
TXN0000052460,ACC0013679,29840.65,SUCCESS,2026-04-12 17:20:19,1,1,1,2026-04
TXN0000052461,ACC0006241,97959.51,SUCCESS,2026-05-16 03:32:48,1,1,1,2026-05
TXN0000052468,ACC0000303,91175.25,SUCCESS,2026-08-04 01:33:21,1,1,1,2026-08
TXN0000052469,ACC0014003,110209.1,SUCCESS,2026-04-30 22:45:45,1,1,1,2026-04
TXN0000052486,ACC0002604,132549.86,SUCCESS,2026-01-19 08:04:47,1,1,1,2026-01
TXN0000052489,ACC0017429,59758.05,SUCCESS,2026-01-30 07:58:34,1,1,1,2026-01
TXN0000052493,ACC0029301,2687.52,SUCCESS,2026-04-21 15:31:38,1,1,1,2026-04
TXN0000052501,ACC0009316,134033.95,SUCCESS,2026-01-17 21:49:02,1,1,1,2026-01
TXN0000052505,ACC0017713,3928.62,SUCCESS,2026-03-29 21:41:57,1,1,1,2026-03
TXN0000052514,ACC0004431,11309.58,SUCCESS,2026-06-29 09:30:37,1,1,1,2026-06
TXN0000052517,ACC0027196,7979.83,SUCCESS,2026-01-14 01:57:45,1,1,1,2026-01
TXN0000052521,ACC0004523,63549.56,SUCCESS,2026-03-29 01:48:04,1,1,1,2026-03
TXN0000052528,ACC0023883,32069.32,SUCCESS,2026-06-25 14:42:40,1,1,1,2026-06
TXN0000052553,ACC0003092,33899.23,SUCCESS,2026-07-27 20:09:18,1,1,1,2026-07
TXN0000052562,ACC0015066,67770.01,SUCCESS,2026-04-01 10:05:33,1,1,1,2026-04
TXN0000052567,ACC0023510,122892.72,SUCCESS,2026-02-20 10:11:39,1,1,1,2026-02
TXN0000052575,ACC0017409,66454.7,SUCCESS,2026-05-01 15:17:49,1,1,1,2026-05
TXN0000052577,ACC0026308,124024.62,SUCCESS,2026-04-22 09:47:30,1,1,1,2026-04
TXN0000052584,ACC0020105,18555.3,SUCCESS,2026-06-21 07:57:31,1,1,1,2026-06
TXN0000052589,ACC0006404,112938.0,SUCCESS,2026-04-08 07:56:55,1,1,1,2026-04
TXN0000052601,ACC0021071,57051.69,SUCCESS,2026-05-08 02:31:22,1,1,1,2026-05
TXN0000052604,ACC0019308,113120.72,SUCCESS,2026-07-23 01:07:51,1,1,1,2026-07
TXN0000052607,ACC0011565,28169.64,SUCCESS,2026-06-20 03:33:49,1,1,1,2026-06
TXN0000052608,ACC0025783,147701.81,SUCCESS,2026-01-04 12:27:04,1,1,1,2026-01
TXN0000052612,ACC0015680,124312.53,SUCCESS,2026-06-08 15:03:46,1,1,1,2026-06
TXN0000052620,ACC0008051,95923.89,SUCCESS,2026-03-12 17:59:30,1,1,1,2026-03
TXN0000052623,ACC0013331,58748.63,SUCCESS,2026-07-24 14:38:32,1,1,1,2026-07
TXN0000052625,ACC0003974,138735.52,SUCCESS,2026-06-07 05:03:42,1,1,1,2026-06
TXN0000052645,ACC0002503,124738.98,SUCCESS,2026-02-03 11:51:30,1,1,1,2026-02
TXN0000052648,ACC0025135,48283.94,SUCCESS,2026-07-02 00:31:35,1,1,1,2026-07
TXN0000052649,ACC0006704,58538.31,SUCCESS,2026-08-03 06:52:30,1,1,1,2026-08
TXN0000052650,ACC0013747,34090.99,SUCCESS,2026-01-02 16:32:52,1,1,1,2026-01
TXN0000052654,ACC0028004,144424.35,SUCCESS,2026-03-27 19:36:17,1,1,1,2026-03
TXN0000052657,ACC0023879,69260.98,SUCCESS,2026-05-02 13:33:42,1,1,1,2026-05
TXN0000052658,ACC0013768,96923.28,SUCCESS,2026-07-07 20:17:44,1,1,1,2026-07
TXN0000052660,ACC0009359,29860.77,SUCCESS,2026-05-19 21:54:09,1,1,1,2026-05
TXN0000052663,ACC0029055,15776.91,SUCCESS,2026-07-31 18:51:23,1,1,1,2026-07
TXN0000052688,ACC0027146,81099.94,SUCCESS,2026-06-15 09:42:48,1,1,1,2026-06
TXN0000052694,ACC0023925,32508.09,SUCCESS,2026-01-23 08:41:10,1,1,1,2026-01
TXN0000052699,ACC0016873,61042.85,SUCCESS,2026-04-28 00:38:14,1,1,1,2026-04
TXN0000052700,ACC0016521,84957.95,SUCCESS,2026-03-29 23:18:36,1,1,1,2026-03
TXN0000052703,ACC0028029,87632.0,SUCCESS,2026-02-18 15:20:53,1,1,1,2026-02
TXN0000052707,ACC0005399,116904.96,SUCCESS,2026-03-08 01:05:07,1,1,1,2026-03
TXN0000052712,ACC0004776,107003.93,SUCCESS,2026-06-04 11:23:09,1,1,1,2026-06
TXN0000052726,ACC0005484,67191.54,SUCCESS,2026-03-21 20:26:13,1,1,1,2026-03
TXN0000052732,ACC0027880,45612.71,SUCCESS,2026-01-02 05:43:59,1,1,1,2026-01
TXN0000052739,ACC0021631,20571.29,SUCCESS,2026-01-13 18:35:53,1,1,1,2026-01
TXN0000052741,ACC0009567,86695.87,SUCCESS,2026-05-05 20:59:35,1,1,1,2026-05
TXN0000052742,ACC0015018,58605.74,SUCCESS,2026-04-08 14:19:54,1,1,1,2026-04
TXN0000052746,ACC0023257,41604.5,SUCCESS,2026-05-13 06:03:31,1,1,1,2026-05
TXN0000052760,ACC0010992,26071.02,SUCCESS,2026-02-11 23:41:13,1,1,1,2026-02
TXN0000052766,ACC0000742,32047.27,SUCCESS,2026-08-05 07:18:17,1,1,1,2026-08
TXN0000052775,ACC0018511,91644.62,SUCCESS,2026-04-11 03:47:20,1,1,1,2026-04
TXN0000052779,ACC0021816,44266.94,SUCCESS,2026-06-07 12:13:52,1,1,1,2026-06
TXN0000052783,ACC0003172,89377.44,SUCCESS,2026-05-21 22:19:59,1,1,1,2026-05
TXN0000052784,ACC0007040,137421.11,SUCCESS,2026-07-26 16:26:14,1,1,1,2026-07
TXN0000052785,ACC0018440,74938.41,SUCCESS,2026-04-01 13:25:42,1,1,1,2026-04
TXN0000052786,ACC0024798,92213.19,SUCCESS,2026-06-05 01:27:32,1,1,1,2026-06
TXN0000052789,ACC0014002,86247.81,SUCCESS,2026-06-13 20:07:38,1,1,1,2026-06
TXN0000052791,ACC0026739,41522.09,SUCCESS,2026-07-10 04:22:30,1,1,1,2026-07
TXN0000052795,ACC0003064,55836.1,SUCCESS,2026-05-14 03:56:27,1,1,1,2026-05
TXN0000052797,ACC0028021,11687.1,SUCCESS,2026-05-11 15:56:27,1,1,1,2026-05
TXN0000052798,ACC0000944,31295.93,SUCCESS,2026-05-12 11:07:59,1,1,1,2026-05
TXN0000052799,ACC0003758,56437.66,SUCCESS,2026-07-12 11:01:46,1,1,1,2026-07
TXN0000052801,ACC0008374,129773.33,SUCCESS,2026-07-18 21:49:12,1,1,1,2026-07
TXN0000052802,ACC0020067,42700.28,SUCCESS,2026-04-14 18:02:41,1,1,1,2026-04
TXN0000052803,ACC0028466,3571.54,SUCCESS,2026-01-07 23:31:47,1,1,1,2026-01
TXN0000052804,ACC0012951,4468.01,SUCCESS,2026-03-15 10:58:01,1,1,1,2026-03
TXN0000052805,ACC0015625,39395.46,SUCCESS,2026-07-19 16:08:34,1,1,1,2026-07
TXN0000052811,ACC0001370,89006.86,SUCCESS,2026-01-06 13:04:31,1,1,1,2026-01
TXN0000052813,ACC0010166,91196.07,SUCCESS,2026-05-05 09:08:03,1,1,1,2026-05
TXN0000052814,ACC0021134,2904.78,SUCCESS,2026-03-16 11:46:26,1,1,1,2026-03
TXN0000052821,ACC0016187,75082.84,SUCCESS,2026-02-19 14:06:39,1,1,1,2026-02
TXN0000052823,ACC0008609,29753.15,SUCCESS,2026-06-22 03:55:52,1,1,1,2026-06
TXN0000052837,ACC0024516,4713.88,SUCCESS,2026-04-04 09:09:41,1,1,1,2026-04
TXN0000052842,ACC0009620,78716.23,SUCCESS,2026-03-19 23:15:06,1,1,1,2026-03
TXN0000052854,ACC0024498,115360.36,SUCCESS,2026-03-02 03:33:08,1,1,1,2026-03
TXN0000052864,ACC0017023,87140.38,SUCCESS,2026-04-01 15:31:48,1,1,1,2026-04
TXN0000052865,ACC0004733,61426.29,SUCCESS,2026-07-27 02:22:54,1,1,1,2026-07
TXN0000052867,ACC0003067,62188.65,SUCCESS,2026-07-17 05:16:08,1,1,1,2026-07
TXN0000052875,ACC0026228,142562.88,SUCCESS,2026-03-26 12:15:48,1,1,1,2026-03
TXN0000052878,ACC0014579,91153.8,SUCCESS,2026-01-19 03:09:40,1,2,1,2026-01
TXN0000052879,ACC0025921,119947.93,SUCCESS,2026-03-06 17:30:34,1,1,1,2026-03
TXN0000052882,ACC0029194,144443.58,SUCCESS,2026-01-28 22:14:57,1,1,1,2026-01
TXN0000052889,ACC0006898,77811.49,SUCCESS,2026-07-08 20:24:02,1,1,1,2026-07
TXN0000052894,ACC0006359,110909.25,SUCCESS,2026-01-12 10:33:43,1,1,1,2026-01
TXN0000052898,ACC0000305,29262.39,SUCCESS,2026-01-16 13:40:23,1,1,1,2026-01
TXN0000052905,ACC0001831,105957.69,SUCCESS,2026-05-16 10:41:49,1,1,1,2026-05
TXN0000052915,ACC0027438,131721.5,SUCCESS,2026-04-08 11:35:55,1,1,1,2026-04
TXN0000052920,ACC0026462,50970.44,SUCCESS,2026-04-11 00:09:11,1,2,1,2026-04
TXN0000052922,ACC0029967,116171.25,SUCCESS,2026-02-02 10:09:47,1,1,1,2026-02
TXN0000052930,ACC0004038,49792.05,SUCCESS,2026-01-28 13:08:54,1,1,1,2026-01
TXN0000052946,ACC0014827,120146.98,SUCCESS,2026-03-02 13:18:52,1,1,1,2026-03
TXN0000052954,ACC0008166,101783.5,SUCCESS,2026-01-18 07:04:28,1,1,1,2026-01
TXN0000052955,ACC0004413,78390.63,SUCCESS,2026-07-17 14:20:55,1,1,1,2026-07
TXN0000052961,ACC0029475,97011.06,SUCCESS,2026-08-08 02:16:52,1,1,1,2026-08
TXN0000052974,ACC0014065,30885.8,SUCCESS,2026-04-29 16:12:40,1,1,1,2026-04
TXN0000052976,ACC0014937,15467.64,SUCCESS,2026-02-09 23:26:10,1,1,1,2026-02
TXN0000052987,ACC0027482,55667.96,SUCCESS,2026-03-17 00:51:40,1,1,1,2026-03
TXN0000052997,ACC0001641,63378.1,SUCCESS,2026-02-19 18:00:53,1,1,1,2026-02
TXN0000053008,ACC0000159,112470.29,SUCCESS,2026-02-09 03:16:53,1,1,1,2026-02
TXN0000053009,ACC0017135,44835.72,SUCCESS,2026-07-16 12:35:09,1,1,1,2026-07
TXN0000053040,ACC0028245,22139.25,SUCCESS,2026-02-03 05:37:34,1,1,1,2026-02
TXN0000053041,ACC0028824,112672.58,SUCCESS,2026-05-11 15:21:27,1,1,1,2026-05
TXN0000053049,ACC0028632,63475.03,SUCCESS,2026-04-26 18:49:51,1,1,1,2026-04
TXN0000053058,ACC0017462,115840.12,SUCCESS,2026-03-15 07:48:12,1,1,1,2026-03
TXN0000053059,ACC0006102,84344.59,SUCCESS,2026-04-14 21:15:57,1,1,1,2026-04
TXN0000053061,ACC0006181,124138.72,SUCCESS,2026-03-12 02:58:24,1,1,1,2026-03
TXN0000053073,ACC0025230,107656.07,SUCCESS,2026-07-28 14:31:50,1,1,1,2026-07
TXN0000053077,ACC0011576,91591.21,SUCCESS,2026-05-23 02:52:30,1,1,1,2026-05
TXN0000053080,ACC0015259,7539.36,SUCCESS,2026-05-24 23:40:06,1,1,1,2026-05
TXN0000053088,ACC0010635,93927.37,SUCCESS,2026-01-27 23:20:28,1,1,1,2026-01
TXN0000053089,ACC0022201,118790.76,SUCCESS,2026-05-12 09:16:08,1,1,1,2026-05
TXN0000053091,ACC0015769,130907.44,SUCCESS,2026-07-05 12:08:41,1,1,1,2026-07
TXN0000053092,ACC0013106,140685.1,SUCCESS,2026-03-19 18:22:00,1,1,1,2026-03
TXN0000053094,ACC0008835,37315.62,SUCCESS,2026-04-22 19:44:36,1,1,1,2026-04
TXN0000053101,ACC0014623,25838.41,SUCCESS,2026-02-24 13:37:25,1,1,1,2026-02
TXN0000053115,ACC0021875,87048.73,SUCCESS,2026-05-29 17:43:12,1,1,1,2026-05
TXN0000053118,ACC0016704,102613.11,SUCCESS,2026-07-11 00:26:08,1,1,1,2026-07
TXN0000053119,ACC0014749,7032.45,SUCCESS,2026-01-08 12:24:49,1,1,1,2026-01
TXN0000053138,ACC0025207,99914.98,SUCCESS,2026-08-05 19:12:44,1,1,1,2026-08
TXN0000053142,ACC0027683,48372.79,SUCCESS,2026-05-31 21:19:37,1,1,1,2026-05
TXN0000053143,ACC0000074,112086.4,SUCCESS,2026-06-05 10:13:29,1,1,1,2026-06
TXN0000053148,ACC0008120,115123.08,SUCCESS,2026-06-08 09:07:11,1,1,1,2026-06
TXN0000053172,ACC0025751,29743.79,SUCCESS,2026-05-12 21:40:26,1,1,1,2026-05
TXN0000053176,ACC0014836,58780.92,SUCCESS,2026-05-19 19:09:11,1,1,1,2026-05
TXN0000053186,ACC0005064,46510.34,SUCCESS,2026-04-07 02:15:44,1,1,1,2026-04
TXN0000053196,ACC0016550,39545.24,SUCCESS,2026-06-11 17:02:14,1,1,1,2026-06
TXN0000053203,ACC0010860,22207.62,SUCCESS,2026-06-05 07:50:25,1,1,1,2026-06
TXN0000053209,ACC0017363,130318.22,SUCCESS,2026-05-03 02:27:27,1,1,1,2026-05
TXN0000053216,ACC0012807,19791.45,SUCCESS,2026-05-09 10:46:34,1,1,1,2026-05
TXN0000053221,ACC0011402,63965.47,SUCCESS,2026-02-01 22:00:44,1,1,1,2026-02
TXN0000053222,ACC0005363,116019.4,SUCCESS,2026-01-18 15:58:01,1,1,1,2026-01
TXN0000053225,ACC0015762,77092.99,SUCCESS,2026-06-14 17:29:22,1,1,1,2026-06
TXN0000053235,ACC0016770,80275.89,SUCCESS,2026-01-09 03:39:19,1,1,1,2026-01
TXN0000053245,ACC0019080,12998.73,SUCCESS,2026-01-16 22:00:25,1,1,1,2026-01
TXN0000053256,ACC0018923,3073.9,SUCCESS,2026-05-09 03:46:58,1,1,1,2026-05
TXN0000053257,ACC0024728,1831.8,SUCCESS,2026-05-31 21:26:20,1,1,1,2026-05
TXN0000053268,ACC0000846,5506.18,SUCCESS,2026-03-25 11:02:15,1,1,1,2026-03
TXN0000053269,ACC0004940,34333.5,SUCCESS,2026-07-17 19:41:15,1,2,1,2026-07
TXN0000053276,ACC0011886,46539.05,SUCCESS,2026-06-22 17:52:53,1,1,1,2026-06
TXN0000053280,ACC0021781,66035.93,SUCCESS,2026-06-19 15:24:31,1,1,1,2026-06
TXN0000053287,ACC0028773,135202.18,SUCCESS,2026-02-25 11:23:10,1,1,1,2026-02
TXN0000053288,ACC0002736,19914.45,SUCCESS,2026-03-09 23:14:22,1,1,1,2026-03
TXN0000053289,ACC0021446,42197.54,SUCCESS,2026-07-23 13:40:40,1,1,1,2026-07
TXN0000053296,ACC0002457,95359.09,SUCCESS,2026-04-04 20:52:30,1,1,1,2026-04
TXN0000053304,ACC0005190,122026.69,SUCCESS,2026-05-31 10:18:05,1,1,1,2026-05
TXN0000053310,ACC0012825,68439.9,SUCCESS,2026-08-06 16:05:40,1,1,1,2026-08
TXN0000053334,ACC0004469,144891.75,SUCCESS,2026-06-09 04:02:25,1,1,1,2026-06
TXN0000053345,ACC0013939,87903.06,SUCCESS,2026-02-18 19:57:44,1,1,1,2026-02
TXN0000053349,ACC0006094,109465.24,SUCCESS,2026-05-11 12:07:07,1,1,1,2026-05
TXN0000053352,ACC0024778,35987.5,SUCCESS,2026-02-18 21:33:18,1,1,1,2026-02
TXN0000053370,ACC0021061,58829.43,SUCCESS,2026-02-06 14:07:13,1,1,1,2026-02
TXN0000053373,ACC0029473,83622.18,SUCCESS,2026-06-12 05:04:44,1,2,1,2026-06
TXN0000053379,ACC0004140,121136.24,SUCCESS,2026-05-15 05:06:33,1,1,1,2026-05
TXN0000053382,ACC0026493,52598.28,SUCCESS,2026-01-01 18:42:49,1,1,1,2026-01
TXN0000053388,ACC0011154,130701.2,SUCCESS,2026-07-30 22:18:18,1,1,1,2026-07
TXN0000053400,ACC0005984,119455.11,SUCCESS,2026-03-25 17:48:37,1,1,1,2026-03
TXN0000053402,ACC0024039,141462.81,SUCCESS,2026-03-28 08:04:54,1,1,1,2026-03
TXN0000053405,ACC0005628,31532.77,SUCCESS,2026-05-06 09:42:49,1,1,1,2026-05
TXN0000053415,ACC0016216,113756.49,SUCCESS,2026-03-20 19:19:09,1,1,1,2026-03
TXN0000053418,ACC0017591,132748.82,SUCCESS,2026-01-04 17:37:12,1,1,1,2026-01
TXN0000053433,ACC0029451,43149.78,SUCCESS,2026-06-08 04:00:35,1,1,1,2026-06
TXN0000053440,ACC0012740,53420.76,SUCCESS,2026-02-15 20:35:54,1,1,1,2026-02
TXN0000053448,ACC0025400,37795.75,SUCCESS,2026-05-15 15:30:34,1,1,1,2026-05
TXN0000053474,ACC0025561,15810.46,SUCCESS,2026-05-20 18:56:46,1,1,1,2026-05
TXN0000053476,ACC0007367,77856.21,SUCCESS,2026-02-01 23:34:00,1,1,1,2026-02
TXN0000053481,ACC0001732,145084.01,SUCCESS,2026-05-30 15:39:48,1,1,1,2026-05
TXN0000053489,ACC0014578,147810.23,SUCCESS,2026-03-23 08:28:23,1,1,1,2026-03
TXN0000053503,ACC0023117,83113.58,SUCCESS,2026-06-23 08:26:18,1,1,1,2026-06
TXN0000053505,ACC0007608,113651.09,SUCCESS,2026-04-24 05:50:46,1,1,1,2026-04
TXN0000053515,ACC0023982,97258.67,SUCCESS,2026-03-27 09:20:35,1,1,1,2026-03
TXN0000053516,ACC0026659,48607.49,SUCCESS,2026-03-15 16:14:31,1,1,1,2026-03
TXN0000053520,ACC0026454,29269.52,SUCCESS,2026-01-09 11:57:52,1,1,1,2026-01
TXN0000053526,ACC0022661,46754.63,SUCCESS,2026-01-06 18:25:28,1,1,1,2026-01
TXN0000053532,ACC0005572,61278.01,SUCCESS,2026-07-23 07:26:08,1,1,1,2026-07
TXN0000053534,ACC0023185,88054.27,SUCCESS,2026-04-14 20:57:25,1,1,1,2026-04
TXN0000053537,ACC0012304,108139.82,SUCCESS,2026-05-11 01:59:21,1,1,1,2026-05
TXN0000053540,ACC0001490,142097.12,SUCCESS,2026-03-20 20:24:13,1,1,1,2026-03
TXN0000053546,ACC0006673,108712.83,SUCCESS,2026-05-30 06:48:16,1,1,1,2026-05
TXN0000053549,ACC0021873,17371.01,SUCCESS,2026-05-10 11:58:19,1,1,1,2026-05
TXN0000053552,ACC0023111,133468.29,SUCCESS,2026-03-30 20:07:20,1,1,1,2026-03
TXN0000053562,ACC0015914,106678.87,SUCCESS,2026-07-08 17:06:54,1,1,1,2026-07
TXN0000053578,ACC0001741,77924.27,SUCCESS,2026-01-08 20:46:45,1,1,1,2026-01
TXN0000053579,ACC0028309,99587.71,SUCCESS,2026-06-05 15:50:40,1,1,1,2026-06
TXN0000053597,ACC0028123,114532.36,SUCCESS,2026-04-04 12:07:01,1,1,1,2026-04
TXN0000053600,ACC0026597,67381.79,SUCCESS,2026-03-30 13:48:17,1,1,1,2026-03
TXN0000053628,ACC0017087,112063.91,SUCCESS,2026-02-28 11:09:55,1,1,1,2026-02
TXN0000053630,ACC0015769,63330.61,SUCCESS,2026-01-09 09:00:07,1,1,1,2026-01
TXN0000053637,ACC0014100,102552.3,SUCCESS,2026-02-13 20:52:40,1,1,1,2026-02
TXN0000053651,ACC0006301,11748.92,SUCCESS,2026-07-17 19:06:20,1,1,1,2026-07
TXN0000053653,ACC0010214,83384.42,SUCCESS,2026-06-03 20:41:10,1,1,1,2026-06
TXN0000053661,ACC0000269,20982.04,SUCCESS,2026-03-22 07:22:46,1,1,1,2026-03
TXN0000053662,ACC0029926,13700.96,SUCCESS,2026-07-29 14:52:25,1,1,1,2026-07
TXN0000053666,ACC0007813,112061.17,SUCCESS,2026-03-28 08:38:43,1,1,1,2026-03
TXN0000053677,ACC0017913,5170.31,SUCCESS,2026-06-09 07:51:48,1,1,1,2026-06
TXN0000053680,ACC0009685,60416.94,SUCCESS,2026-01-15 09:29:31,1,1,1,2026-01
TXN0000053692,ACC0010911,119859.15,SUCCESS,2026-07-12 10:42:46,1,1,1,2026-07
TXN0000053702,ACC0018419,1393.2,SUCCESS,2026-01-15 07:50:29,1,1,1,2026-01
TXN0000053719,ACC0007132,74250.99,SUCCESS,2026-01-05 11:30:46,1,1,1,2026-01
TXN0000053720,ACC0023226,95715.34,SUCCESS,2026-03-24 08:21:10,1,1,1,2026-03
TXN0000053721,ACC0013732,96080.09,SUCCESS,2026-04-26 08:53:28,1,1,1,2026-04
TXN0000053728,ACC0013882,47757.69,SUCCESS,2026-07-03 13:43:29,1,1,1,2026-07
TXN0000053732,ACC0026610,63703.03,SUCCESS,2026-01-02 01:19:14,1,1,1,2026-01
TXN0000053742,ACC0010619,41787.79,SUCCESS,2026-03-28 13:59:51,1,1,1,2026-03
TXN0000053745,ACC0016188,116494.29,SUCCESS,2026-02-26 09:09:19,1,1,1,2026-02
TXN0000053750,ACC0016233,85308.13,SUCCESS,2026-04-02 23:23:17,1,1,1,2026-04
TXN0000053755,ACC0026935,138368.48,SUCCESS,2026-03-25 13:37:07,1,1,1,2026-03
TXN0000053757,ACC0006790,121265.45,SUCCESS,2026-01-10 10:16:51,1,1,1,2026-01
TXN0000053760,ACC0002510,76919.92,SUCCESS,2026-02-22 18:42:47,1,1,1,2026-02
TXN0000053762,ACC0012446,139445.82,SUCCESS,2026-07-03 06:35:59,1,1,1,2026-07
TXN0000053770,ACC0020718,126415.19,SUCCESS,2026-01-19 18:52:55,1,1,1,2026-01
TXN0000053771,ACC0010889,143434.84,SUCCESS,2026-03-29 12:00:27,1,2,1,2026-03
TXN0000053773,ACC0017670,104023.26,SUCCESS,2026-04-05 17:31:14,1,1,1,2026-04
TXN0000053774,ACC0027043,83763.01,SUCCESS,2026-05-17 11:36:53,1,1,1,2026-05
TXN0000053777,ACC0023700,118894.68,SUCCESS,2026-08-01 23:17:48,1,1,1,2026-08
TXN0000053780,ACC0006297,130090.36,SUCCESS,2026-02-28 07:39:57,1,1,1,2026-02
TXN0000053781,ACC0020718,76899.26,SUCCESS,2026-02-23 23:30:51,1,1,1,2026-02
TXN0000053801,ACC0020765,145308.92,SUCCESS,2026-03-04 04:30:20,1,1,1,2026-03
TXN0000053802,ACC0006077,11009.57,SUCCESS,2026-03-07 03:23:20,1,1,1,2026-03
TXN0000053804,ACC0025297,139741.12,SUCCESS,2026-07-25 12:57:05,1,1,1,2026-07
TXN0000053805,ACC0009041,107032.51,SUCCESS,2026-04-02 10:40:34,1,1,1,2026-04
TXN0000053807,ACC0017416,19199.64,SUCCESS,2026-01-20 19:31:45,1,1,1,2026-01
TXN0000053808,ACC0016813,39130.57,SUCCESS,2026-04-04 19:52:56,1,1,1,2026-04
TXN0000053820,ACC0004891,140924.33,SUCCESS,2026-07-20 15:16:17,1,1,1,2026-07
TXN0000053827,ACC0018503,71465.4,SUCCESS,2026-06-02 22:43:44,1,1,1,2026-06
TXN0000053834,ACC0010288,40801.31,SUCCESS,2026-04-20 01:55:25,1,1,1,2026-04
TXN0000053837,ACC0025095,117462.7,SUCCESS,2026-05-19 14:43:36,1,1,1,2026-05
TXN0000053842,ACC0018648,69604.71,SUCCESS,2026-03-13 16:28:20,1,1,1,2026-03
TXN0000053859,ACC0002614,23387.98,SUCCESS,2026-03-12 16:27:42,1,1,1,2026-03
TXN0000053872,ACC0011652,41824.52,SUCCESS,2026-03-31 18:40:33,1,2,1,2026-03
TXN0000053879,ACC0004277,46131.07,SUCCESS,2026-02-28 09:32:40,1,1,1,2026-02
TXN0000053891,ACC0001134,68454.51,SUCCESS,2026-03-15 08:43:46,1,1,1,2026-03
TXN0000053896,ACC0011695,90395.05,SUCCESS,2026-07-16 00:59:09,1,1,1,2026-07
TXN0000053897,ACC0024060,8371.77,SUCCESS,2026-02-19 02:46:45,1,1,1,2026-02
TXN0000053903,ACC0009743,74023.49,SUCCESS,2026-08-08 11:03:50,1,1,1,2026-08
TXN0000053905,ACC0002227,70872.9,SUCCESS,2026-05-14 10:48:11,1,1,1,2026-05
TXN0000053906,ACC0005718,19196.0,SUCCESS,2026-04-09 18:14:22,1,1,1,2026-04
TXN0000053914,ACC0023620,94894.65,SUCCESS,2026-04-23 12:16:09,1,1,1,2026-04
TXN0000053923,ACC0014177,52685.45,SUCCESS,2026-05-30 16:08:55,1,1,1,2026-05
TXN0000053928,ACC0005915,11706.54,SUCCESS,2026-05-10 04:58:43,1,1,1,2026-05
TXN0000053932,ACC0026307,144784.94,SUCCESS,2026-02-23 08:35:29,1,1,1,2026-02
TXN0000053934,ACC0015292,49800.67,SUCCESS,2026-04-23 00:57:44,1,1,1,2026-04
TXN0000053937,ACC0025956,94558.06,SUCCESS,2026-04-28 22:03:24,1,1,1,2026-04
TXN0000053947,ACC0014373,99033.37,SUCCESS,2026-03-28 14:22:37,1,1,1,2026-03
TXN0000053953,ACC0013099,135542.5,SUCCESS,2026-02-19 05:18:25,1,1,1,2026-02
TXN0000053961,ACC0029956,94011.75,SUCCESS,2026-03-05 14:22:38,1,1,1,2026-03
TXN0000053963,ACC0007249,60902.4,SUCCESS,2026-01-26 02:54:14,1,1,1,2026-01
TXN0000053971,ACC0003123,8467.84,SUCCESS,2026-07-10 10:39:25,1,1,1,2026-07
TXN0000053974,ACC0023307,39207.11,SUCCESS,2026-03-06 22:47:15,1,1,1,2026-03
TXN0000053975,ACC0017779,127819.19,SUCCESS,2026-03-23 22:28:38,1,1,1,2026-03
TXN0000053980,ACC0018186,77044.85,SUCCESS,2026-07-07 22:33:35,1,1,1,2026-07
TXN0000053984,ACC0019925,15220.88,SUCCESS,2026-03-24 06:14:51,1,1,1,2026-03
TXN0000053986,ACC0021795,65692.31,SUCCESS,2026-01-29 12:57:02,1,1,1,2026-01
TXN0000053990,ACC0020804,139517.67,SUCCESS,2026-01-03 10:20:26,1,1,1,2026-01
TXN0000053992,ACC0027911,24636.94,SUCCESS,2026-01-03 03:15:49,1,1,1,2026-01
TXN0000053993,ACC0013119,94830.68,SUCCESS,2026-01-24 06:54:42,1,1,1,2026-01
TXN0000053999,ACC0019052,82429.72,SUCCESS,2026-05-22 09:10:41,1,1,1,2026-05
TXN0000054011,ACC0025303,125428.98,SUCCESS,2026-04-30 15:24:27,1,1,1,2026-04
TXN0000054014,ACC0010126,29586.77,SUCCESS,2026-02-05 19:12:02,1,1,1,2026-02
TXN0000054015,ACC0016565,104352.4,SUCCESS,2026-03-20 05:22:57,1,1,1,2026-03
TXN0000054020,ACC0018985,63835.42,SUCCESS,2026-03-14 09:06:38,1,1,1,2026-03
TXN0000054022,ACC0018321,28651.89,SUCCESS,2026-03-07 16:55:16,1,1,1,2026-03
TXN0000054027,ACC0025336,38927.66,SUCCESS,2026-03-10 04:31:15,1,1,1,2026-03
TXN0000054029,ACC0021745,106135.08,SUCCESS,2026-01-06 08:14:18,1,1,1,2026-01
TXN0000054033,ACC0011174,96541.45,SUCCESS,2026-06-02 06:43:58,1,1,1,2026-06
TXN0000054039,ACC0005440,122987.25,SUCCESS,2026-07-26 15:51:15,1,1,1,2026-07
TXN0000054041,ACC0021414,58169.42,SUCCESS,2026-02-19 05:31:29,1,1,1,2026-02
TXN0000054042,ACC0025914,135347.68,SUCCESS,2026-05-05 22:16:44,1,1,1,2026-05
TXN0000054048,ACC0021480,25191.37,SUCCESS,2026-03-18 10:01:16,1,1,1,2026-03
TXN0000054049,ACC0022547,91448.56,SUCCESS,2026-02-02 20:08:40,1,1,1,2026-02
TXN0000054052,ACC0007051,18948.69,SUCCESS,2026-02-09 05:53:26,1,1,1,2026-02
TXN0000054059,ACC0017607,110398.99,SUCCESS,2026-02-17 22:09:06,1,1,1,2026-02
TXN0000054063,ACC0026980,80897.98,SUCCESS,2026-02-27 20:52:55,1,1,1,2026-02
TXN0000054075,ACC0011350,859.5,SUCCESS,2026-05-14 13:24:40,1,1,1,2026-05
TXN0000054077,ACC0021355,108234.48,SUCCESS,2026-07-18 16:51:52,1,1,1,2026-07
TXN0000054080,ACC0022290,77685.07,SUCCESS,2026-05-10 03:12:42,1,1,1,2026-05
TXN0000054086,ACC0024221,35727.67,SUCCESS,2026-01-19 14:15:41,1,1,1,2026-01
TXN0000054088,ACC0011775,64249.44,SUCCESS,2026-02-11 16:49:53,1,1,1,2026-02
TXN0000054091,ACC0009105,69351.25,SUCCESS,2026-07-28 06:39:00,1,1,1,2026-07
TXN0000054093,ACC0020507,109293.31,SUCCESS,2026-04-07 05:07:45,1,1,1,2026-04
TXN0000054098,ACC0017584,123336.69,SUCCESS,2026-04-26 18:06:12,1,1,1,2026-04
TXN0000054108,ACC0014493,111606.24,SUCCESS,2026-05-09 17:16:26,1,1,1,2026-05
TXN0000054120,ACC0009272,70440.01,SUCCESS,2026-04-16 04:11:53,1,1,1,2026-04
TXN0000054124,ACC0026455,121084.36,SUCCESS,2026-01-02 14:31:59,1,1,1,2026-01
TXN0000054132,ACC0021255,125301.96,SUCCESS,2026-08-01 02:37:35,1,1,1,2026-08
TXN0000054144,ACC0003498,112262.07,SUCCESS,2026-02-18 11:48:07,1,1,1,2026-02
TXN0000054170,ACC0011440,52601.98,SUCCESS,2026-04-15 01:29:54,1,1,1,2026-04
TXN0000054174,ACC0019749,31928.95,SUCCESS,2026-06-19 15:48:00,1,1,1,2026-06
TXN0000054177,ACC0028702,80483.37,SUCCESS,2026-07-08 00:30:01,1,1,1,2026-07
TXN0000054179,ACC0020817,127174.84,SUCCESS,2026-06-26 04:34:28,1,1,1,2026-06
TXN0000054183,ACC0007192,114314.29,SUCCESS,2026-06-10 23:52:12,1,1,1,2026-06
TXN0000054185,ACC0009696,26656.92,SUCCESS,2026-04-21 05:43:39,1,1,1,2026-04
TXN0000054196,ACC0016840,50146.67,SUCCESS,2026-03-19 02:32:52,1,1,1,2026-03
TXN0000054203,ACC0019109,104129.01,SUCCESS,2026-01-10 00:24:15,1,1,1,2026-01
TXN0000054209,ACC0019589,122755.07,SUCCESS,2026-07-28 09:55:45,1,1,1,2026-07
TXN0000054212,ACC0008248,37886.6,SUCCESS,2026-06-06 08:40:02,1,1,1,2026-06
TXN0000054217,ACC0018357,83179.06,SUCCESS,2026-05-21 04:27:41,1,1,1,2026-05
TXN0000054224,ACC0014353,68327.68,SUCCESS,2026-07-18 04:04:55,1,1,1,2026-07
TXN0000054232,ACC0016740,81276.89,SUCCESS,2026-02-04 18:33:23,1,1,1,2026-02
TXN0000054234,ACC0016268,34802.94,SUCCESS,2026-07-31 03:24:18,1,1,1,2026-07
TXN0000054265,ACC0009653,67105.02,SUCCESS,2026-05-01 17:07:01,1,1,1,2026-05
TXN0000054270,ACC0024492,90970.99,SUCCESS,2026-04-08 11:06:08,1,1,1,2026-04
TXN0000054272,ACC0013174,11217.09,SUCCESS,2026-03-16 23:40:11,1,1,1,2026-03
TXN0000054273,ACC0002056,89347.03,SUCCESS,2026-05-08 01:15:45,1,1,1,2026-05
TXN0000054276,ACC0016421,58971.62,SUCCESS,2026-02-24 01:24:12,1,1,1,2026-02
TXN0000054283,ACC0002779,48667.23,SUCCESS,2026-04-29 01:31:32,1,1,1,2026-04
TXN0000054284,ACC0020638,39155.29,SUCCESS,2026-03-11 11:04:08,1,1,1,2026-03
TXN0000054291,ACC0005627,124216.9,SUCCESS,2026-07-06 08:01:32,1,1,1,2026-07
TXN0000054294,ACC0025082,59657.24,SUCCESS,2026-03-07 08:38:55,1,1,1,2026-03
TXN0000054297,ACC0003471,90857.48,SUCCESS,2026-07-07 22:19:57,1,1,1,2026-07
TXN0000054305,ACC0010499,129767.38,SUCCESS,2026-06-21 20:02:51,1,1,1,2026-06
TXN0000054307,ACC0016834,24246.44,SUCCESS,2026-05-10 00:19:57,1,1,1,2026-05
TXN0000054309,ACC0028931,14901.76,SUCCESS,2026-04-10 08:41:26,1,1,1,2026-04
TXN0000054312,ACC0002494,122677.52,SUCCESS,2026-01-13 19:29:16,1,1,1,2026-01
TXN0000054315,ACC0012653,139721.91,SUCCESS,2026-06-23 00:56:39,1,1,1,2026-06
TXN0000054321,ACC0023401,780.03,SUCCESS,2026-03-21 00:14:52,1,1,1,2026-03
TXN0000054329,ACC0000748,124147.39,SUCCESS,2026-06-13 17:20:14,1,1,1,2026-06
TXN0000054332,ACC0003465,26519.0,SUCCESS,2026-02-27 04:06:46,1,1,1,2026-02
TXN0000054336,ACC0010237,115827.15,SUCCESS,2026-07-03 18:25:34,1,1,1,2026-07
TXN0000054347,ACC0024968,129612.06,SUCCESS,2026-07-17 23:47:53,1,1,1,2026-07
TXN0000054353,ACC0019043,129835.99,SUCCESS,2026-06-14 22:22:00,1,1,1,2026-06
TXN0000054367,ACC0012316,35530.17,SUCCESS,2026-04-08 16:21:37,1,2,1,2026-04
TXN0000054373,ACC0023078,93906.46,SUCCESS,2026-01-19 22:44:01,1,1,1,2026-01
TXN0000054377,ACC0022679,35088.75,SUCCESS,2026-07-06 06:52:27,1,1,1,2026-07
TXN0000054392,ACC0000417,61872.33,SUCCESS,2026-05-09 02:41:29,1,1,1,2026-05
TXN0000054404,ACC0002429,70088.06,SUCCESS,2026-01-12 02:20:05,1,1,1,2026-01
TXN0000054427,ACC0019168,53015.67,SUCCESS,2026-02-09 20:57:01,1,1,1,2026-02
TXN0000054435,ACC0007628,81826.48,SUCCESS,2026-01-28 19:36:14,1,1,1,2026-01
TXN0000054446,ACC0023903,4835.31,SUCCESS,2026-04-15 14:34:48,1,1,1,2026-04
TXN0000054472,ACC0015389,140129.31,SUCCESS,2026-02-24 18:20:56,1,2,1,2026-02
TXN0000054483,ACC0013818,34091.8,SUCCESS,2026-05-26 12:50:50,1,1,1,2026-05
TXN0000054487,ACC0025544,8776.75,SUCCESS,2026-05-23 22:20:36,1,1,1,2026-05
TXN0000054490,ACC0007108,5198.31,SUCCESS,2026-03-11 12:23:32,1,1,1,2026-03
TXN0000054497,ACC0004427,90603.47,SUCCESS,2026-05-27 12:15:36,1,1,1,2026-05
TXN0000054507,ACC0027427,62978.25,SUCCESS,2026-02-28 03:22:44,1,1,1,2026-02
TXN0000054513,ACC0016492,98173.05,SUCCESS,2026-07-30 14:03:13,1,1,1,2026-07
TXN0000054519,ACC0010924,10714.46,SUCCESS,2026-07-05 03:07:17,1,1,1,2026-07
TXN0000054533,ACC0022189,59669.13,SUCCESS,2026-03-12 19:10:24,1,1,1,2026-03
TXN0000054539,ACC0022111,92051.95,SUCCESS,2026-04-03 16:21:37,1,1,1,2026-04
TXN0000054544,ACC0000682,148789.18,SUCCESS,2026-07-21 22:13:49,1,1,1,2026-07
TXN0000054546,ACC0007235,72927.4,SUCCESS,2026-01-06 09:21:08,1,1,1,2026-01
TXN0000054547,ACC0016293,87694.59,SUCCESS,2026-01-16 13:33:27,1,1,1,2026-01
TXN0000054553,ACC0001554,249.01,SUCCESS,2026-06-02 10:18:36,1,1,1,2026-06
TXN0000054576,ACC0025384,132637.75,SUCCESS,2026-05-14 11:23:38,1,1,1,2026-05
TXN0000054578,ACC0008669,55598.59,SUCCESS,2026-02-24 10:07:53,1,1,1,2026-02
TXN0000054579,ACC0025614,141529.93,SUCCESS,2026-07-23 12:09:46,1,1,1,2026-07
TXN0000054581,ACC0006793,81288.39,SUCCESS,2026-01-11 18:52:20,1,1,1,2026-01
TXN0000054585,ACC0021322,78035.0,SUCCESS,2026-01-10 02:09:17,1,1,1,2026-01
TXN0000054603,ACC0029434,21304.62,SUCCESS,2026-05-01 18:14:25,1,1,1,2026-05
TXN0000054611,ACC0026902,145485.52,SUCCESS,2026-03-16 14:56:57,1,1,1,2026-03
TXN0000054625,ACC0014442,43880.35,SUCCESS,2026-06-23 23:13:49,1,1,1,2026-06
TXN0000054632,ACC0022032,10670.72,SUCCESS,2026-01-16 04:13:15,1,1,1,2026-01
TXN0000054638,ACC0018458,14617.59,SUCCESS,2026-01-19 21:04:00,1,1,1,2026-01
TXN0000054642,ACC0005437,109622.06,SUCCESS,2026-03-23 08:32:31,1,1,1,2026-03
TXN0000054644,ACC0006399,81032.1,SUCCESS,2026-03-25 22:20:45,1,1,1,2026-03
TXN0000054657,ACC0006458,92148.58,SUCCESS,2026-07-06 10:56:22,1,1,1,2026-07
TXN0000054669,ACC0014731,32085.51,SUCCESS,2026-06-19 11:45:03,1,1,1,2026-06
TXN0000054670,ACC0013731,46416.69,SUCCESS,2026-01-25 23:21:03,1,1,1,2026-01
TXN0000054676,ACC0022449,133230.62,SUCCESS,2026-02-13 10:06:03,1,1,1,2026-02
TXN0000054684,ACC0018499,29787.85,SUCCESS,2026-04-09 15:27:55,1,1,1,2026-04
TXN0000054688,ACC0018676,76202.28,SUCCESS,2026-02-18 19:08:56,1,1,1,2026-02
TXN0000054689,ACC0013802,37109.38,SUCCESS,2026-05-13 12:24:14,1,1,1,2026-05
TXN0000054695,ACC0017427,19136.9,SUCCESS,2026-03-13 05:38:41,1,1,1,2026-03
TXN0000054699,ACC0005821,41256.34,SUCCESS,2026-05-04 14:51:03,1,1,1,2026-05
TXN0000054700,ACC0027876,13960.56,SUCCESS,2026-04-25 13:18:29,1,1,1,2026-04
TXN0000054712,ACC0024181,12875.63,SUCCESS,2026-03-24 21:39:16,1,1,1,2026-03
TXN0000054729,ACC0017866,81698.27,SUCCESS,2026-04-02 23:10:07,1,1,1,2026-04
TXN0000054732,ACC0009619,29769.62,SUCCESS,2026-06-22 06:05:43,1,1,1,2026-06
TXN0000054737,ACC0007670,13567.22,SUCCESS,2026-07-25 19:00:23,1,1,1,2026-07
TXN0000054744,ACC0020446,25579.88,SUCCESS,2026-01-10 21:15:42,1,1,1,2026-01
TXN0000054746,ACC0019182,54800.75,SUCCESS,2026-06-23 06:32:32,1,1,1,2026-06
TXN0000054747,ACC0009040,111929.77,SUCCESS,2026-04-26 15:00:06,1,1,1,2026-04
TXN0000054752,ACC0013061,97004.84,SUCCESS,2026-01-18 00:17:36,1,1,1,2026-01
TXN0000054755,ACC0029670,79553.5,SUCCESS,2026-01-31 13:45:47,1,1,1,2026-01
TXN0000054757,ACC0014591,68758.13,SUCCESS,2026-02-21 04:19:45,1,1,1,2026-02
TXN0000054760,ACC0029195,59939.23,SUCCESS,2026-01-28 17:39:25,1,1,1,2026-01
TXN0000054771,ACC0010594,91128.11,SUCCESS,2026-07-23 08:04:18,1,1,1,2026-07
TXN0000054774,ACC0007119,21440.18,SUCCESS,2026-04-01 06:26:22,1,1,1,2026-04
TXN0000054780,ACC0029018,4791.76,SUCCESS,2026-03-09 22:22:35,1,1,1,2026-03
TXN0000054781,ACC0011529,109860.24,SUCCESS,2026-07-12 16:36:57,1,1,1,2026-07
TXN0000054784,ACC0015108,139318.57,SUCCESS,2026-04-13 15:23:29,1,1,1,2026-04
TXN0000054786,ACC0019948,107594.98,SUCCESS,2026-06-05 20:27:26,1,1,1,2026-06
TXN0000054787,ACC0029124,149144.61,SUCCESS,2026-04-11 06:06:51,1,1,1,2026-04
TXN0000054792,ACC0016168,106861.93,SUCCESS,2026-05-17 14:29:57,1,1,1,2026-05
TXN0000054800,ACC0014816,111705.97,SUCCESS,2026-04-08 13:29:10,1,1,1,2026-04
TXN0000054801,ACC0002193,136751.62,SUCCESS,2026-05-18 19:06:55,1,1,1,2026-05
TXN0000054803,ACC0010444,112391.91,SUCCESS,2026-02-22 17:49:47,1,1,1,2026-02
TXN0000054805,ACC0025389,73325.42,SUCCESS,2026-03-22 22:52:48,1,1,1,2026-03
TXN0000054819,ACC0022716,63659.65,SUCCESS,2026-05-27 09:03:04,1,1,1,2026-05
TXN0000054821,ACC0003597,85863.15,SUCCESS,2026-07-09 03:43:49,1,1,1,2026-07
TXN0000054822,ACC0021028,7575.21,SUCCESS,2026-04-09 16:30:10,1,1,1,2026-04
TXN0000054824,ACC0028446,95875.23,SUCCESS,2026-05-13 20:01:15,1,1,1,2026-05
TXN0000054832,ACC0011458,24347.97,SUCCESS,2026-01-10 21:56:23,1,1,1,2026-01
TXN0000054833,ACC0006711,49578.89,SUCCESS,2026-06-24 16:02:02,1,1,1,2026-06
TXN0000054834,ACC0027084,71270.73,SUCCESS,2026-07-21 15:19:03,1,1,1,2026-07
TXN0000054837,ACC0017729,93792.87,SUCCESS,2026-04-03 06:29:35,1,1,1,2026-04
TXN0000054839,ACC0011505,100731.59,SUCCESS,2026-07-23 06:24:06,1,1,1,2026-07
TXN0000054849,ACC0001403,63854.58,SUCCESS,2026-03-23 17:11:40,1,1,1,2026-03
TXN0000054855,ACC0010822,28003.28,SUCCESS,2026-03-19 16:29:00,1,1,1,2026-03
TXN0000054862,ACC0014274,55180.22,SUCCESS,2026-07-14 03:09:33,1,1,1,2026-07
TXN0000054872,ACC0029557,31168.21,SUCCESS,2026-02-25 22:58:12,1,1,1,2026-02
TXN0000054877,ACC0026226,94254.2,SUCCESS,2026-01-12 01:03:18,1,1,1,2026-01
TXN0000054888,ACC0006528,65616.59,SUCCESS,2026-01-14 18:02:01,1,1,1,2026-01
TXN0000054891,ACC0002247,47118.03,SUCCESS,2026-01-08 06:57:07,1,1,1,2026-01
TXN0000054893,ACC0025942,130484.59,SUCCESS,2026-05-15 05:48:31,1,1,1,2026-05
TXN0000054903,ACC0013832,5597.27,SUCCESS,2026-03-18 06:51:27,1,1,1,2026-03
TXN0000054908,ACC0004776,97888.69,SUCCESS,2026-05-03 11:31:08,1,1,1,2026-05
TXN0000054916,ACC0027982,136453.63,SUCCESS,2026-06-20 07:10:18,1,1,1,2026-06
TXN0000054924,ACC0022412,90394.48,SUCCESS,2026-05-20 03:35:39,1,1,1,2026-05
TXN0000054934,ACC0018964,46426.64,SUCCESS,2026-01-23 11:15:34,1,1,1,2026-01
TXN0000054935,ACC0015350,54378.07,SUCCESS,2026-05-19 15:50:30,1,1,1,2026-05
TXN0000054944,ACC0011369,91511.57,SUCCESS,2026-05-10 08:17:28,1,1,1,2026-05
TXN0000054945,ACC0003428,31473.61,SUCCESS,2026-07-22 16:39:52,1,1,1,2026-07
TXN0000054958,ACC0026628,48945.0,SUCCESS,2026-07-01 11:09:21,1,1,1,2026-07
TXN0000054975,ACC0020773,111142.36,SUCCESS,2026-06-29 22:49:28,1,1,1,2026-06
TXN0000054978,ACC0018884,91671.28,SUCCESS,2026-01-26 16:41:22,1,1,1,2026-01
TXN0000054979,ACC0020705,34924.9,SUCCESS,2026-05-28 12:51:24,1,1,1,2026-05
TXN0000054982,ACC0016584,141990.16,SUCCESS,2026-05-10 12:37:27,1,1,1,2026-05
TXN0000054988,ACC0023451,146586.57,SUCCESS,2026-02-26 18:59:04,1,1,1,2026-02
TXN0000054991,ACC0014023,65479.41,SUCCESS,2026-04-20 06:43:00,1,1,1,2026-04
TXN0000054994,ACC0020745,75602.43,SUCCESS,2026-05-21 19:14:12,1,1,1,2026-05
TXN0000055002,ACC0000286,144876.97,SUCCESS,2026-07-14 02:41:22,1,1,1,2026-07
TXN0000055011,ACC0014821,100380.9,SUCCESS,2026-03-15 04:57:05,1,1,1,2026-03
TXN0000055033,ACC0019191,87720.48,SUCCESS,2026-05-24 06:34:52,1,1,1,2026-05
TXN0000055042,ACC0021222,108830.32,SUCCESS,2026-01-07 12:40:51,1,1,1,2026-01
TXN0000055048,ACC0000269,24550.5,SUCCESS,2026-05-25 13:46:18,1,1,1,2026-05
TXN0000055049,ACC0028279,129271.58,SUCCESS,2026-06-12 01:56:51,1,1,1,2026-06
TXN0000055052,ACC0028016,22136.73,SUCCESS,2026-04-12 19:46:47,1,1,1,2026-04
TXN0000055056,ACC0020419,79498.41,SUCCESS,2026-02-04 04:25:08,1,1,1,2026-02
TXN0000055060,ACC0006683,71816.59,SUCCESS,2026-04-16 13:30:04,1,1,1,2026-04
TXN0000055063,ACC0006991,101254.11,SUCCESS,2026-02-01 23:38:49,1,1,1,2026-02
TXN0000055065,ACC0007319,22753.31,SUCCESS,2026-07-22 20:49:11,1,1,1,2026-07
TXN0000055066,ACC0010137,113639.44,SUCCESS,2026-06-09 02:57:12,1,1,1,2026-06
TXN0000055071,ACC0016545,37809.91,SUCCESS,2026-06-08 04:10:38,1,1,1,2026-06
TXN0000055079,ACC0002198,60854.61,SUCCESS,2026-05-19 21:40:31,1,1,1,2026-05
TXN0000055082,ACC0022376,21724.72,SUCCESS,2026-04-26 07:01:59,1,1,1,2026-04
TXN0000055086,ACC0017391,85308.93,SUCCESS,2026-03-21 20:39:00,1,1,1,2026-03
TXN0000055090,ACC0022131,13002.43,SUCCESS,2026-04-14 10:35:39,1,1,1,2026-04
TXN0000055105,ACC0016963,43438.27,SUCCESS,2026-08-03 18:17:16,1,1,1,2026-08
TXN0000055107,ACC0015169,117125.78,SUCCESS,2026-08-01 07:17:07,1,1,1,2026-08
TXN0000055108,ACC0019621,120344.37,SUCCESS,2026-07-24 05:37:50,1,1,1,2026-07
TXN0000055109,ACC0005902,55235.41,SUCCESS,2026-04-15 14:37:19,1,1,1,2026-04
TXN0000055128,ACC0009327,47450.02,SUCCESS,2026-06-25 01:02:30,1,1,1,2026-06
TXN0000055129,ACC0025065,28253.8,SUCCESS,2026-07-10 10:26:53,1,1,1,2026-07
TXN0000055138,ACC0013240,70794.38,SUCCESS,2026-02-22 07:52:05,1,1,1,2026-02
TXN0000055139,ACC0017434,43933.52,SUCCESS,2026-06-15 18:33:59,1,1,1,2026-06
TXN0000055146,ACC0018883,41715.93,SUCCESS,2026-08-04 16:01:41,1,1,1,2026-08
TXN0000055152,ACC0028748,19989.11,SUCCESS,2026-01-03 03:51:10,1,1,1,2026-01
TXN0000055153,ACC0003872,23970.21,SUCCESS,2026-04-10 07:37:33,1,1,1,2026-04
TXN0000055156,ACC0011835,99385.22,SUCCESS,2026-03-25 08:47:07,1,1,1,2026-03
TXN0000055158,ACC0027791,119978.86,SUCCESS,2026-03-28 23:01:53,1,1,1,2026-03
TXN0000055164,ACC0005765,54294.44,SUCCESS,2026-08-04 18:33:00,1,1,1,2026-08
TXN0000055175,ACC0014976,91226.63,SUCCESS,2026-03-31 21:07:48,1,1,1,2026-03
TXN0000055178,ACC0023450,149628.51,SUCCESS,2026-07-31 15:28:34,1,1,1,2026-07
TXN0000055184,ACC0020982,144415.02,SUCCESS,2026-08-06 21:33:39,1,1,1,2026-08
TXN0000055186,ACC0029352,106581.05,SUCCESS,2026-04-19 21:39:27,1,1,1,2026-04
TXN0000055187,ACC0004340,50803.34,SUCCESS,2026-07-15 04:37:08,1,1,1,2026-07
TXN0000055199,ACC0017400,70339.52,SUCCESS,2026-08-03 20:30:37,1,1,1,2026-08
TXN0000055203,ACC0010022,51243.33,SUCCESS,2026-07-20 15:50:44,1,1,1,2026-07
TXN0000055209,ACC0029668,42404.67,SUCCESS,2026-07-04 05:25:29,1,1,1,2026-07
TXN0000055210,ACC0003532,137039.27,SUCCESS,2026-06-16 21:41:09,1,1,1,2026-06
TXN0000055219,ACC0003909,134320.91,SUCCESS,2026-06-13 12:06:10,1,1,1,2026-06
TXN0000055243,ACC0017528,128544.94,SUCCESS,2026-07-30 21:06:27,1,1,1,2026-07
TXN0000055246,ACC0019531,137179.81,SUCCESS,2026-02-27 16:38:42,1,1,1,2026-02
TXN0000055248,ACC0015717,26464.63,SUCCESS,2026-04-08 20:45:14,1,1,1,2026-04
TXN0000055249,ACC0023136,20263.37,SUCCESS,2026-05-29 23:47:11,1,1,1,2026-05
TXN0000055261,ACC0007726,23394.98,SUCCESS,2026-08-03 00:19:06,1,1,1,2026-08
TXN0000055262,ACC0010057,123177.25,SUCCESS,2026-03-20 04:14:47,1,1,1,2026-03
TXN0000055266,ACC0024388,110117.95,SUCCESS,2026-04-04 18:18:33,1,1,1,2026-04
TXN0000055276,ACC0024619,143943.37,SUCCESS,2026-02-24 17:19:59,1,1,1,2026-02
TXN0000055277,ACC0007595,60418.45,SUCCESS,2026-01-30 15:07:02,1,1,1,2026-01
TXN0000055280,ACC0008333,5030.38,SUCCESS,2026-02-19 20:44:14,1,1,1,2026-02
TXN0000055281,ACC0000099,73020.06,SUCCESS,2026-02-01 09:58:30,1,1,1,2026-02
TXN0000055287,ACC0004701,68861.11,SUCCESS,2026-05-14 21:30:50,1,1,1,2026-05
TXN0000055290,ACC0017866,134646.44,SUCCESS,2026-05-03 09:27:53,1,1,1,2026-05
TXN0000055296,ACC0008588,30987.6,SUCCESS,2026-07-27 14:31:32,1,1,1,2026-07
TXN0000055298,ACC0018698,103638.68,SUCCESS,2026-06-14 19:52:31,1,1,1,2026-06
TXN0000055301,ACC0000378,116708.62,SUCCESS,2026-01-31 11:42:00,1,1,1,2026-01
TXN0000055309,ACC0004003,3791.67,SUCCESS,2026-01-15 06:00:37,1,1,1,2026-01
TXN0000055320,ACC0025755,66061.59,SUCCESS,2026-07-21 13:50:06,1,1,1,2026-07
TXN0000055323,ACC0010036,106107.49,SUCCESS,2026-04-07 22:59:45,1,1,1,2026-04
TXN0000055337,ACC0028986,3018.29,SUCCESS,2026-03-07 21:43:44,1,1,1,2026-03
TXN0000055339,ACC0015445,120334.18,SUCCESS,2026-05-13 08:58:00,1,1,1,2026-05
TXN0000055340,ACC0006622,10759.73,SUCCESS,2026-05-25 10:34:28,1,1,1,2026-05
TXN0000055350,ACC0028832,60179.68,SUCCESS,2026-07-12 02:46:12,1,1,1,2026-07
TXN0000055351,ACC0001786,111050.8,SUCCESS,2026-04-05 13:19:22,1,1,1,2026-04
TXN0000055353,ACC0004918,71061.44,SUCCESS,2026-01-28 00:52:21,1,1,1,2026-01
TXN0000055356,ACC0013824,103163.71,SUCCESS,2026-05-26 12:30:43,1,1,1,2026-05
TXN0000055357,ACC0003517,4080.1,SUCCESS,2026-07-11 18:45:14,1,1,1,2026-07
TXN0000055365,ACC0006902,41441.21,SUCCESS,2026-05-26 15:36:17,1,1,1,2026-05
TXN0000055374,ACC0002492,2366.29,SUCCESS,2026-03-18 06:52:43,1,1,1,2026-03
TXN0000055376,ACC0003902,20674.14,SUCCESS,2026-06-28 10:48:33,1,1,1,2026-06
TXN0000055386,ACC0012802,128616.94,SUCCESS,2026-04-21 03:53:46,1,1,1,2026-04
TXN0000055394,ACC0014946,40787.51,SUCCESS,2026-03-19 14:43:39,1,1,1,2026-03
TXN0000055400,ACC0014241,115882.75,SUCCESS,2026-07-26 15:37:24,1,1,1,2026-07
TXN0000055404,ACC0002311,85643.38,SUCCESS,2026-06-28 09:20:06,1,1,1,2026-06
TXN0000055412,ACC0001574,53412.7,SUCCESS,2026-03-26 17:13:14,1,1,1,2026-03
TXN0000055417,ACC0003049,45575.75,SUCCESS,2026-01-02 03:18:07,1,1,1,2026-01
TXN0000055419,ACC0022206,110971.92,SUCCESS,2026-01-21 07:00:01,1,1,1,2026-01
TXN0000055423,ACC0017823,101986.44,SUCCESS,2026-04-24 14:16:13,1,1,1,2026-04
TXN0000055429,ACC0009162,49691.46,SUCCESS,2026-07-11 19:35:46,1,1,1,2026-07
TXN0000055438,ACC0024447,71292.8,SUCCESS,2026-05-08 14:07:36,1,1,1,2026-05
TXN0000055450,ACC0026393,51812.99,SUCCESS,2026-02-25 01:47:25,1,1,1,2026-02
TXN0000055455,ACC0002545,127881.7,SUCCESS,2026-03-19 05:49:42,1,1,1,2026-03
TXN0000055457,ACC0001098,5666.91,SUCCESS,2026-03-11 05:50:45,1,1,1,2026-03
TXN0000055461,ACC0015034,64066.38,SUCCESS,2026-03-10 05:06:38,1,1,1,2026-03
TXN0000055462,ACC0012585,117637.06,SUCCESS,2026-01-20 07:10:06,1,1,1,2026-01
TXN0000055477,ACC0024420,98302.28,SUCCESS,2026-05-10 02:16:50,1,1,1,2026-05
TXN0000055480,ACC0020721,105082.12,SUCCESS,2026-06-04 04:06:51,1,2,1,2026-06
TXN0000055483,ACC0005978,122871.73,SUCCESS,2026-01-18 20:43:14,1,1,1,2026-01
TXN0000055485,ACC0016946,47282.85,SUCCESS,2026-03-19 01:21:03,1,2,1,2026-03
TXN0000055488,ACC0010664,17486.02,SUCCESS,2026-06-16 23:21:28,1,1,1,2026-06
TXN0000055489,ACC0025251,959.5,SUCCESS,2026-02-04 14:15:50,1,1,1,2026-02
TXN0000055493,ACC0024614,96828.52,SUCCESS,2026-04-29 08:03:38,1,1,1,2026-04
TXN0000055494,ACC0016199,83133.92,SUCCESS,2026-02-09 11:32:25,1,1,1,2026-02
TXN0000055497,ACC0026634,47270.63,SUCCESS,2026-04-09 10:56:32,1,1,1,2026-04
TXN0000055500,ACC0023382,117567.5,SUCCESS,2026-02-11 08:39:44,1,1,1,2026-02
TXN0000055502,ACC0021979,133360.39,SUCCESS,2026-04-09 21:21:49,1,1,1,2026-04
TXN0000055503,ACC0006966,103078.33,SUCCESS,2026-05-19 05:15:25,1,1,1,2026-05
TXN0000055515,ACC0012641,64717.99,SUCCESS,2026-03-28 06:29:27,1,1,1,2026-03
TXN0000055516,ACC0022815,87051.14,SUCCESS,2026-03-26 02:48:50,1,1,1,2026-03
TXN0000055522,ACC0025700,71571.12,SUCCESS,2026-03-18 02:05:36,1,1,1,2026-03
TXN0000055527,ACC0021302,14605.89,SUCCESS,2026-05-14 17:43:38,1,1,1,2026-05
TXN0000055528,ACC0009749,26279.84,SUCCESS,2026-02-04 09:27:02,1,1,1,2026-02
TXN0000055533,ACC0014778,113237.99,SUCCESS,2026-04-14 14:43:41,1,1,1,2026-04
TXN0000055535,ACC0019946,44748.15,SUCCESS,2026-03-07 18:16:57,1,2,1,2026-03
TXN0000055536,ACC0009257,48454.45,SUCCESS,2026-02-15 02:12:02,1,1,1,2026-02
TXN0000055542,ACC0006580,73146.54,SUCCESS,2026-03-23 11:19:49,1,1,1,2026-03
TXN0000055545,ACC0005309,141931.39,SUCCESS,2026-02-12 17:37:35,1,1,1,2026-02
TXN0000055547,ACC0011047,8353.28,SUCCESS,2026-06-18 07:51:09,1,1,1,2026-06
TXN0000055555,ACC0013772,141957.7,SUCCESS,2026-02-18 18:28:44,1,1,1,2026-02
TXN0000055558,ACC0026247,110389.83,SUCCESS,2026-05-19 11:02:07,1,2,1,2026-05
TXN0000055585,ACC0021496,109382.43,SUCCESS,2026-05-31 08:04:37,1,1,1,2026-05
TXN0000055589,ACC0025502,65912.22,SUCCESS,2026-01-14 23:04:23,1,1,1,2026-01
TXN0000055592,ACC0013117,65576.56,SUCCESS,2026-05-15 00:18:05,1,1,1,2026-05
TXN0000055605,ACC0029250,57230.24,SUCCESS,2026-02-18 05:07:55,1,1,1,2026-02
TXN0000055608,ACC0028528,38102.07,SUCCESS,2026-01-14 23:06:21,1,1,1,2026-01
TXN0000055613,ACC0020509,147394.51,SUCCESS,2026-03-20 10:08:29,1,1,1,2026-03
TXN0000055617,ACC0015940,50676.61,SUCCESS,2026-06-17 23:51:30,1,1,1,2026-06
TXN0000055618,ACC0014106,102210.71,SUCCESS,2026-06-22 18:50:08,1,1,1,2026-06
TXN0000055625,ACC0024662,27778.91,SUCCESS,2026-05-16 11:18:08,1,1,1,2026-05
TXN0000055626,ACC0024935,24372.09,SUCCESS,2026-03-07 15:34:36,1,1,1,2026-03
TXN0000055628,ACC0022804,99229.31,SUCCESS,2026-05-31 10:56:41,1,1,1,2026-05
TXN0000055644,ACC0022014,60705.69,SUCCESS,2026-06-03 05:59:39,1,1,1,2026-06
TXN0000055657,ACC0012563,113645.63,SUCCESS,2026-04-23 02:49:07,1,1,1,2026-04
TXN0000055660,ACC0009262,55088.26,SUCCESS,2026-07-04 12:16:28,1,1,1,2026-07
TXN0000055665,ACC0017614,65559.94,SUCCESS,2026-04-02 08:00:48,1,1,1,2026-04
TXN0000055669,ACC0002023,13413.21,SUCCESS,2026-02-06 07:38:16,1,1,1,2026-02
TXN0000055679,ACC0027266,37078.02,SUCCESS,2026-03-11 22:36:19,1,2,1,2026-03
TXN0000055683,ACC0019497,90852.13,SUCCESS,2026-05-31 08:54:54,1,1,1,2026-05
TXN0000055686,ACC0019913,71700.88,SUCCESS,2026-05-08 11:38:59,1,1,1,2026-05
TXN0000055687,ACC0028408,101909.34,SUCCESS,2026-07-10 02:24:54,1,1,1,2026-07
TXN0000055707,ACC0004893,87031.0,SUCCESS,2026-05-26 12:48:33,1,1,1,2026-05
TXN0000055719,ACC0017229,68827.17,SUCCESS,2026-03-10 10:10:15,1,1,1,2026-03
TXN0000055723,ACC0012256,22168.1,SUCCESS,2026-06-19 02:10:26,1,1,1,2026-06
TXN0000055725,ACC0022315,116529.27,SUCCESS,2026-04-10 11:18:20,1,1,1,2026-04
TXN0000055730,ACC0002838,113248.05,SUCCESS,2026-05-15 21:17:59,1,1,1,2026-05
TXN0000055734,ACC0008742,117351.96,SUCCESS,2026-06-06 17:15:06,1,1,1,2026-06
TXN0000055751,ACC0012006,107451.48,SUCCESS,2026-06-12 19:12:56,1,1,1,2026-06
TXN0000055758,ACC0006934,8617.13,SUCCESS,2026-06-07 15:15:53,1,1,1,2026-06
TXN0000055759,ACC0025190,133266.59,SUCCESS,2026-06-26 17:57:58,1,1,1,2026-06
TXN0000055761,ACC0008015,26776.79,SUCCESS,2026-05-13 02:42:17,1,1,1,2026-05
TXN0000055771,ACC0005095,135502.41,SUCCESS,2026-05-11 08:05:03,1,1,1,2026-05
TXN0000055779,ACC0020136,28425.45,SUCCESS,2026-03-26 05:08:20,1,1,1,2026-03
TXN0000055781,ACC0020098,140100.5,SUCCESS,2026-01-11 06:08:25,1,1,1,2026-01
TXN0000055788,ACC0026635,128936.02,SUCCESS,2026-01-20 13:06:51,1,1,1,2026-01
TXN0000055794,ACC0005464,28751.84,SUCCESS,2026-04-29 06:32:33,1,1,1,2026-04
TXN0000055795,ACC0007797,141244.37,SUCCESS,2026-07-26 04:22:42,1,1,1,2026-07
TXN0000055798,ACC0009357,54396.52,SUCCESS,2026-07-10 21:46:07,1,1,1,2026-07
TXN0000055807,ACC0029301,85014.2,SUCCESS,2026-04-25 01:44:52,1,1,1,2026-04
TXN0000055814,ACC0028979,133401.05,SUCCESS,2026-03-27 22:59:49,1,1,1,2026-03
TXN0000055818,ACC0015882,19787.03,SUCCESS,2026-05-13 22:35:52,1,1,1,2026-05
TXN0000055825,ACC0008742,58677.32,SUCCESS,2026-03-26 11:43:00,1,1,1,2026-03
TXN0000055837,ACC0009487,50794.98,SUCCESS,2026-04-24 12:15:03,1,1,1,2026-04
TXN0000055841,ACC0011008,79456.63,SUCCESS,2026-04-05 05:46:06,1,1,1,2026-04
TXN0000055844,ACC0025204,66222.26,SUCCESS,2026-03-28 22:19:13,1,1,1,2026-03
TXN0000055857,ACC0023795,10845.71,SUCCESS,2026-04-21 09:25:28,1,1,1,2026-04
TXN0000055860,ACC0015328,52461.11,SUCCESS,2026-02-02 00:32:10,1,1,1,2026-02
TXN0000055863,ACC0019651,48745.04,SUCCESS,2026-01-14 22:42:09,1,1,1,2026-01
TXN0000055870,ACC0009207,119547.12,SUCCESS,2026-05-31 00:51:33,1,1,1,2026-05
TXN0000055872,ACC0004238,147366.73,SUCCESS,2026-04-15 17:02:42,1,1,1,2026-04
TXN0000055877,ACC0016969,105481.96,SUCCESS,2026-08-03 08:44:48,1,1,1,2026-08
TXN0000055880,ACC0026315,134705.53,SUCCESS,2026-04-17 04:18:03,1,1,1,2026-04
TXN0000055885,ACC0026541,137958.54,SUCCESS,2026-02-25 06:17:03,1,1,1,2026-02
TXN0000055889,ACC0005905,10770.07,SUCCESS,2026-03-24 01:56:16,1,1,1,2026-03
TXN0000055894,ACC0003261,133314.12,SUCCESS,2026-06-22 19:08:03,1,1,1,2026-06
TXN0000055896,ACC0019709,35429.54,SUCCESS,2026-04-02 15:53:46,1,1,1,2026-04
TXN0000055898,ACC0022267,118159.53,SUCCESS,2026-06-15 04:13:26,1,1,1,2026-06
TXN0000055899,ACC0013438,137839.87,SUCCESS,2026-04-23 04:07:15,1,1,1,2026-04
TXN0000055902,ACC0026962,11309.25,SUCCESS,2026-07-10 14:15:04,1,1,1,2026-07
TXN0000055903,ACC0019726,84334.52,SUCCESS,2026-07-24 00:53:48,1,1,1,2026-07
TXN0000055918,ACC0000709,123131.92,SUCCESS,2026-07-18 17:24:21,1,1,1,2026-07
TXN0000055920,ACC0025690,53975.66,SUCCESS,2026-04-02 17:50:11,1,1,1,2026-04
TXN0000055922,ACC0028892,101634.09,SUCCESS,2026-03-17 14:25:12,1,1,1,2026-03
TXN0000055937,ACC0026395,133317.19,SUCCESS,2026-06-15 08:30:10,1,1,1,2026-06
TXN0000055949,ACC0013925,57271.88,SUCCESS,2026-05-20 00:08:13,1,2,1,2026-05
TXN0000055958,ACC0008624,140689.2,SUCCESS,2026-06-03 11:26:32,1,1,1,2026-06
TXN0000055959,ACC0010022,112301.61,SUCCESS,2026-05-04 04:25:32,1,1,1,2026-05
TXN0000055961,ACC0011645,61329.47,SUCCESS,2026-06-03 23:24:39,1,1,1,2026-06
TXN0000055966,ACC0002669,30567.4,SUCCESS,2026-07-17 21:02:14,1,1,1,2026-07
TXN0000055967,ACC0000610,60209.48,SUCCESS,2026-03-01 16:10:34,1,1,1,2026-03
TXN0000055970,ACC0026226,139640.61,SUCCESS,2026-04-04 08:30:19,1,1,1,2026-04
TXN0000055971,ACC0022993,138663.96,SUCCESS,2026-07-10 11:35:37,1,1,1,2026-07
TXN0000055977,ACC0019357,9553.26,SUCCESS,2026-02-09 03:58:37,1,1,1,2026-02
TXN0000055991,ACC0015733,27296.92,SUCCESS,2026-07-09 12:50:14,1,1,1,2026-07
TXN0000055992,ACC0020398,130684.59,SUCCESS,2026-02-15 16:56:57,1,1,1,2026-02
TXN0000055994,ACC0027459,134304.66,SUCCESS,2026-03-02 12:11:35,1,1,1,2026-03
TXN0000055997,ACC0029245,2127.36,SUCCESS,2026-04-05 22:01:03,1,1,1,2026-04
TXN0000056003,ACC0025414,83233.41,SUCCESS,2026-06-20 21:58:54,1,1,1,2026-06
TXN0000056016,ACC0003429,21654.27,SUCCESS,2026-03-20 02:16:21,1,1,1,2026-03
TXN0000056019,ACC0017081,119184.22,SUCCESS,2026-01-01 14:00:03,1,1,1,2026-01
TXN0000056030,ACC0000852,112666.62,SUCCESS,2026-06-15 06:02:29,1,1,1,2026-06
TXN0000056039,ACC0029526,46024.07,SUCCESS,2026-07-08 16:27:46,1,1,1,2026-07
TXN0000056040,ACC0025436,17089.42,SUCCESS,2026-06-29 02:58:16,1,1,1,2026-06
TXN0000056054,ACC0005082,121687.16,SUCCESS,2026-02-11 05:36:01,1,1,1,2026-02
TXN0000056057,ACC0010335,89013.77,SUCCESS,2026-05-10 07:05:31,1,1,1,2026-05
TXN0000056058,ACC0027553,30582.11,SUCCESS,2026-02-04 08:23:54,1,1,1,2026-02
TXN0000056065,ACC0013059,134754.4,SUCCESS,2026-08-04 22:19:39,1,1,1,2026-08
TXN0000056076,ACC0003990,64727.63,SUCCESS,2026-03-26 03:16:46,1,1,1,2026-03
TXN0000056080,ACC0010447,94463.07,SUCCESS,2026-06-14 23:01:44,1,1,1,2026-06
TXN0000056088,ACC0007809,36672.59,SUCCESS,2026-04-30 08:45:13,1,1,1,2026-04
TXN0000056089,ACC0015036,145551.53,SUCCESS,2026-05-30 08:05:06,1,1,1,2026-05
TXN0000056096,ACC0024761,64325.67,SUCCESS,2026-04-22 15:46:24,1,1,1,2026-04
TXN0000056098,ACC0019543,74126.63,SUCCESS,2026-06-01 12:23:29,1,1,1,2026-06
TXN0000056106,ACC0024267,121418.86,SUCCESS,2026-06-13 09:15:24,1,1,1,2026-06
TXN0000056116,ACC0015050,9045.09,SUCCESS,2026-04-22 12:11:13,1,1,1,2026-04
TXN0000056134,ACC0020662,5903.06,SUCCESS,2026-05-10 15:33:56,1,1,1,2026-05
TXN0000056138,ACC0015946,16995.37,SUCCESS,2026-05-06 23:22:58,1,1,1,2026-05
TXN0000056139,ACC0012403,127121.27,SUCCESS,2026-01-21 22:40:18,1,1,1,2026-01
TXN0000056140,ACC0004045,63642.92,SUCCESS,2026-05-18 14:51:18,1,1,1,2026-05
TXN0000056141,ACC0017959,121629.98,SUCCESS,2026-06-08 21:07:34,1,1,1,2026-06
TXN0000056145,ACC0000927,82991.18,SUCCESS,2026-03-09 06:10:55,1,1,1,2026-03
TXN0000056148,ACC0029117,48592.24,SUCCESS,2026-05-30 05:47:30,1,1,1,2026-05
TXN0000056150,ACC0018291,21890.48,SUCCESS,2026-05-09 19:53:43,1,1,1,2026-05
TXN0000056156,ACC0026423,106181.58,SUCCESS,2026-01-25 00:28:39,1,1,1,2026-01
TXN0000056165,ACC0001725,86443.12,SUCCESS,2026-04-19 11:43:32,1,1,1,2026-04
TXN0000056172,ACC0025794,100161.68,SUCCESS,2026-05-19 16:46:58,1,1,1,2026-05
TXN0000056173,ACC0020816,43208.99,SUCCESS,2026-02-12 22:00:45,1,1,1,2026-02
TXN0000056174,ACC0000457,16173.35,SUCCESS,2026-05-23 16:09:40,1,1,1,2026-05
TXN0000056178,ACC0007044,122363.58,SUCCESS,2026-01-24 18:23:36,1,1,1,2026-01
TXN0000056187,ACC0002586,32960.16,SUCCESS,2026-04-10 19:01:43,1,1,1,2026-04
TXN0000056204,ACC0001472,130991.89,SUCCESS,2026-05-25 15:38:41,1,1,1,2026-05
TXN0000056223,ACC0018967,87416.04,SUCCESS,2026-03-17 15:19:51,1,1,1,2026-03
TXN0000056226,ACC0020216,134728.62,SUCCESS,2026-07-19 20:09:50,1,1,1,2026-07
TXN0000056228,ACC0028758,2702.25,SUCCESS,2026-06-04 02:51:04,1,1,1,2026-06
TXN0000056237,ACC0014456,4077.58,SUCCESS,2026-07-17 02:52:17,1,1,1,2026-07
TXN0000056259,ACC0011916,98692.83,SUCCESS,2026-01-17 22:32:05,1,1,1,2026-01
TXN0000056262,ACC0026430,30974.98,SUCCESS,2026-06-02 08:07:51,1,1,1,2026-06
TXN0000056273,ACC0011402,87895.66,SUCCESS,2026-03-03 12:44:15,1,1,1,2026-03
TXN0000056275,ACC0028449,84697.95,SUCCESS,2026-02-04 22:05:58,1,1,1,2026-02
TXN0000056289,ACC0020728,35229.96,SUCCESS,2026-01-19 22:06:55,1,1,1,2026-01
TXN0000056294,ACC0029980,43408.12,SUCCESS,2026-01-24 18:04:35,1,1,1,2026-01
TXN0000056303,ACC0010411,127106.83,SUCCESS,2026-04-27 21:12:11,1,1,1,2026-04
TXN0000056305,ACC0002984,96508.56,SUCCESS,2026-03-25 17:05:09,1,1,1,2026-03
TXN0000056313,ACC0013226,115131.95,SUCCESS,2026-07-01 19:23:43,1,1,1,2026-07
TXN0000056330,ACC0010702,23437.71,SUCCESS,2026-03-08 00:33:10,1,1,1,2026-03
TXN0000056337,ACC0013803,32971.64,SUCCESS,2026-07-30 00:31:52,1,1,1,2026-07
TXN0000056340,ACC0012681,38986.67,SUCCESS,2026-03-11 06:02:20,1,1,1,2026-03
TXN0000056345,ACC0027640,115134.1,SUCCESS,2026-01-14 23:52:10,1,1,1,2026-01
TXN0000056351,ACC0016189,83026.36,SUCCESS,2026-01-08 21:10:08,1,1,1,2026-01
TXN0000056352,ACC0012571,125471.17,SUCCESS,2026-07-13 09:43:16,1,1,1,2026-07
TXN0000056353,ACC0009013,132380.92,SUCCESS,2026-06-09 04:27:14,1,1,1,2026-06
TXN0000056354,ACC0007183,100413.38,SUCCESS,2026-05-06 18:35:33,1,1,1,2026-05
TXN0000056360,ACC0008791,23525.74,SUCCESS,2026-07-26 20:28:07,1,1,1,2026-07
TXN0000056364,ACC0022893,85252.54,SUCCESS,2026-02-21 06:05:40,1,1,1,2026-02
TXN0000056366,ACC0017263,125098.43,SUCCESS,2026-06-16 21:45:06,1,1,1,2026-06
TXN0000056368,ACC0014589,89268.03,SUCCESS,2026-05-11 23:40:31,1,1,1,2026-05
TXN0000056385,ACC0002786,127759.09,SUCCESS,2026-07-25 01:31:26,1,1,1,2026-07
TXN0000056386,ACC0013073,50228.55,SUCCESS,2026-04-27 01:08:00,1,1,1,2026-04
TXN0000056392,ACC0009151,49366.16,SUCCESS,2026-06-13 00:31:22,1,2,1,2026-06
TXN0000056407,ACC0006679,123660.73,SUCCESS,2026-07-17 09:53:12,1,1,1,2026-07
TXN0000056417,ACC0026733,134144.17,SUCCESS,2026-01-24 16:57:01,1,1,1,2026-01
TXN0000056418,ACC0029602,143200.85,SUCCESS,2026-07-24 08:37:50,1,1,1,2026-07
TXN0000056420,ACC0005371,41363.84,SUCCESS,2026-06-23 06:06:53,1,1,1,2026-06
TXN0000056427,ACC0006052,40923.21,SUCCESS,2026-03-03 07:21:05,1,1,1,2026-03
TXN0000056434,ACC0016635,99694.36,SUCCESS,2026-01-18 12:35:46,1,1,1,2026-01
TXN0000056440,ACC0026382,43956.53,SUCCESS,2026-06-12 23:02:59,1,1,1,2026-06
TXN0000056443,ACC0017677,110537.24,SUCCESS,2026-03-26 11:59:52,1,1,1,2026-03
TXN0000056445,ACC0012159,49053.57,SUCCESS,2026-03-15 08:36:51,1,1,1,2026-03
TXN0000056458,ACC0029386,9585.58,SUCCESS,2026-06-01 11:11:30,1,1,1,2026-06
TXN0000056464,ACC0022714,81707.43,SUCCESS,2026-03-14 05:52:04,1,1,1,2026-03
TXN0000056466,ACC0029523,42616.08,SUCCESS,2026-03-04 23:28:49,1,1,1,2026-03
TXN0000056471,ACC0024457,3202.0,SUCCESS,2026-04-16 14:26:27,1,1,1,2026-04
TXN0000056472,ACC0011042,51641.43,SUCCESS,2026-02-18 11:04:14,1,1,1,2026-02
TXN0000056473,ACC0026948,91238.21,SUCCESS,2026-02-14 05:27:24,1,1,1,2026-02
TXN0000056481,ACC0018632,118890.62,SUCCESS,2026-04-23 13:27:15,1,1,1,2026-04
TXN0000056496,ACC0008476,52075.04,SUCCESS,2026-07-07 15:26:56,1,1,1,2026-07
TXN0000056506,ACC0015711,78456.29,SUCCESS,2026-04-04 09:04:12,1,1,1,2026-04
TXN0000056514,ACC0005994,9438.95,SUCCESS,2026-06-11 12:39:17,1,1,1,2026-06
TXN0000056516,ACC0028223,122259.08,SUCCESS,2026-01-02 17:05:34,1,1,1,2026-01
TXN0000056519,ACC0028317,50358.38,SUCCESS,2026-04-28 11:38:14,1,1,1,2026-04
TXN0000056525,ACC0000490,56321.34,SUCCESS,2026-04-30 09:15:28,1,1,1,2026-04
TXN0000056534,ACC0005294,19981.07,SUCCESS,2026-06-10 15:30:28,1,1,1,2026-06
TXN0000056537,ACC0008614,84579.71,SUCCESS,2026-08-06 07:41:34,1,1,1,2026-08
TXN0000056543,ACC0026913,124351.96,SUCCESS,2026-04-22 01:11:04,1,1,1,2026-04
TXN0000056544,ACC0015963,15734.4,SUCCESS,2026-02-08 05:52:50,1,1,1,2026-02
TXN0000056561,ACC0023016,142278.46,SUCCESS,2026-02-23 00:40:14,1,1,1,2026-02
TXN0000056562,ACC0009594,102886.6,SUCCESS,2026-06-24 16:07:08,1,1,1,2026-06
TXN0000056565,ACC0027494,75431.18,SUCCESS,2026-06-11 03:12:24,1,1,1,2026-06
TXN0000056579,ACC0018499,54046.08,SUCCESS,2026-02-23 13:17:58,1,1,1,2026-02
TXN0000056580,ACC0008304,123072.06,SUCCESS,2026-02-03 16:00:10,1,1,1,2026-02
TXN0000056581,ACC0009476,41806.98,SUCCESS,2026-01-14 11:38:14,1,1,1,2026-01
TXN0000056587,ACC0013168,33999.97,SUCCESS,2026-05-10 06:16:57,1,1,1,2026-05
TXN0000056596,ACC0010357,40839.89,SUCCESS,2026-02-10 13:53:11,1,1,1,2026-02
TXN0000056600,ACC0007025,28233.01,SUCCESS,2026-03-09 07:36:29,1,1,1,2026-03
TXN0000056603,ACC0011895,136243.67,SUCCESS,2026-07-17 08:18:43,1,1,1,2026-07
TXN0000056608,ACC0013059,133734.48,SUCCESS,2026-05-04 03:00:04,1,1,1,2026-05
TXN0000056614,ACC0014332,33865.63,SUCCESS,2026-06-19 11:34:27,1,1,1,2026-06
TXN0000056619,ACC0027316,115656.28,SUCCESS,2026-03-02 12:31:18,1,1,1,2026-03
TXN0000056626,ACC0000398,6851.85,SUCCESS,2026-04-03 14:53:25,1,1,1,2026-04
TXN0000056627,ACC0005658,110139.28,SUCCESS,2026-03-31 18:10:46,1,1,1,2026-03
TXN0000056629,ACC0012692,144330.64,SUCCESS,2026-04-18 23:49:15,1,1,1,2026-04
TXN0000056631,ACC0005925,100799.19,SUCCESS,2026-01-24 00:12:18,1,1,1,2026-01
TXN0000056637,ACC0012669,73958.85,SUCCESS,2026-04-01 06:54:11,1,1,1,2026-04
TXN0000056647,ACC0020450,76170.32,SUCCESS,2026-02-23 13:24:06,1,1,1,2026-02
TXN0000056649,ACC0012334,70559.86,SUCCESS,2026-02-18 13:13:59,1,1,1,2026-02
TXN0000056651,ACC0023847,43917.01,SUCCESS,2026-01-09 18:24:28,1,1,1,2026-01
TXN0000056652,ACC0012317,66031.5,SUCCESS,2026-07-12 15:54:47,1,1,1,2026-07
TXN0000056654,ACC0022711,68826.53,SUCCESS,2026-02-28 18:52:30,1,1,1,2026-02
TXN0000056658,ACC0007554,82881.38,SUCCESS,2026-08-05 14:47:46,1,1,1,2026-08
TXN0000056663,ACC0027632,39422.54,SUCCESS,2026-02-03 06:17:39,1,1,1,2026-02
TXN0000056667,ACC0025261,124895.92,SUCCESS,2026-07-19 07:27:35,1,1,1,2026-07
TXN0000056673,ACC0018273,6991.66,SUCCESS,2026-01-07 19:21:57,1,1,1,2026-01
TXN0000056676,ACC0013168,124197.43,SUCCESS,2026-08-05 01:38:30,1,1,1,2026-08
TXN0000056684,ACC0015815,112795.31,SUCCESS,2026-07-07 16:47:36,1,1,1,2026-07
TXN0000056685,ACC0024459,85728.28,SUCCESS,2026-04-06 14:31:30,1,1,1,2026-04
TXN0000056688,ACC0020227,83478.11,SUCCESS,2026-01-10 22:18:49,1,1,1,2026-01
TXN0000056690,ACC0012843,8270.46,SUCCESS,2026-03-10 11:45:01,1,1,1,2026-03
TXN0000056699,ACC0009544,81612.49,SUCCESS,2026-02-03 04:36:47,1,2,1,2026-02
TXN0000056700,ACC0007571,61889.76,SUCCESS,2026-01-28 11:08:57,1,1,1,2026-01
TXN0000056704,ACC0008804,50751.5,SUCCESS,2026-06-23 06:22:10,1,1,1,2026-06
TXN0000056705,ACC0008109,98690.82,SUCCESS,2026-02-11 09:04:35,1,1,1,2026-02
TXN0000056706,ACC0008200,37186.4,SUCCESS,2026-05-20 23:16:34,1,1,1,2026-05
TXN0000056726,ACC0027126,108301.79,SUCCESS,2026-03-30 17:45:12,1,1,1,2026-03
TXN0000056728,ACC0016702,79175.58,SUCCESS,2026-06-06 08:19:23,1,1,1,2026-06
TXN0000056733,ACC0011862,70953.66,SUCCESS,2026-05-17 17:48:11,1,1,1,2026-05
TXN0000056736,ACC0022819,103950.96,SUCCESS,2026-02-07 13:45:19,1,1,1,2026-02
TXN0000056737,ACC0004176,85055.9,SUCCESS,2026-02-24 04:49:23,1,1,1,2026-02
TXN0000056741,ACC0024040,61576.43,SUCCESS,2026-01-20 05:12:51,1,1,1,2026-01
TXN0000056747,ACC0023216,66119.53,SUCCESS,2026-04-12 21:31:12,1,1,1,2026-04
TXN0000056748,ACC0010833,37377.45,SUCCESS,2026-06-12 04:26:33,1,1,1,2026-06
TXN0000056753,ACC0001353,97689.41,SUCCESS,2026-06-14 23:46:07,1,1,1,2026-06
TXN0000056757,ACC0025909,120108.49,SUCCESS,2026-08-07 00:51:57,1,1,1,2026-08
TXN0000056760,ACC0008016,110518.39,SUCCESS,2026-06-24 17:36:05,1,1,1,2026-06
TXN0000056761,ACC0021064,149118.7,SUCCESS,2026-04-02 10:28:08,1,1,1,2026-04
TXN0000056772,ACC0021268,29345.5,SUCCESS,2026-07-21 04:13:10,1,1,1,2026-07
TXN0000056778,ACC0021321,82771.59,SUCCESS,2026-05-11 14:48:05,1,1,1,2026-05
TXN0000056794,ACC0022916,66862.47,SUCCESS,2026-07-14 02:47:51,1,1,1,2026-07
TXN0000056800,ACC0021885,91298.51,SUCCESS,2026-01-12 19:06:00,1,1,1,2026-01
TXN0000056808,ACC0006151,145641.17,SUCCESS,2026-08-05 17:50:18,1,1,1,2026-08
TXN0000056813,ACC0014124,68884.73,SUCCESS,2026-03-18 01:38:20,1,1,1,2026-03
TXN0000056814,ACC0021063,18014.71,SUCCESS,2026-03-15 21:36:28,1,1,1,2026-03
TXN0000056815,ACC0013603,75502.85,SUCCESS,2026-02-25 09:19:51,1,1,1,2026-02
TXN0000056817,ACC0023644,104088.57,SUCCESS,2026-05-08 02:47:37,1,1,1,2026-05
TXN0000056821,ACC0012655,3566.98,SUCCESS,2026-04-30 19:59:59,1,1,1,2026-04
TXN0000056824,ACC0008076,90528.42,SUCCESS,2026-07-01 06:44:33,1,1,1,2026-07
TXN0000056831,ACC0009399,129643.56,SUCCESS,2026-01-02 21:07:36,1,1,1,2026-01
TXN0000056836,ACC0005083,41350.39,SUCCESS,2026-07-13 06:09:32,1,1,1,2026-07
TXN0000056842,ACC0015150,80901.36,SUCCESS,2026-01-20 23:53:55,1,2,1,2026-01
TXN0000056845,ACC0007057,94590.49,SUCCESS,2026-04-06 20:12:52,1,1,1,2026-04
TXN0000056848,ACC0002845,13847.54,SUCCESS,2026-04-30 21:28:05,1,1,1,2026-04
TXN0000056857,ACC0016892,56524.27,SUCCESS,2026-02-04 04:04:39,1,1,1,2026-02
TXN0000056858,ACC0019848,40626.73,SUCCESS,2026-06-03 19:36:04,1,1,1,2026-06
TXN0000056863,ACC0027052,57609.79,SUCCESS,2026-06-07 15:21:59,1,1,1,2026-06
TXN0000056869,ACC0000598,89464.6,SUCCESS,2026-03-09 07:44:20,1,1,1,2026-03
TXN0000056873,ACC0019603,119669.7,SUCCESS,2026-05-08 08:28:08,1,1,1,2026-05
TXN0000056881,ACC0019137,30606.25,SUCCESS,2026-07-15 18:24:56,1,1,1,2026-07
TXN0000056883,ACC0022146,62384.8,SUCCESS,2026-07-12 19:07:00,1,1,1,2026-07
TXN0000056888,ACC0009147,115953.7,SUCCESS,2026-07-27 15:40:22,1,1,1,2026-07
TXN0000056890,ACC0002430,117107.48,SUCCESS,2026-05-25 06:35:02,1,1,1,2026-05
TXN0000056906,ACC0012514,100608.18,SUCCESS,2026-06-18 09:43:58,1,1,1,2026-06
TXN0000056914,ACC0014569,74861.75,SUCCESS,2026-05-17 06:33:02,1,1,1,2026-05
TXN0000056916,ACC0019062,23136.93,SUCCESS,2026-02-22 05:32:18,1,1,1,2026-02
TXN0000056919,ACC0004849,81649.52,SUCCESS,2026-03-11 20:24:10,1,1,1,2026-03
TXN0000056924,ACC0015779,94399.84,SUCCESS,2026-05-20 20:11:50,1,1,1,2026-05
TXN0000056925,ACC0006209,8022.82,SUCCESS,2026-01-19 04:08:45,1,1,1,2026-01
TXN0000056926,ACC0019435,23641.64,SUCCESS,2026-01-31 02:00:02,1,1,1,2026-01
TXN0000056933,ACC0013688,40245.83,SUCCESS,2026-04-08 04:15:04,1,1,1,2026-04
TXN0000056948,ACC0008134,28567.35,SUCCESS,2026-07-27 00:23:16,1,1,1,2026-07
TXN0000056958,ACC0027965,32743.1,SUCCESS,2026-04-17 05:55:56,1,1,1,2026-04
TXN0000056959,ACC0003953,88672.91,SUCCESS,2026-07-25 21:31:18,1,1,1,2026-07
TXN0000056965,ACC0016664,89201.8,SUCCESS,2026-07-27 13:29:42,1,1,1,2026-07
TXN0000056974,ACC0022627,141596.77,SUCCESS,2026-07-30 09:14:26,1,1,1,2026-07
TXN0000056981,ACC0023447,100434.01,SUCCESS,2026-04-03 15:29:22,1,1,1,2026-04
TXN0000056987,ACC0023329,50159.67,SUCCESS,2026-02-05 11:02:50,1,1,1,2026-02
TXN0000056988,ACC0003517,31772.52,SUCCESS,2026-07-22 13:09:46,1,1,1,2026-07
TXN0000056994,ACC0027082,48507.66,SUCCESS,2026-05-01 18:19:06,1,1,1,2026-05
TXN0000056995,ACC0025493,96234.01,SUCCESS,2026-06-30 21:25:22,1,1,1,2026-06
TXN0000057001,ACC0016255,64434.07,SUCCESS,2026-03-31 00:20:31,1,1,1,2026-03
TXN0000057004,ACC0028414,33420.42,SUCCESS,2026-07-15 10:34:32,1,1,1,2026-07
TXN0000057017,ACC0003538,73384.23,SUCCESS,2026-03-25 07:27:30,1,1,1,2026-03
TXN0000057025,ACC0026150,78762.85,SUCCESS,2026-01-18 01:31:11,1,1,1,2026-01
TXN0000057026,ACC0004030,63465.95,SUCCESS,2026-06-14 22:05:10,1,1,1,2026-06
TXN0000057034,ACC0024115,129736.32,SUCCESS,2026-03-14 11:47:30,1,1,1,2026-03
TXN0000057044,ACC0023050,147368.32,SUCCESS,2026-04-23 23:30:25,1,1,1,2026-04
TXN0000057049,ACC0007628,22332.87,SUCCESS,2026-01-31 04:41:01,1,1,1,2026-01
TXN0000057050,ACC0004828,128631.8,SUCCESS,2026-02-13 21:27:50,1,1,1,2026-02
TXN0000057051,ACC0000674,93536.84,SUCCESS,2026-05-18 21:02:53,1,1,1,2026-05
TXN0000057064,ACC0012961,60250.94,SUCCESS,2026-06-15 22:03:45,1,1,1,2026-06
TXN0000057067,ACC0014597,11696.2,SUCCESS,2026-01-19 18:16:37,1,1,1,2026-01
TXN0000057069,ACC0014213,73265.39,SUCCESS,2026-07-12 12:10:22,1,1,1,2026-07
TXN0000057079,ACC0014849,9978.3,SUCCESS,2026-07-31 22:04:45,1,1,1,2026-07
TXN0000057084,ACC0004585,55956.16,SUCCESS,2026-01-05 18:30:45,1,1,1,2026-01
TXN0000057087,ACC0000375,71839.26,SUCCESS,2026-08-03 18:23:20,1,1,1,2026-08
TXN0000057095,ACC0019294,40073.99,SUCCESS,2026-03-01 03:57:34,1,1,1,2026-03
TXN0000057096,ACC0014373,123263.31,SUCCESS,2026-04-24 17:11:40,1,1,1,2026-04
TXN0000057108,ACC0014675,119041.98,SUCCESS,2026-01-01 14:45:54,1,1,1,2026-01
TXN0000057111,ACC0004596,66658.69,SUCCESS,2026-03-31 00:45:24,1,1,1,2026-03
TXN0000057117,ACC0012845,25421.59,SUCCESS,2026-03-21 09:12:31,1,1,1,2026-03
TXN0000057122,ACC0026999,97360.93,SUCCESS,2026-05-12 18:03:12,1,1,1,2026-05
TXN0000057123,ACC0016403,137081.56,SUCCESS,2026-02-02 13:12:12,1,1,1,2026-02
TXN0000057124,ACC0024350,36664.2,SUCCESS,2026-03-26 17:13:23,1,1,1,2026-03
TXN0000057125,ACC0003580,30930.59,SUCCESS,2026-06-21 18:51:30,1,1,1,2026-06
TXN0000057131,ACC0010591,28793.82,SUCCESS,2026-01-28 14:54:20,1,1,1,2026-01
TXN0000057142,ACC0016569,48949.64,SUCCESS,2026-03-20 13:31:20,1,1,1,2026-03
TXN0000057145,ACC0011990,3253.34,SUCCESS,2026-02-25 11:27:28,1,1,1,2026-02
TXN0000057154,ACC0005324,7434.97,SUCCESS,2026-06-22 15:37:44,1,2,1,2026-06
TXN0000057168,ACC0021271,11273.85,SUCCESS,2026-07-08 15:16:49,1,1,1,2026-07
TXN0000057175,ACC0017694,24088.23,SUCCESS,2026-01-20 06:31:20,1,1,1,2026-01
TXN0000057179,ACC0015327,69277.69,SUCCESS,2026-07-23 13:33:45,1,1,1,2026-07
TXN0000057188,ACC0018443,2082.1,SUCCESS,2026-04-17 12:30:11,1,1,1,2026-04
TXN0000057190,ACC0007065,57612.34,SUCCESS,2026-05-24 07:25:40,1,1,1,2026-05
TXN0000057192,ACC0004925,36242.82,SUCCESS,2026-03-16 17:13:19,1,1,1,2026-03
TXN0000057197,ACC0002677,76291.31,SUCCESS,2026-06-13 18:10:02,1,1,1,2026-06
TXN0000057207,ACC0012848,139758.65,SUCCESS,2026-06-25 17:51:56,1,1,1,2026-06
TXN0000057234,ACC0024084,84554.35,SUCCESS,2026-02-04 19:47:19,1,1,1,2026-02
TXN0000057241,ACC0029043,36432.85,SUCCESS,2026-04-21 21:59:11,1,1,1,2026-04
TXN0000057250,ACC0009335,129971.32,SUCCESS,2026-04-22 03:30:14,1,1,1,2026-04
TXN0000057251,ACC0028453,96768.37,SUCCESS,2026-04-07 07:44:12,1,1,1,2026-04
TXN0000057260,ACC0000028,105360.84,SUCCESS,2026-06-27 14:24:50,1,1,1,2026-06
TXN0000057263,ACC0014719,23766.51,SUCCESS,2026-05-13 01:00:05,1,1,1,2026-05
TXN0000057270,ACC0020691,104343.26,SUCCESS,2026-07-02 08:21:58,1,1,1,2026-07
TXN0000057271,ACC0005380,116125.41,SUCCESS,2026-02-28 00:20:09,1,1,1,2026-02
TXN0000057284,ACC0008437,92850.23,SUCCESS,2026-07-07 22:06:26,1,1,1,2026-07
TXN0000057291,ACC0029079,26555.76,SUCCESS,2026-01-10 19:01:26,1,1,1,2026-01
TXN0000057298,ACC0005742,96430.47,SUCCESS,2026-04-17 07:17:14,1,1,1,2026-04
TXN0000057299,ACC0013009,7549.26,SUCCESS,2026-06-09 12:18:39,1,1,1,2026-06
TXN0000057301,ACC0002742,78404.57,SUCCESS,2026-03-19 20:52:31,1,1,1,2026-03
TXN0000057302,ACC0015359,57913.94,SUCCESS,2026-02-01 03:08:14,1,1,1,2026-02
TXN0000057303,ACC0022417,77100.93,SUCCESS,2026-01-05 20:24:24,1,1,1,2026-01
TXN0000057305,ACC0004401,97465.51,SUCCESS,2026-05-26 00:10:04,1,1,1,2026-05
TXN0000057307,ACC0025285,3992.45,SUCCESS,2026-06-17 06:10:28,1,1,1,2026-06
TXN0000057321,ACC0028775,12932.67,SUCCESS,2026-05-29 06:33:46,1,1,1,2026-05
TXN0000057322,ACC0016264,70646.74,SUCCESS,2026-03-13 04:28:35,1,1,1,2026-03
TXN0000057328,ACC0026190,11824.73,SUCCESS,2026-07-02 06:03:26,1,1,1,2026-07
TXN0000057329,ACC0028751,75828.37,SUCCESS,2026-03-15 07:16:21,1,1,1,2026-03
TXN0000057331,ACC0028342,34301.39,SUCCESS,2026-06-15 01:04:16,1,1,1,2026-06
TXN0000057334,ACC0018455,138860.27,SUCCESS,2026-04-26 09:46:53,1,1,1,2026-04
TXN0000057336,ACC0023443,48667.07,SUCCESS,2026-03-10 18:20:37,1,1,1,2026-03
TXN0000057342,ACC0018044,117418.15,SUCCESS,2026-06-05 08:58:47,1,1,1,2026-06
TXN0000057345,ACC0022834,72217.53,SUCCESS,2026-07-21 01:59:40,1,1,1,2026-07
TXN0000057347,ACC0026085,109456.14,SUCCESS,2026-07-02 17:30:40,1,1,1,2026-07
TXN0000057348,ACC0009755,5997.82,SUCCESS,2026-02-28 00:55:48,1,1,1,2026-02
TXN0000057350,ACC0013644,136602.91,SUCCESS,2026-03-17 20:48:21,1,1,1,2026-03
TXN0000057352,ACC0023189,19653.47,SUCCESS,2026-05-17 08:38:36,1,1,1,2026-05
TXN0000057356,ACC0016623,33652.75,SUCCESS,2026-07-14 07:14:55,1,1,1,2026-07
TXN0000057360,ACC0026302,64701.97,SUCCESS,2026-07-24 20:05:12,1,1,1,2026-07
TXN0000057362,ACC0000855,61508.61,SUCCESS,2026-03-24 04:15:09,1,1,1,2026-03
TXN0000057365,ACC0024417,78982.8,SUCCESS,2026-06-04 02:32:36,1,1,1,2026-06
TXN0000057370,ACC0004686,99727.4,SUCCESS,2026-02-10 09:01:18,1,1,1,2026-02
TXN0000057378,ACC0025990,96069.01,SUCCESS,2026-02-12 10:46:25,1,1,1,2026-02
TXN0000057388,ACC0028067,43796.58,SUCCESS,2026-07-17 04:36:27,1,1,1,2026-07
TXN0000057395,ACC0014835,98500.85,SUCCESS,2026-04-23 07:04:27,1,1,1,2026-04
TXN0000057399,ACC0003838,3540.13,SUCCESS,2026-01-20 03:37:21,1,1,1,2026-01
TXN0000057401,ACC0003253,28287.15,SUCCESS,2026-06-01 11:00:25,1,1,1,2026-06
TXN0000057410,ACC0003411,35110.84,SUCCESS,2026-03-03 05:12:29,1,1,1,2026-03
TXN0000057431,ACC0027105,97125.19,SUCCESS,2026-01-21 19:04:00,1,1,1,2026-01
TXN0000057434,ACC0023703,145407.24,SUCCESS,2026-05-20 22:01:21,1,1,1,2026-05
TXN0000057436,ACC0019988,3330.23,SUCCESS,2026-03-22 09:47:00,1,1,1,2026-03
TXN0000057437,ACC0023601,61299.42,SUCCESS,2026-01-12 12:44:39,1,1,1,2026-01
TXN0000057445,ACC0013980,99267.22,SUCCESS,2026-04-07 16:30:57,1,1,1,2026-04
TXN0000057474,ACC0021706,27172.33,SUCCESS,2026-01-05 21:18:28,1,1,1,2026-01
TXN0000057476,ACC0024524,97592.48,SUCCESS,2026-05-12 01:27:17,1,1,1,2026-05
TXN0000057487,ACC0000293,94515.86,SUCCESS,2026-05-05 10:10:31,1,1,1,2026-05
TXN0000057490,ACC0006378,126285.65,SUCCESS,2026-02-03 03:31:57,1,1,1,2026-02
TXN0000057494,ACC0022714,33951.89,SUCCESS,2026-07-26 05:28:38,1,2,1,2026-07
TXN0000057495,ACC0023992,17936.22,SUCCESS,2026-01-28 15:19:50,1,1,1,2026-01
TXN0000057501,ACC0013510,75252.97,SUCCESS,2026-03-13 00:23:56,1,1,1,2026-03
TXN0000057503,ACC0015570,13079.33,SUCCESS,2026-06-16 00:45:30,1,1,1,2026-06
TXN0000057506,ACC0007981,132415.76,SUCCESS,2026-02-06 00:15:08,1,1,1,2026-02
TXN0000057509,ACC0027589,103128.41,SUCCESS,2026-01-19 13:51:19,1,1,1,2026-01
TXN0000057510,ACC0005020,72858.84,SUCCESS,2026-03-23 18:50:56,1,1,1,2026-03
TXN0000057529,ACC0014175,117780.62,SUCCESS,2026-01-08 07:30:42,1,1,1,2026-01
TXN0000057533,ACC0022945,131069.21,SUCCESS,2026-01-04 18:34:14,1,1,1,2026-01
TXN0000057560,ACC0023429,67085.31,SUCCESS,2026-06-26 18:17:42,1,1,1,2026-06
TXN0000057561,ACC0014749,105915.55,SUCCESS,2026-05-22 06:47:57,1,1,1,2026-05
TXN0000057565,ACC0000051,33112.26,SUCCESS,2026-06-15 01:42:30,1,1,1,2026-06
TXN0000057566,ACC0008210,128249.69,SUCCESS,2026-06-30 22:19:23,1,1,1,2026-06
TXN0000057572,ACC0004430,138729.07,SUCCESS,2026-07-31 06:04:23,1,1,1,2026-07
TXN0000057574,ACC0023978,2570.36,SUCCESS,2026-03-09 23:04:51,1,1,1,2026-03
TXN0000057577,ACC0012367,86343.53,SUCCESS,2026-03-25 05:26:54,1,1,1,2026-03
TXN0000057588,ACC0022009,139520.76,SUCCESS,2026-01-08 15:27:31,1,1,1,2026-01
TXN0000057602,ACC0009945,96353.39,SUCCESS,2026-03-15 20:45:43,1,1,1,2026-03
TXN0000057605,ACC0024170,69739.84,SUCCESS,2026-06-15 01:54:06,1,1,1,2026-06
TXN0000057610,ACC0027414,106919.07,SUCCESS,2026-05-30 13:44:19,1,1,1,2026-05
TXN0000057612,ACC0000742,86656.57,SUCCESS,2026-08-05 11:42:30,1,1,1,2026-08
TXN0000057615,ACC0003991,86394.71,SUCCESS,2026-03-09 04:11:33,1,1,1,2026-03
TXN0000057634,ACC0005205,8747.86,SUCCESS,2026-07-28 10:25:39,1,1,1,2026-07
TXN0000057641,ACC0022765,12190.92,SUCCESS,2026-04-17 19:08:35,1,1,1,2026-04
TXN0000057644,ACC0007166,107538.67,SUCCESS,2026-05-04 08:43:15,1,1,1,2026-05
TXN0000057645,ACC0005129,97048.67,SUCCESS,2026-06-13 18:14:11,1,1,1,2026-06
TXN0000057646,ACC0024281,4396.03,SUCCESS,2026-04-15 15:45:05,1,1,1,2026-04
TXN0000057648,ACC0029166,85189.67,SUCCESS,2026-02-18 03:42:19,1,1,1,2026-02
TXN0000057650,ACC0008281,59815.58,SUCCESS,2026-03-27 02:50:09,1,1,1,2026-03
TXN0000057658,ACC0012491,89789.47,SUCCESS,2026-08-06 08:52:04,1,1,1,2026-08
TXN0000057660,ACC0027743,10878.28,SUCCESS,2026-02-05 17:11:25,1,1,1,2026-02
TXN0000057670,ACC0012760,131377.66,SUCCESS,2026-05-01 21:44:04,1,1,1,2026-05
TXN0000057673,ACC0014393,102554.75,SUCCESS,2026-05-02 20:20:34,1,1,1,2026-05
TXN0000057677,ACC0017340,92004.77,SUCCESS,2026-06-03 23:08:03,1,1,1,2026-06
TXN0000057693,ACC0006321,38501.97,SUCCESS,2026-04-08 12:30:10,1,1,1,2026-04
TXN0000057698,ACC0007190,124854.98,SUCCESS,2026-03-06 15:29:18,1,1,1,2026-03
TXN0000057711,ACC0020199,70609.47,SUCCESS,2026-04-10 16:14:07,1,1,1,2026-04
TXN0000057712,ACC0001934,44472.83,SUCCESS,2026-06-25 19:36:12,1,1,1,2026-06
TXN0000057722,ACC0018236,22001.65,SUCCESS,2026-06-05 16:53:15,1,1,1,2026-06
TXN0000057723,ACC0014735,122582.5,SUCCESS,2026-01-16 13:04:02,1,1,1,2026-01
TXN0000057724,ACC0026076,139058.8,SUCCESS,2026-07-31 17:15:27,1,1,1,2026-07
TXN0000057726,ACC0020299,68822.69,SUCCESS,2026-06-11 09:22:05,1,1,1,2026-06
TXN0000057728,ACC0001175,135242.92,SUCCESS,2026-04-21 05:16:54,1,1,1,2026-04
TXN0000057730,ACC0003850,132961.01,SUCCESS,2026-01-04 00:19:13,1,1,1,2026-01
TXN0000057735,ACC0026754,95892.35,SUCCESS,2026-06-06 13:12:16,1,1,1,2026-06
TXN0000057740,ACC0018439,128559.23,SUCCESS,2026-03-13 04:46:55,1,1,1,2026-03
TXN0000057741,ACC0022857,38442.35,SUCCESS,2026-03-25 22:16:41,1,1,1,2026-03
TXN0000057749,ACC0009249,51663.02,SUCCESS,2026-01-10 03:11:11,1,1,1,2026-01
TXN0000057752,ACC0019148,29856.39,SUCCESS,2026-05-14 19:17:02,1,1,1,2026-05
TXN0000057753,ACC0021855,59888.46,SUCCESS,2026-06-21 17:40:17,1,1,1,2026-06
TXN0000057755,ACC0015015,128506.7,SUCCESS,2026-05-12 12:07:49,1,1,1,2026-05
TXN0000057773,ACC0017116,50009.67,SUCCESS,2026-06-20 12:27:52,1,1,1,2026-06
TXN0000057778,ACC0005726,107375.43,SUCCESS,2026-07-26 17:15:51,1,1,1,2026-07
TXN0000057784,ACC0002694,119982.48,SUCCESS,2026-03-10 04:32:26,1,1,1,2026-03
TXN0000057788,ACC0019143,131843.72,SUCCESS,2026-05-04 18:40:57,1,1,1,2026-05
TXN0000057792,ACC0016980,71196.71,SUCCESS,2026-05-16 23:29:24,1,1,1,2026-05
TXN0000057799,ACC0021439,117861.18,SUCCESS,2026-08-04 13:04:14,1,1,1,2026-08
TXN0000057804,ACC0008685,100047.84,SUCCESS,2026-06-14 12:19:21,1,1,1,2026-06
TXN0000057815,ACC0025467,35615.74,SUCCESS,2026-03-30 02:02:05,1,1,1,2026-03
TXN0000057819,ACC0000424,28789.53,SUCCESS,2026-07-06 21:39:28,1,1,1,2026-07
TXN0000057820,ACC0011836,84089.59,SUCCESS,2026-06-08 22:33:00,1,1,1,2026-06
TXN0000057828,ACC0016833,80477.24,SUCCESS,2026-06-09 07:03:45,1,1,1,2026-06
TXN0000057829,ACC0023495,143128.54,SUCCESS,2026-01-13 19:04:42,1,1,1,2026-01
TXN0000057833,ACC0008865,123094.41,SUCCESS,2026-01-27 04:50:24,1,1,1,2026-01
TXN0000057834,ACC0011623,83862.36,SUCCESS,2026-03-31 02:06:52,1,1,1,2026-03
TXN0000057841,ACC0021218,135480.34,SUCCESS,2026-06-28 05:01:44,1,1,1,2026-06
TXN0000057844,ACC0007902,142884.24,SUCCESS,2026-03-19 02:36:52,1,1,1,2026-03
TXN0000057846,ACC0015087,58748.5,SUCCESS,2026-03-21 02:57:22,1,1,1,2026-03
TXN0000057857,ACC0029370,136752.81,SUCCESS,2026-02-10 15:54:17,1,1,1,2026-02
TXN0000057858,ACC0005662,121095.67,SUCCESS,2026-03-31 00:17:40,1,1,1,2026-03
TXN0000057860,ACC0012375,41910.44,SUCCESS,2026-04-08 20:48:58,1,1,1,2026-04
TXN0000057875,ACC0020133,138770.78,SUCCESS,2026-02-27 07:44:17,1,1,1,2026-02
TXN0000057879,ACC0024126,133693.96,SUCCESS,2026-01-16 17:50:36,1,1,1,2026-01
TXN0000057882,ACC0009090,90036.85,SUCCESS,2026-07-31 23:20:04,1,1,1,2026-07
TXN0000057883,ACC0024251,53823.46,SUCCESS,2026-07-18 10:58:02,1,1,1,2026-07
TXN0000057890,ACC0022280,16782.12,SUCCESS,2026-01-06 00:08:54,1,1,1,2026-01
TXN0000057891,ACC0020763,104390.75,SUCCESS,2026-05-26 18:44:19,1,1,1,2026-05
TXN0000057892,ACC0009110,103584.11,SUCCESS,2026-06-16 04:27:48,1,1,1,2026-06
TXN0000057896,ACC0003644,126098.88,SUCCESS,2026-08-08 13:24:51,1,1,1,2026-08
TXN0000057899,ACC0019506,138374.69,SUCCESS,2026-01-23 20:47:27,1,1,1,2026-01
TXN0000057915,ACC0012430,3459.16,SUCCESS,2026-01-30 03:08:12,1,1,1,2026-01
TXN0000057916,ACC0015396,106974.0,SUCCESS,2026-07-21 03:27:51,1,1,1,2026-07
TXN0000057924,ACC0024193,6597.34,SUCCESS,2026-01-01 05:06:19,1,1,1,2026-01
TXN0000057928,ACC0015116,32511.67,SUCCESS,2026-01-26 16:12:29,1,1,1,2026-01
TXN0000057930,ACC0015688,1309.18,SUCCESS,2026-05-01 01:18:38,1,1,1,2026-05
TXN0000057942,ACC0016282,119314.85,SUCCESS,2026-07-31 04:30:49,1,1,1,2026-07
TXN0000057950,ACC0012829,109034.22,SUCCESS,2026-06-25 16:29:22,1,1,1,2026-06
TXN0000057957,ACC0004883,81704.41,SUCCESS,2026-06-17 20:07:22,1,1,1,2026-06
TXN0000057963,ACC0005159,52280.36,SUCCESS,2026-03-30 00:08:13,1,1,1,2026-03
TXN0000057967,ACC0008005,1578.35,SUCCESS,2026-03-27 22:05:46,1,1,1,2026-03
TXN0000057970,ACC0006683,102284.32,SUCCESS,2026-05-12 06:24:38,1,1,1,2026-05
TXN0000057971,ACC0000777,93926.55,SUCCESS,2026-06-17 11:33:58,1,1,1,2026-06
TXN0000057973,ACC0028911,129818.51,SUCCESS,2026-02-24 10:29:20,1,1,1,2026-02
TXN0000057985,ACC0008212,98027.46,SUCCESS,2026-08-02 19:58:29,1,1,1,2026-08
TXN0000057992,ACC0029873,11529.14,SUCCESS,2026-03-10 08:40:18,1,1,1,2026-03
TXN0000057998,ACC0019699,93492.58,SUCCESS,2026-03-27 17:19:35,1,1,1,2026-03
TXN0000058001,ACC0008829,11669.45,SUCCESS,2026-07-15 08:28:45,1,1,1,2026-07
TXN0000058009,ACC0014558,60308.88,SUCCESS,2026-07-03 08:32:43,1,1,1,2026-07
TXN0000058015,ACC0003780,30715.36,SUCCESS,2026-03-09 17:49:03,1,1,1,2026-03
TXN0000058018,ACC0002005,124363.34,SUCCESS,2026-02-12 21:24:37,1,1,1,2026-02
TXN0000058019,ACC0001534,137758.73,SUCCESS,2026-01-15 12:06:36,1,1,1,2026-01
TXN0000058023,ACC0003241,29479.01,SUCCESS,2026-01-05 11:22:10,1,1,1,2026-01
TXN0000058024,ACC0000155,123047.96,SUCCESS,2026-05-11 07:49:31,1,1,1,2026-05
TXN0000058025,ACC0018461,136525.33,SUCCESS,2026-02-02 20:39:31,1,1,1,2026-02
TXN0000058029,ACC0026717,138186.54,SUCCESS,2026-07-29 03:43:30,1,1,1,2026-07
TXN0000058030,ACC0015368,40488.87,SUCCESS,2026-07-28 18:40:21,1,1,1,2026-07
TXN0000058033,ACC0025572,44144.63,SUCCESS,2026-04-29 12:38:40,1,1,1,2026-04
TXN0000058036,ACC0023953,73263.63,SUCCESS,2026-05-24 07:13:45,1,1,1,2026-05
TXN0000058037,ACC0007872,135227.47,SUCCESS,2026-06-18 12:21:39,1,1,1,2026-06
TXN0000058040,ACC0027803,103968.64,SUCCESS,2026-01-12 23:44:58,1,1,1,2026-01
TXN0000058044,ACC0022429,143000.29,SUCCESS,2026-05-01 15:10:31,1,1,1,2026-05
TXN0000058050,ACC0027698,65689.44,SUCCESS,2026-04-14 01:28:57,1,1,1,2026-04
TXN0000058053,ACC0002781,64457.78,SUCCESS,2026-01-22 03:52:06,1,1,1,2026-01
TXN0000058056,ACC0002999,111805.74,SUCCESS,2026-02-09 14:02:09,1,1,1,2026-02
TXN0000058059,ACC0019508,10780.3,SUCCESS,2026-07-12 13:24:34,1,1,1,2026-07
TXN0000058064,ACC0005519,49802.6,SUCCESS,2026-05-14 12:39:11,1,1,1,2026-05
TXN0000058065,ACC0016427,110668.65,SUCCESS,2026-07-04 08:13:57,1,1,1,2026-07
TXN0000058070,ACC0017236,117117.11,SUCCESS,2026-05-01 02:00:52,1,1,1,2026-05
TXN0000058082,ACC0002786,75319.07,SUCCESS,2026-07-13 04:01:09,1,1,1,2026-07
TXN0000058084,ACC0016133,95295.58,SUCCESS,2026-02-16 15:16:48,1,1,1,2026-02
TXN0000058092,ACC0002949,141363.83,SUCCESS,2026-06-11 22:27:13,1,1,1,2026-06
TXN0000058093,ACC0001511,60423.5,SUCCESS,2026-01-19 14:00:34,1,1,1,2026-01
TXN0000058096,ACC0000440,99589.75,SUCCESS,2026-07-30 16:45:10,1,1,1,2026-07
TXN0000058099,ACC0020166,16094.87,SUCCESS,2026-07-25 06:45:01,1,1,1,2026-07
TXN0000058111,ACC0020896,124837.14,SUCCESS,2026-06-12 16:21:25,1,1,1,2026-06
TXN0000058121,ACC0025465,115458.92,SUCCESS,2026-05-23 08:50:36,1,1,1,2026-05
TXN0000058127,ACC0011240,79395.43,SUCCESS,2026-05-01 03:59:10,1,2,1,2026-05
TXN0000058128,ACC0010055,73543.69,SUCCESS,2026-02-22 11:25:38,1,1,1,2026-02
TXN0000058130,ACC0013858,139808.36,SUCCESS,2026-03-08 23:54:11,1,1,1,2026-03
TXN0000058133,ACC0026535,142270.47,SUCCESS,2026-03-23 06:49:25,1,1,1,2026-03
TXN0000058135,ACC0029226,23290.44,SUCCESS,2026-05-05 03:51:09,1,1,1,2026-05
TXN0000058144,ACC0020787,81582.61,SUCCESS,2026-05-07 14:25:00,1,1,1,2026-05
TXN0000058145,ACC0000768,135878.93,SUCCESS,2026-04-04 06:42:14,1,1,1,2026-04
TXN0000058146,ACC0003879,20574.62,SUCCESS,2026-04-21 00:11:49,1,1,1,2026-04
TXN0000058152,ACC0028995,128649.93,SUCCESS,2026-03-18 04:44:03,1,1,1,2026-03
TXN0000058159,ACC0026496,6313.22,SUCCESS,2026-06-19 17:31:46,1,1,1,2026-06
TXN0000058166,ACC0023109,37040.05,SUCCESS,2026-05-17 06:40:29,1,1,1,2026-05
TXN0000058169,ACC0019546,51344.55,SUCCESS,2026-05-16 11:16:37,1,1,1,2026-05
TXN0000058170,ACC0006312,128419.91,SUCCESS,2026-01-14 23:57:54,1,1,1,2026-01
TXN0000058171,ACC0012829,107486.96,SUCCESS,2026-05-07 01:32:22,1,1,1,2026-05
TXN0000058172,ACC0019533,120514.97,SUCCESS,2026-02-28 14:08:02,1,1,1,2026-02
TXN0000058178,ACC0014917,90754.45,SUCCESS,2026-01-15 19:54:32,1,1,1,2026-01
TXN0000058179,ACC0001482,128912.19,SUCCESS,2026-02-23 18:30:10,1,1,1,2026-02
TXN0000058180,ACC0005606,39922.58,SUCCESS,2026-03-07 07:53:07,1,1,1,2026-03
TXN0000058182,ACC0008480,39010.22,SUCCESS,2026-02-18 19:55:58,1,1,1,2026-02
TXN0000058197,ACC0007014,77831.05,SUCCESS,2026-04-04 19:18:01,1,1,1,2026-04
TXN0000058207,ACC0017807,49858.29,SUCCESS,2026-04-30 00:52:09,1,1,1,2026-04
TXN0000058210,ACC0025520,116590.15,SUCCESS,2026-02-19 19:09:59,1,1,1,2026-02
TXN0000058227,ACC0011748,93578.77,SUCCESS,2026-06-23 19:13:53,1,1,1,2026-06
TXN0000058228,ACC0017849,1323.79,SUCCESS,2026-06-13 15:24:53,1,1,1,2026-06
TXN0000058233,ACC0026569,26214.76,SUCCESS,2026-06-19 22:31:10,1,1,1,2026-06
TXN0000058258,ACC0001478,57880.04,SUCCESS,2026-03-29 07:23:29,1,1,1,2026-03
TXN0000058269,ACC0029182,109314.75,SUCCESS,2026-04-24 23:13:45,1,1,1,2026-04
TXN0000058270,ACC0028830,149413.47,SUCCESS,2026-05-02 19:09:14,1,1,1,2026-05
TXN0000058273,ACC0013561,47923.36,SUCCESS,2026-06-14 00:07:59,1,1,1,2026-06
TXN0000058277,ACC0029924,137554.46,SUCCESS,2026-02-20 19:09:33,1,1,1,2026-02
TXN0000058278,ACC0001401,43611.29,SUCCESS,2026-04-21 19:24:01,1,1,1,2026-04
TXN0000058280,ACC0008321,64087.02,SUCCESS,2026-05-12 22:39:03,1,1,1,2026-05
TXN0000058281,ACC0009860,21489.87,SUCCESS,2026-07-30 05:44:20,1,1,1,2026-07
TXN0000058284,ACC0011479,97359.92,SUCCESS,2026-05-31 16:05:44,1,1,1,2026-05
TXN0000058285,ACC0004512,120805.24,SUCCESS,2026-01-21 09:42:18,1,1,1,2026-01
TXN0000058286,ACC0012988,58414.28,SUCCESS,2026-07-30 23:10:13,1,1,1,2026-07
TXN0000058296,ACC0026032,107961.92,SUCCESS,2026-02-28 14:22:48,1,1,1,2026-02
TXN0000058306,ACC0026249,17370.26,SUCCESS,2026-01-25 14:14:20,1,1,1,2026-01
TXN0000058308,ACC0004012,29419.57,SUCCESS,2026-04-16 11:28:32,1,1,1,2026-04
TXN0000058314,ACC0013690,54591.95,SUCCESS,2026-02-05 14:38:14,1,1,1,2026-02
TXN0000058317,ACC0021255,110783.35,SUCCESS,2026-07-29 22:16:46,1,1,1,2026-07
TXN0000058331,ACC0028527,36363.5,SUCCESS,2026-04-05 02:33:23,1,1,1,2026-04
TXN0000058334,ACC0005890,146864.33,SUCCESS,2026-05-13 16:49:29,1,1,1,2026-05
TXN0000058336,ACC0002336,81365.48,SUCCESS,2026-04-01 04:07:31,1,1,1,2026-04
TXN0000058348,ACC0021226,58662.1,SUCCESS,2026-02-07 21:20:42,1,1,1,2026-02
TXN0000058349,ACC0000112,89158.45,SUCCESS,2026-01-25 07:45:34,1,1,1,2026-01
TXN0000058356,ACC0009558,2555.76,SUCCESS,2026-07-16 16:18:46,1,1,1,2026-07
TXN0000058357,ACC0025895,93395.45,SUCCESS,2026-03-19 05:51:25,1,1,1,2026-03
TXN0000058363,ACC0006557,109222.81,SUCCESS,2026-07-20 00:50:30,1,1,1,2026-07
TXN0000058370,ACC0028770,128516.71,SUCCESS,2026-02-23 22:25:00,1,1,1,2026-02
TXN0000058373,ACC0013041,22276.34,SUCCESS,2026-07-05 22:06:08,1,1,1,2026-07
TXN0000058378,ACC0029523,36532.86,SUCCESS,2026-03-04 12:55:15,1,1,1,2026-03
TXN0000058385,ACC0014195,134397.44,SUCCESS,2026-02-15 14:00:41,1,1,1,2026-02
TXN0000058396,ACC0004262,7956.89,SUCCESS,2026-04-13 20:32:44,1,1,1,2026-04
TXN0000058408,ACC0020751,64479.4,SUCCESS,2026-05-05 21:01:10,1,1,1,2026-05
TXN0000058410,ACC0011306,5876.03,SUCCESS,2026-03-09 13:44:40,1,1,1,2026-03
TXN0000058413,ACC0001044,55155.28,SUCCESS,2026-05-01 00:12:49,1,1,1,2026-05
TXN0000058417,ACC0026946,8811.17,SUCCESS,2026-04-27 06:39:00,1,1,1,2026-04
TXN0000058436,ACC0010222,110019.61,SUCCESS,2026-01-20 17:43:00,1,1,1,2026-01
TXN0000058437,ACC0003486,117533.24,SUCCESS,2026-01-06 10:30:28,1,1,1,2026-01
TXN0000058443,ACC0003698,92431.14,SUCCESS,2026-07-16 03:45:59,1,1,1,2026-07
TXN0000058453,ACC0009723,89404.85,SUCCESS,2026-03-14 18:49:16,1,1,1,2026-03
TXN0000058455,ACC0019393,5607.77,SUCCESS,2026-05-20 06:23:21,1,1,1,2026-05
TXN0000058456,ACC0017457,93243.78,SUCCESS,2026-01-22 00:41:36,1,1,1,2026-01
TXN0000058463,ACC0013712,72350.55,SUCCESS,2026-05-11 13:46:56,1,1,1,2026-05
TXN0000058464,ACC0007904,33077.77,SUCCESS,2026-08-07 12:20:15,1,1,1,2026-08
TXN0000058468,ACC0028425,81445.13,SUCCESS,2026-03-25 16:12:43,1,1,1,2026-03
TXN0000058473,ACC0014169,94984.31,SUCCESS,2026-07-17 14:26:45,1,1,1,2026-07
TXN0000058476,ACC0023645,54742.2,SUCCESS,2026-05-18 23:09:58,1,1,1,2026-05
TXN0000058478,ACC0021489,133241.88,SUCCESS,2026-02-23 19:46:33,1,1,1,2026-02
TXN0000058480,ACC0005492,146703.81,SUCCESS,2026-03-19 04:42:22,1,2,1,2026-03
TXN0000058483,ACC0001144,96157.42,SUCCESS,2026-01-28 00:48:30,1,1,1,2026-01
TXN0000058487,ACC0013602,47445.44,SUCCESS,2026-03-02 02:40:31,1,1,1,2026-03
TXN0000058496,ACC0005176,142376.38,SUCCESS,2026-02-26 14:25:19,1,1,1,2026-02
TXN0000058498,ACC0026577,70621.56,SUCCESS,2026-04-22 00:42:04,1,1,1,2026-04
TXN0000058500,ACC0027175,19942.65,SUCCESS,2026-03-02 13:04:35,1,1,1,2026-03
TXN0000058503,ACC0018157,54997.4,SUCCESS,2026-06-17 07:55:34,1,1,1,2026-06
TXN0000058511,ACC0028492,86782.25,SUCCESS,2026-05-11 14:09:27,1,1,1,2026-05
TXN0000058527,ACC0011159,71344.94,SUCCESS,2026-01-21 12:26:46,1,1,1,2026-01
TXN0000058529,ACC0020178,45741.15,SUCCESS,2026-05-25 12:22:34,1,1,1,2026-05
TXN0000058530,ACC0020954,53575.11,SUCCESS,2026-03-08 11:47:39,1,1,1,2026-03
TXN0000058537,ACC0006702,17386.56,SUCCESS,2026-06-02 19:15:27,1,1,1,2026-06
TXN0000058540,ACC0025431,38403.85,SUCCESS,2026-07-23 06:41:50,1,1,1,2026-07
TXN0000058550,ACC0008680,129754.12,SUCCESS,2026-06-16 06:10:30,1,1,1,2026-06
TXN0000058554,ACC0019455,115241.78,SUCCESS,2026-07-03 01:33:46,1,1,1,2026-07
TXN0000058555,ACC0002558,31224.67,SUCCESS,2026-06-17 20:39:09,1,1,1,2026-06
TXN0000058557,ACC0005577,84573.0,SUCCESS,2026-02-25 17:11:47,1,1,1,2026-02
TXN0000058559,ACC0020961,82194.23,SUCCESS,2026-08-05 21:52:01,1,1,1,2026-08
TXN0000058560,ACC0018772,143769.6,SUCCESS,2026-08-08 04:49:11,1,1,1,2026-08
TXN0000058565,ACC0028963,102596.94,SUCCESS,2026-02-19 23:16:05,1,1,1,2026-02
TXN0000058571,ACC0006462,19831.91,SUCCESS,2026-06-06 22:12:56,1,1,1,2026-06
TXN0000058572,ACC0028373,116953.61,SUCCESS,2026-08-06 13:15:27,1,1,1,2026-08
TXN0000058574,ACC0003172,5978.55,SUCCESS,2026-05-18 05:22:57,1,1,1,2026-05
TXN0000058577,ACC0008684,37464.48,SUCCESS,2026-06-26 19:39:04,1,1,1,2026-06
TXN0000058580,ACC0020399,76501.8,SUCCESS,2026-07-03 20:29:37,1,1,1,2026-07
TXN0000058588,ACC0018269,42522.46,SUCCESS,2026-04-09 09:35:39,1,1,1,2026-04
TXN0000058597,ACC0008355,104463.47,SUCCESS,2026-06-20 23:47:42,1,1,1,2026-06
TXN0000058599,ACC0029734,75815.51,SUCCESS,2026-04-19 22:58:32,1,1,1,2026-04
TXN0000058605,ACC0018871,41483.02,SUCCESS,2026-01-16 11:44:15,1,1,1,2026-01
TXN0000058607,ACC0018013,64493.46,SUCCESS,2026-06-29 08:30:22,1,1,1,2026-06
TXN0000058612,ACC0028418,122833.49,SUCCESS,2026-02-28 18:46:29,1,1,1,2026-02
TXN0000058619,ACC0024971,105456.81,SUCCESS,2026-01-28 20:38:17,1,1,1,2026-01
TXN0000058620,ACC0015241,68143.27,SUCCESS,2026-05-01 05:33:15,1,1,1,2026-05
TXN0000058633,ACC0021984,148751.18,SUCCESS,2026-01-10 03:33:01,1,1,1,2026-01
TXN0000058637,ACC0008513,19117.98,SUCCESS,2026-01-23 09:02:40,1,1,1,2026-01
TXN0000058643,ACC0016772,87205.9,SUCCESS,2026-01-28 09:29:25,1,1,1,2026-01
TXN0000058645,ACC0019816,140649.51,SUCCESS,2026-01-24 03:38:40,1,1,1,2026-01
TXN0000058653,ACC0022315,110968.66,SUCCESS,2026-04-22 22:51:19,1,1,1,2026-04
TXN0000058658,ACC0001915,41824.5,SUCCESS,2026-02-02 13:14:17,1,1,1,2026-02
TXN0000058663,ACC0013765,140420.51,SUCCESS,2026-07-14 02:51:10,1,1,1,2026-07
TXN0000058670,ACC0026241,117291.63,SUCCESS,2026-01-14 07:56:00,1,1,1,2026-01
TXN0000058673,ACC0010392,132092.27,SUCCESS,2026-02-15 14:38:53,1,1,1,2026-02
TXN0000058680,ACC0008317,97254.38,SUCCESS,2026-05-18 21:38:49,1,1,1,2026-05
TXN0000058686,ACC0028556,28672.13,SUCCESS,2026-01-07 11:58:51,1,1,1,2026-01
TXN0000058688,ACC0014715,114601.31,SUCCESS,2026-08-02 22:37:50,1,1,1,2026-08
TXN0000058691,ACC0028655,43482.57,SUCCESS,2026-02-12 14:58:37,1,1,1,2026-02
TXN0000058692,ACC0003063,136976.25,SUCCESS,2026-07-27 16:08:47,1,1,1,2026-07
TXN0000058693,ACC0011388,112414.6,SUCCESS,2026-02-17 02:18:41,1,1,1,2026-02
TXN0000058696,ACC0022572,43515.45,SUCCESS,2026-03-13 10:33:01,1,1,1,2026-03
TXN0000058705,ACC0025030,149540.49,SUCCESS,2026-04-20 06:38:29,1,1,1,2026-04
TXN0000058715,ACC0015240,22126.02,SUCCESS,2026-02-01 22:47:00,1,1,1,2026-02
TXN0000058721,ACC0006998,111644.29,SUCCESS,2026-01-13 03:07:13,1,1,1,2026-01
TXN0000058722,ACC0008025,63845.76,SUCCESS,2026-07-28 05:35:21,1,1,1,2026-07
TXN0000058726,ACC0014829,80695.58,SUCCESS,2026-06-14 01:05:18,1,1,1,2026-06
TXN0000058739,ACC0010399,27119.61,SUCCESS,2026-02-17 18:41:17,1,1,1,2026-02
TXN0000058753,ACC0022588,48490.47,SUCCESS,2026-02-06 19:02:48,1,1,1,2026-02
TXN0000058755,ACC0011366,100875.85,SUCCESS,2026-02-11 22:38:04,1,1,1,2026-02
TXN0000058767,ACC0020470,69144.53,SUCCESS,2026-02-11 21:44:44,1,1,1,2026-02
TXN0000058773,ACC0013945,4846.88,SUCCESS,2026-01-13 17:48:10,1,1,1,2026-01
TXN0000058774,ACC0003125,112127.33,SUCCESS,2026-06-17 03:42:45,1,1,1,2026-06
TXN0000058779,ACC0001376,117075.73,SUCCESS,2026-05-13 22:33:19,1,1,1,2026-05
TXN0000058781,ACC0005143,130809.19,SUCCESS,2026-02-02 11:31:23,1,1,1,2026-02
TXN0000058784,ACC0013780,27848.11,SUCCESS,2026-08-05 09:18:42,1,1,1,2026-08
TXN0000058786,ACC0028057,142578.33,SUCCESS,2026-07-11 21:17:37,1,1,1,2026-07
TXN0000058787,ACC0029341,105455.13,SUCCESS,2026-02-20 08:41:28,1,2,1,2026-02
TXN0000058788,ACC0003961,71889.47,SUCCESS,2026-04-11 16:30:37,1,1,1,2026-04
TXN0000058792,ACC0024947,120190.57,SUCCESS,2026-05-15 18:53:58,1,1,1,2026-05
TXN0000058793,ACC0016170,52790.72,SUCCESS,2026-03-26 07:47:12,1,1,1,2026-03
TXN0000058797,ACC0007930,18909.64,SUCCESS,2026-02-15 04:13:36,1,1,1,2026-02
TXN0000058801,ACC0007704,43822.44,SUCCESS,2026-07-07 18:32:41,1,1,1,2026-07
TXN0000058818,ACC0029330,10735.51,SUCCESS,2026-05-14 13:44:21,1,1,1,2026-05
TXN0000058820,ACC0010684,137522.75,SUCCESS,2026-04-04 09:18:03,1,1,1,2026-04
TXN0000058832,ACC0016499,75730.79,SUCCESS,2026-08-06 19:33:48,1,1,1,2026-08
TXN0000058841,ACC0013179,95974.59,SUCCESS,2026-07-10 15:06:13,1,1,1,2026-07
TXN0000058843,ACC0001386,64123.72,SUCCESS,2026-04-08 17:08:25,1,1,1,2026-04
TXN0000058844,ACC0029495,10348.68,SUCCESS,2026-05-09 06:03:51,1,1,1,2026-05
TXN0000058845,ACC0025498,100515.16,SUCCESS,2026-02-25 23:19:19,1,1,1,2026-02
TXN0000058848,ACC0009369,24829.66,SUCCESS,2026-05-20 07:03:44,1,1,1,2026-05
TXN0000058851,ACC0001581,111938.38,SUCCESS,2026-04-23 19:03:08,1,1,1,2026-04
TXN0000058854,ACC0007386,83513.77,SUCCESS,2026-02-15 15:40:36,1,1,1,2026-02
TXN0000058857,ACC0012356,34675.92,SUCCESS,2026-06-19 04:50:35,1,1,1,2026-06
TXN0000058871,ACC0015886,26102.74,SUCCESS,2026-08-03 06:55:10,1,1,1,2026-08
TXN0000058872,ACC0021383,98344.61,SUCCESS,2026-07-18 18:04:22,1,1,1,2026-07
TXN0000058879,ACC0020416,116950.11,SUCCESS,2026-07-08 21:45:02,1,1,1,2026-07
TXN0000058891,ACC0013584,124326.3,SUCCESS,2026-07-21 06:40:04,1,1,1,2026-07
TXN0000058892,ACC0001982,6332.42,SUCCESS,2026-05-13 20:53:11,1,1,1,2026-05
TXN0000058903,ACC0023529,46630.56,SUCCESS,2026-01-28 13:56:39,1,1,1,2026-01
TXN0000058907,ACC0026167,113815.52,SUCCESS,2026-02-14 16:02:01,1,1,1,2026-02
TXN0000058909,ACC0029827,26838.71,SUCCESS,2026-05-22 13:38:15,1,2,1,2026-05
TXN0000058930,ACC0012152,4606.25,SUCCESS,2026-06-24 02:22:10,1,1,1,2026-06
TXN0000058936,ACC0006466,14139.13,SUCCESS,2026-02-04 12:54:33,1,1,1,2026-02
TXN0000058937,ACC0021287,87414.12,SUCCESS,2026-04-02 07:14:27,1,1,1,2026-04
TXN0000058944,ACC0029240,143923.69,SUCCESS,2026-07-19 14:16:29,1,1,1,2026-07
TXN0000058956,ACC0023387,128550.16,SUCCESS,2026-06-25 21:36:07,1,1,1,2026-06
TXN0000058964,ACC0002713,146667.66,SUCCESS,2026-04-29 16:25:18,1,1,1,2026-04
TXN0000058968,ACC0011226,30176.01,SUCCESS,2026-02-04 04:51:11,1,1,1,2026-02
TXN0000058975,ACC0027077,138604.54,SUCCESS,2026-08-02 08:13:29,1,1,1,2026-08
TXN0000058981,ACC0029976,85264.42,SUCCESS,2026-06-19 08:20:25,1,1,1,2026-06
TXN0000058988,ACC0012879,133081.0,SUCCESS,2026-02-13 09:26:56,1,1,1,2026-02
TXN0000059011,ACC0010150,121790.89,SUCCESS,2026-04-10 10:31:30,1,1,1,2026-04
TXN0000059012,ACC0018861,123555.83,SUCCESS,2026-01-09 04:47:04,1,1,1,2026-01
TXN0000059013,ACC0023962,73848.16,SUCCESS,2026-02-12 13:43:18,1,1,1,2026-02
TXN0000059020,ACC0022616,101917.04,SUCCESS,2026-05-05 13:20:55,1,1,1,2026-05
TXN0000059023,ACC0016234,105857.65,SUCCESS,2026-03-14 12:50:20,1,1,1,2026-03
TXN0000059027,ACC0017736,31479.21,SUCCESS,2026-04-20 22:30:14,1,1,1,2026-04
TXN0000059032,ACC0001491,143178.31,SUCCESS,2026-06-11 12:55:23,1,1,1,2026-06
TXN0000059035,ACC0013631,128510.89,SUCCESS,2026-03-19 04:01:32,1,1,1,2026-03
TXN0000059041,ACC0008443,53032.2,SUCCESS,2026-04-20 07:07:51,1,1,1,2026-04
TXN0000059042,ACC0020221,119180.06,SUCCESS,2026-02-26 12:30:51,1,2,1,2026-02
TXN0000059049,ACC0027195,19250.58,SUCCESS,2026-07-28 03:28:10,1,1,1,2026-07
TXN0000059052,ACC0008321,98047.98,SUCCESS,2026-04-01 03:09:24,1,1,1,2026-04
TXN0000059060,ACC0011464,81195.39,SUCCESS,2026-08-08 13:42:43,1,1,1,2026-08
TXN0000059066,ACC0027399,75457.36,SUCCESS,2026-04-27 20:24:39,1,1,1,2026-04
TXN0000059077,ACC0026676,104483.31,SUCCESS,2026-05-13 14:58:58,1,1,1,2026-05
TXN0000059085,ACC0004385,97497.94,SUCCESS,2026-08-06 15:18:19,1,1,1,2026-08
TXN0000059089,ACC0022597,17006.61,SUCCESS,2026-05-04 04:04:24,1,1,1,2026-05
TXN0000059091,ACC0024582,3128.44,SUCCESS,2026-06-18 14:15:48,1,1,1,2026-06
TXN0000059092,ACC0004561,31621.86,SUCCESS,2026-06-23 14:53:20,1,1,1,2026-06
TXN0000059097,ACC0004847,57010.79,SUCCESS,2026-01-21 12:30:08,1,1,1,2026-01
TXN0000059099,ACC0028308,21539.56,SUCCESS,2026-07-14 16:47:12,1,1,1,2026-07
TXN0000059102,ACC0015692,89370.07,SUCCESS,2026-04-15 16:16:16,1,1,1,2026-04
TXN0000059107,ACC0000878,116852.83,SUCCESS,2026-05-04 06:24:25,1,1,1,2026-05
TXN0000059112,ACC0004697,149780.44,SUCCESS,2026-06-15 22:27:55,1,1,1,2026-06
TXN0000059113,ACC0028685,130865.36,SUCCESS,2026-03-17 04:50:07,1,1,1,2026-03
TXN0000059117,ACC0001942,127779.59,SUCCESS,2026-04-27 15:17:22,1,1,1,2026-04
TXN0000059132,ACC0000161,144702.26,SUCCESS,2026-04-30 13:31:07,1,1,1,2026-04
TXN0000059139,ACC0003553,20121.3,SUCCESS,2026-04-30 09:22:41,1,1,1,2026-04
TXN0000059146,ACC0015187,142625.81,SUCCESS,2026-03-27 08:46:52,1,1,1,2026-03
TXN0000059147,ACC0004797,84781.78,SUCCESS,2026-03-10 23:07:45,1,1,1,2026-03
TXN0000059151,ACC0016479,118902.9,SUCCESS,2026-01-10 02:50:10,1,2,1,2026-01
TXN0000059154,ACC0029264,47898.46,SUCCESS,2026-03-04 02:01:03,1,1,1,2026-03
TXN0000059161,ACC0029071,3538.21,SUCCESS,2026-04-10 05:48:22,1,1,1,2026-04
TXN0000059164,ACC0028770,35116.27,SUCCESS,2026-02-25 02:39:16,1,1,1,2026-02
TXN0000059166,ACC0015365,107240.75,SUCCESS,2026-07-02 19:33:12,1,1,1,2026-07
TXN0000059170,ACC0015364,26357.3,SUCCESS,2026-02-05 23:44:12,1,1,1,2026-02
TXN0000059174,ACC0009909,18708.29,SUCCESS,2026-06-09 19:25:45,1,1,1,2026-06
TXN0000059178,ACC0000250,40110.71,SUCCESS,2026-06-03 00:39:12,1,1,1,2026-06
TXN0000059179,ACC0017531,11015.69,SUCCESS,2026-06-27 03:23:39,1,1,1,2026-06
TXN0000059184,ACC0001208,37328.98,SUCCESS,2026-06-19 20:36:28,1,1,1,2026-06
TXN0000059195,ACC0009256,49199.13,SUCCESS,2026-04-08 12:38:46,1,1,1,2026-04
TXN0000059204,ACC0002769,28345.18,SUCCESS,2026-02-27 17:30:26,1,1,1,2026-02
TXN0000059223,ACC0000021,112208.34,SUCCESS,2026-03-18 01:53:34,1,1,1,2026-03
TXN0000059226,ACC0013555,59093.12,SUCCESS,2026-07-11 11:27:05,1,1,1,2026-07
TXN0000059228,ACC0005473,6601.84,SUCCESS,2026-07-24 11:02:07,1,1,1,2026-07
TXN0000059239,ACC0029281,117595.68,SUCCESS,2026-04-02 19:36:25,1,1,1,2026-04
TXN0000059246,ACC0017412,128408.69,SUCCESS,2026-03-28 16:42:48,1,1,1,2026-03
TXN0000059248,ACC0011446,126359.11,SUCCESS,2026-01-19 05:30:25,1,1,1,2026-01
TXN0000059257,ACC0001770,115148.46,SUCCESS,2026-03-03 06:08:23,1,1,1,2026-03
TXN0000059261,ACC0005190,82429.75,SUCCESS,2026-07-15 08:13:39,1,1,1,2026-07
TXN0000059274,ACC0007379,28275.35,SUCCESS,2026-07-06 15:04:10,1,1,1,2026-07
TXN0000059276,ACC0020533,101627.83,SUCCESS,2026-01-10 19:31:13,1,1,1,2026-01
TXN0000059278,ACC0008063,101023.7,SUCCESS,2026-07-09 23:27:44,1,1,1,2026-07
TXN0000059279,ACC0027823,57836.07,SUCCESS,2026-06-26 23:42:44,1,1,1,2026-06
TXN0000059280,ACC0016923,29966.77,SUCCESS,2026-05-19 10:21:42,1,1,1,2026-05
TXN0000059286,ACC0010706,94199.71,SUCCESS,2026-08-02 06:57:05,1,1,1,2026-08
TXN0000059290,ACC0025238,69206.09,SUCCESS,2026-02-28 04:08:21,1,1,1,2026-02
TXN0000059294,ACC0022808,9712.35,SUCCESS,2026-07-25 21:58:10,1,1,1,2026-07
TXN0000059296,ACC0014781,138119.22,SUCCESS,2026-07-26 07:23:10,1,1,1,2026-07
TXN0000059299,ACC0025777,70120.11,SUCCESS,2026-01-28 09:55:47,1,1,1,2026-01
TXN0000059312,ACC0017306,10553.57,SUCCESS,2026-04-08 13:45:12,1,1,1,2026-04
TXN0000059321,ACC0010930,71591.04,SUCCESS,2026-05-12 23:55:25,1,1,1,2026-05
TXN0000059329,ACC0017587,84833.21,SUCCESS,2026-04-19 05:16:48,1,1,1,2026-04
TXN0000059331,ACC0009155,105134.66,SUCCESS,2026-05-07 15:30:27,1,1,1,2026-05
TXN0000059335,ACC0001285,88320.78,SUCCESS,2026-05-20 00:30:42,1,1,1,2026-05
TXN0000059354,ACC0022630,22490.45,SUCCESS,2026-04-22 06:47:07,1,1,1,2026-04
TXN0000059360,ACC0026509,38777.88,SUCCESS,2026-05-22 03:11:50,1,1,1,2026-05
TXN0000059373,ACC0012199,143330.38,SUCCESS,2026-03-29 18:28:21,1,1,1,2026-03
TXN0000059374,ACC0017971,67458.73,SUCCESS,2026-06-16 08:04:57,1,1,1,2026-06
TXN0000059377,ACC0008661,14246.42,SUCCESS,2026-02-27 13:20:40,1,1,1,2026-02
TXN0000059378,ACC0012200,42546.45,SUCCESS,2026-05-17 17:00:50,1,1,1,2026-05
TXN0000059388,ACC0013071,138829.46,SUCCESS,2026-01-18 23:09:11,1,1,1,2026-01
TXN0000059390,ACC0022146,34803.88,SUCCESS,2026-07-17 10:03:38,1,1,1,2026-07
TXN0000059394,ACC0005483,120584.99,SUCCESS,2026-03-25 22:34:41,1,1,1,2026-03
TXN0000059398,ACC0013882,38823.62,SUCCESS,2026-02-11 16:06:00,1,1,1,2026-02
TXN0000059411,ACC0019407,133230.78,SUCCESS,2026-06-14 14:58:09,1,1,1,2026-06
TXN0000059423,ACC0018765,113701.34,SUCCESS,2026-07-29 03:35:47,1,1,1,2026-07
TXN0000059425,ACC0000361,75887.44,SUCCESS,2026-05-15 02:50:07,1,1,1,2026-05
TXN0000059430,ACC0011260,24188.37,SUCCESS,2026-03-18 03:06:11,1,1,1,2026-03
TXN0000059432,ACC0024929,43349.98,SUCCESS,2026-06-15 22:36:41,1,2,1,2026-06
TXN0000059439,ACC0000111,74027.66,SUCCESS,2026-03-19 05:19:26,1,1,1,2026-03
TXN0000059441,ACC0003641,136328.01,SUCCESS,2026-04-12 11:58:29,1,1,1,2026-04
TXN0000059443,ACC0028672,16884.65,SUCCESS,2026-05-24 14:46:06,1,1,1,2026-05
TXN0000059448,ACC0021646,96289.15,SUCCESS,2026-02-06 01:58:39,1,1,1,2026-02
TXN0000059451,ACC0010806,101025.68,SUCCESS,2026-03-26 21:59:55,1,1,1,2026-03
TXN0000059456,ACC0007962,132442.18,SUCCESS,2026-05-28 23:42:58,1,1,1,2026-05
TXN0000059457,ACC0014399,126343.93,SUCCESS,2026-06-20 02:51:05,1,1,1,2026-06
TXN0000059481,ACC0017577,93448.53,SUCCESS,2026-05-06 01:55:11,1,1,1,2026-05
TXN0000059488,ACC0004529,24912.33,SUCCESS,2026-01-24 22:05:06,1,1,1,2026-01
TXN0000059497,ACC0020530,420.58,SUCCESS,2026-05-04 19:29:47,1,1,1,2026-05
TXN0000059499,ACC0005092,13852.34,SUCCESS,2026-08-07 18:56:06,1,1,1,2026-08
TXN0000059501,ACC0000327,37055.46,SUCCESS,2026-03-17 07:23:30,1,1,1,2026-03
TXN0000059504,ACC0015778,82622.98,SUCCESS,2026-01-09 00:08:09,1,1,1,2026-01
TXN0000059509,ACC0027768,145736.81,SUCCESS,2026-02-17 14:07:56,1,1,1,2026-02
TXN0000059521,ACC0029820,32707.16,SUCCESS,2026-01-02 04:58:09,1,1,1,2026-01
TXN0000059525,ACC0021613,92249.36,SUCCESS,2026-04-01 22:27:18,1,1,1,2026-04
TXN0000059530,ACC0021963,53633.26,SUCCESS,2026-02-09 18:44:26,1,1,1,2026-02
TXN0000059532,ACC0000494,16237.27,SUCCESS,2026-08-03 07:10:56,1,1,1,2026-08
TXN0000059534,ACC0006038,99801.02,SUCCESS,2026-04-11 00:01:31,1,1,1,2026-04
TXN0000059536,ACC0001689,84873.28,SUCCESS,2026-01-20 19:06:55,1,1,1,2026-01
TXN0000059538,ACC0005939,71790.07,SUCCESS,2026-01-16 08:03:44,1,1,1,2026-01
TXN0000059539,ACC0001076,12050.36,SUCCESS,2026-07-21 12:37:26,1,1,1,2026-07
TXN0000059555,ACC0025940,20074.08,SUCCESS,2026-02-02 15:58:19,1,1,1,2026-02
TXN0000059568,ACC0006758,12799.56,SUCCESS,2026-04-06 13:26:53,1,1,1,2026-04
TXN0000059588,ACC0021417,92503.88,SUCCESS,2026-01-11 18:42:46,1,1,1,2026-01
TXN0000059591,ACC0011676,116582.03,SUCCESS,2026-07-03 04:39:02,1,1,1,2026-07
TXN0000059592,ACC0012608,71020.87,SUCCESS,2026-04-23 17:28:21,1,1,1,2026-04
TXN0000059612,ACC0018034,79175.51,SUCCESS,2026-02-15 12:45:38,1,1,1,2026-02
TXN0000059647,ACC0019138,5968.24,SUCCESS,2026-06-04 01:50:04,1,1,1,2026-06
TXN0000059661,ACC0023232,115978.89,SUCCESS,2026-03-10 09:24:16,1,1,1,2026-03
TXN0000059664,ACC0007357,95728.22,SUCCESS,2026-01-18 02:59:25,1,1,1,2026-01
TXN0000059673,ACC0006302,146136.79,SUCCESS,2026-01-29 17:03:28,1,1,1,2026-01
TXN0000059675,ACC0020348,34934.9,SUCCESS,2026-03-22 22:23:32,1,1,1,2026-03
TXN0000059676,ACC0009926,142109.68,SUCCESS,2026-06-19 01:34:53,1,1,1,2026-06
TXN0000059678,ACC0001976,147440.94,SUCCESS,2026-04-18 07:04:31,1,1,1,2026-04
TXN0000059680,ACC0010690,73715.68,SUCCESS,2026-05-18 04:02:25,1,1,1,2026-05
TXN0000059690,ACC0012028,93169.7,SUCCESS,2026-08-01 18:01:40,1,1,1,2026-08
TXN0000059692,ACC0022177,26736.09,SUCCESS,2026-07-11 08:19:49,1,1,1,2026-07
TXN0000059708,ACC0005772,83138.21,SUCCESS,2026-06-14 17:17:10,1,1,1,2026-06
TXN0000059717,ACC0007766,108511.48,SUCCESS,2026-02-09 07:24:30,1,1,1,2026-02
TXN0000059730,ACC0022832,125330.04,SUCCESS,2026-06-11 19:10:40,1,1,1,2026-06
TXN0000059750,ACC0003412,37985.17,SUCCESS,2026-02-22 05:01:08,1,1,1,2026-02
TXN0000059758,ACC0025017,37169.59,SUCCESS,2026-02-09 22:27:56,1,1,1,2026-02
TXN0000059762,ACC0003650,44614.52,SUCCESS,2026-07-26 20:51:05,1,1,1,2026-07
TXN0000059767,ACC0017680,139033.39,SUCCESS,2026-02-14 05:51:53,1,1,1,2026-02
TXN0000059774,ACC0019496,112044.99,SUCCESS,2026-08-03 23:25:36,1,1,1,2026-08
TXN0000059776,ACC0009935,55553.43,SUCCESS,2026-02-16 04:18:43,1,1,1,2026-02
TXN0000059782,ACC0000673,63045.69,SUCCESS,2026-05-31 23:20:36,1,1,1,2026-05
TXN0000059787,ACC0023316,61572.53,SUCCESS,2026-06-03 16:02:41,1,2,1,2026-06
TXN0000059795,ACC0009024,43541.3,SUCCESS,2026-02-16 14:13:32,1,1,1,2026-02
TXN0000059803,ACC0015798,97448.32,SUCCESS,2026-03-04 16:29:37,1,1,1,2026-03
TXN0000059811,ACC0021413,4763.0,SUCCESS,2026-01-13 05:35:46,1,1,1,2026-01
TXN0000059820,ACC0000903,67633.27,SUCCESS,2026-04-12 06:09:16,1,1,1,2026-04
TXN0000059835,ACC0018155,21250.23,SUCCESS,2026-03-09 14:59:01,1,1,1,2026-03
TXN0000059845,ACC0028112,142336.84,SUCCESS,2026-07-15 16:21:52,1,1,1,2026-07
TXN0000059850,ACC0013424,47217.52,SUCCESS,2026-04-03 21:08:54,1,1,1,2026-04
TXN0000059868,ACC0015073,58687.92,SUCCESS,2026-06-24 16:53:33,1,1,1,2026-06
TXN0000059871,ACC0012375,25685.91,SUCCESS,2026-06-22 12:14:13,1,1,1,2026-06
TXN0000059883,ACC0012260,101523.8,SUCCESS,2026-08-02 00:37:53,1,1,1,2026-08
TXN0000059892,ACC0004385,23164.61,SUCCESS,2026-05-29 18:03:18,1,1,1,2026-05
TXN0000059906,ACC0002799,103307.9,SUCCESS,2026-02-05 10:50:28,1,1,1,2026-02
TXN0000059913,ACC0002788,123742.6,SUCCESS,2026-04-16 06:25:48,1,1,1,2026-04
TXN0000059916,ACC0012081,105540.07,SUCCESS,2026-06-23 06:02:30,1,1,1,2026-06
TXN0000059922,ACC0006834,86241.11,SUCCESS,2026-07-19 11:50:30,1,1,1,2026-07
TXN0000059927,ACC0025451,21427.04,SUCCESS,2026-02-06 22:23:56,1,1,1,2026-02
TXN0000059928,ACC0019352,105542.98,SUCCESS,2026-05-14 03:52:51,1,1,1,2026-05
TXN0000059932,ACC0000201,121964.16,SUCCESS,2026-02-13 07:56:01,1,1,1,2026-02
TXN0000059933,ACC0026572,71445.45,SUCCESS,2026-06-23 11:42:08,1,1,1,2026-06
TXN0000059941,ACC0000926,130047.16,SUCCESS,2026-06-08 03:01:01,1,1,1,2026-06
TXN0000059946,ACC0008597,24063.18,SUCCESS,2026-02-08 21:27:03,1,1,1,2026-02
TXN0000059947,ACC0017950,72615.81,SUCCESS,2026-07-24 09:59:17,1,1,1,2026-07
TXN0000059951,ACC0029544,54869.31,SUCCESS,2026-05-04 20:03:00,1,1,1,2026-05
TXN0000059960,ACC0007728,31187.47,SUCCESS,2026-03-30 22:57:55,1,1,1,2026-03
TXN0000059961,ACC0024824,29260.95,SUCCESS,2026-01-21 20:03:16,1,1,1,2026-01
TXN0000059967,ACC0007397,72700.87,SUCCESS,2026-05-03 20:57:12,1,1,1,2026-05
TXN0000059968,ACC0015870,135501.99,SUCCESS,2026-04-10 01:04:46,1,1,1,2026-04
TXN0000059984,ACC0022026,55687.42,SUCCESS,2026-03-18 20:59:02,1,1,1,2026-03
TXN0000059988,ACC0010346,19939.65,SUCCESS,2026-03-11 04:08:00,1,1,1,2026-03
TXN0000059990,ACC0016224,59577.62,SUCCESS,2026-03-09 20:42:40,1,1,1,2026-03
TXN0000059991,ACC0012013,54365.17,SUCCESS,2026-08-08 00:36:52,1,1,1,2026-08
TXN0000059994,ACC0012034,6556.92,SUCCESS,2026-03-22 01:34:03,1,1,1,2026-03
TXN0000059996,ACC0011512,141866.57,SUCCESS,2026-08-04 17:06:15,1,1,1,2026-08
TXN0000060002,ACC0023037,81622.82,SUCCESS,2026-07-02 15:01:10,1,1,1,2026-07
TXN0000060008,ACC0014118,118690.85,SUCCESS,2026-07-18 22:42:30,1,1,1,2026-07
TXN0000060013,ACC0005292,31128.04,SUCCESS,2026-03-04 19:06:29,1,1,1,2026-03
TXN0000060019,ACC0015930,24820.71,SUCCESS,2026-01-10 07:26:13,1,1,1,2026-01
TXN0000060020,ACC0029185,112151.83,SUCCESS,2026-07-10 16:59:52,1,1,1,2026-07
TXN0000060024,ACC0006143,76112.43,SUCCESS,2026-06-24 19:58:30,1,1,1,2026-06
TXN0000060031,ACC0018974,46630.44,SUCCESS,2026-01-26 06:16:19,1,1,1,2026-01
TXN0000060042,ACC0008914,18266.24,SUCCESS,2026-08-01 11:26:14,1,1,1,2026-08
TXN0000060045,ACC0019487,139684.71,SUCCESS,2026-03-08 08:38:26,1,1,1,2026-03
TXN0000060065,ACC0000952,57811.12,SUCCESS,2026-02-28 10:32:07,1,1,1,2026-02
TXN0000060067,ACC0000374,55963.15,SUCCESS,2026-04-21 01:40:25,1,1,1,2026-04
TXN0000060068,ACC0012251,20533.14,SUCCESS,2026-06-19 00:22:34,1,1,1,2026-06
TXN0000060069,ACC0028785,49012.8,SUCCESS,2026-05-03 13:31:16,1,1,1,2026-05
TXN0000060073,ACC0006579,53274.63,SUCCESS,2026-07-28 16:38:27,1,1,1,2026-07
TXN0000060078,ACC0006762,21916.63,SUCCESS,2026-04-23 10:30:13,1,1,1,2026-04
TXN0000060084,ACC0027352,98260.65,SUCCESS,2026-06-22 03:24:00,1,1,1,2026-06
TXN0000060091,ACC0022512,137972.56,SUCCESS,2026-02-21 11:30:47,1,1,1,2026-02
TXN0000060104,ACC0007838,98940.1,SUCCESS,2026-06-03 22:29:28,1,1,1,2026-06
TXN0000060106,ACC0001517,55238.61,SUCCESS,2026-07-30 19:26:30,1,1,1,2026-07
TXN0000060109,ACC0029775,83717.86,SUCCESS,2026-05-06 20:29:32,1,1,1,2026-05
TXN0000060110,ACC0004887,103203.07,SUCCESS,2026-03-21 13:12:02,1,2,1,2026-03
TXN0000060125,ACC0007629,5665.99,SUCCESS,2026-04-15 22:23:06,1,1,1,2026-04
TXN0000060134,ACC0022061,120177.62,SUCCESS,2026-05-25 21:28:00,1,1,1,2026-05
TXN0000060139,ACC0020043,61438.07,SUCCESS,2026-08-02 00:06:00,1,1,1,2026-08
TXN0000060142,ACC0007046,123914.15,SUCCESS,2026-02-21 23:13:26,1,1,1,2026-02
TXN0000060145,ACC0017026,108093.72,SUCCESS,2026-02-21 18:41:10,1,1,1,2026-02
TXN0000060159,ACC0016034,64294.11,SUCCESS,2026-04-30 13:22:14,1,1,1,2026-04
TXN0000060167,ACC0024073,63626.15,SUCCESS,2026-03-04 04:12:16,1,1,1,2026-03
TXN0000060172,ACC0001376,108211.92,SUCCESS,2026-03-01 03:43:35,1,1,1,2026-03
TXN0000060173,ACC0023648,132211.99,SUCCESS,2026-04-25 11:06:49,1,1,1,2026-04
TXN0000060177,ACC0003715,89241.21,SUCCESS,2026-02-17 05:20:57,1,1,1,2026-02
TXN0000060180,ACC0006392,79416.58,SUCCESS,2026-07-16 08:47:22,1,1,1,2026-07
TXN0000060181,ACC0005207,149831.65,SUCCESS,2026-02-07 17:03:11,1,1,1,2026-02
TXN0000060187,ACC0016482,131078.97,SUCCESS,2026-06-03 18:18:59,1,1,1,2026-06
TXN0000060188,ACC0013356,101943.47,SUCCESS,2026-05-04 13:49:53,1,1,1,2026-05
TXN0000060197,ACC0003822,131558.26,SUCCESS,2026-06-12 03:20:58,1,1,1,2026-06
TXN0000060208,ACC0017976,105048.07,SUCCESS,2026-02-26 05:57:59,1,1,1,2026-02
TXN0000060214,ACC0013694,37069.6,SUCCESS,2026-01-14 06:55:14,1,1,1,2026-01
TXN0000060216,ACC0020159,107664.65,SUCCESS,2026-05-18 19:08:11,1,1,1,2026-05
TXN0000060226,ACC0022331,6228.47,SUCCESS,2026-07-29 15:32:50,1,1,1,2026-07
TXN0000060233,ACC0026745,27834.78,SUCCESS,2026-01-06 17:01:17,1,1,1,2026-01
TXN0000060234,ACC0018076,31594.08,SUCCESS,2026-05-06 01:35:00,1,1,1,2026-05
TXN0000060238,ACC0024985,1652.38,SUCCESS,2026-04-22 09:39:50,1,1,1,2026-04
TXN0000060248,ACC0012701,54107.43,SUCCESS,2026-02-03 15:39:23,1,1,1,2026-02
TXN0000060253,ACC0014951,121487.33,SUCCESS,2026-04-23 07:54:17,1,1,1,2026-04
TXN0000060267,ACC0024212,146925.8,SUCCESS,2026-02-21 22:21:44,1,1,1,2026-02
TXN0000060274,ACC0025690,85727.71,SUCCESS,2026-03-02 23:43:27,1,1,1,2026-03
TXN0000060278,ACC0020923,10115.71,SUCCESS,2026-08-05 10:20:32,1,1,1,2026-08
TXN0000060280,ACC0013403,114977.04,SUCCESS,2026-03-06 22:41:42,1,1,1,2026-03
TXN0000060285,ACC0020475,67593.44,SUCCESS,2026-02-26 07:17:32,1,1,1,2026-02
TXN0000060286,ACC0018678,133841.33,SUCCESS,2026-07-09 01:48:07,1,1,1,2026-07
TXN0000060288,ACC0022171,58823.98,SUCCESS,2026-08-02 20:33:33,1,1,1,2026-08
TXN0000060295,ACC0020641,114924.72,SUCCESS,2026-02-23 19:43:17,1,1,1,2026-02
TXN0000060303,ACC0002274,139369.14,SUCCESS,2026-04-21 07:07:06,1,1,1,2026-04
TXN0000060322,ACC0007669,12246.45,SUCCESS,2026-05-07 08:29:04,1,1,1,2026-05
TXN0000060323,ACC0001185,74697.64,SUCCESS,2026-05-19 08:01:14,1,1,1,2026-05
TXN0000060325,ACC0009759,24980.13,SUCCESS,2026-06-02 14:20:56,1,1,1,2026-06
TXN0000060328,ACC0006290,35896.45,SUCCESS,2026-02-11 05:55:16,1,1,1,2026-02
TXN0000060342,ACC0020587,61044.12,SUCCESS,2026-06-18 23:48:22,1,1,1,2026-06
TXN0000060343,ACC0006126,123216.81,SUCCESS,2026-05-15 17:35:57,1,1,1,2026-05
TXN0000060349,ACC0026439,43298.49,SUCCESS,2026-02-21 10:08:11,1,1,1,2026-02
TXN0000060352,ACC0013598,98772.97,SUCCESS,2026-02-21 16:19:46,1,1,1,2026-02
TXN0000060363,ACC0018352,135803.14,SUCCESS,2026-03-15 04:48:50,1,1,1,2026-03
TXN0000060373,ACC0014477,60737.61,SUCCESS,2026-07-18 17:09:37,1,1,1,2026-07
TXN0000060381,ACC0028189,36028.69,SUCCESS,2026-06-08 04:51:53,1,1,1,2026-06
TXN0000060396,ACC0028469,93576.6,SUCCESS,2026-05-28 18:41:01,1,1,1,2026-05
TXN0000060410,ACC0001547,145144.6,SUCCESS,2026-01-09 14:51:58,1,1,1,2026-01
TXN0000060414,ACC0015316,56112.85,SUCCESS,2026-02-01 22:15:36,1,1,1,2026-02
TXN0000060417,ACC0021054,83678.91,SUCCESS,2026-05-03 07:57:27,1,1,1,2026-05
TXN0000060422,ACC0009399,51583.38,SUCCESS,2026-03-20 18:57:02,1,1,1,2026-03
TXN0000060431,ACC0025085,81404.31,SUCCESS,2026-05-17 14:14:06,1,1,1,2026-05
TXN0000060440,ACC0020164,84955.18,SUCCESS,2026-01-07 00:04:13,1,1,1,2026-01
TXN0000060441,ACC0024213,117418.07,SUCCESS,2026-05-31 08:25:21,1,1,1,2026-05
TXN0000060442,ACC0022014,81857.03,SUCCESS,2026-08-01 02:28:28,1,1,1,2026-08
TXN0000060444,ACC0005610,74887.81,SUCCESS,2026-02-04 19:48:39,1,1,1,2026-02
TXN0000060454,ACC0026859,131994.73,SUCCESS,2026-02-04 08:09:00,1,1,1,2026-02
TXN0000060456,ACC0007865,104043.25,SUCCESS,2026-07-17 12:17:43,1,1,1,2026-07
TXN0000060463,ACC0001671,59993.83,SUCCESS,2026-08-04 06:59:15,1,1,1,2026-08
TXN0000060465,ACC0001726,103603.12,SUCCESS,2026-02-17 02:50:09,1,1,1,2026-02
TXN0000060472,ACC0002588,10630.87,SUCCESS,2026-03-25 11:36:08,1,1,1,2026-03
TXN0000060476,ACC0017134,101436.9,SUCCESS,2026-03-01 18:06:49,1,1,1,2026-03
TXN0000060480,ACC0022629,4657.38,SUCCESS,2026-06-17 06:07:52,1,1,1,2026-06
TXN0000060483,ACC0020606,47189.61,SUCCESS,2026-07-06 13:52:07,1,1,1,2026-07
TXN0000060486,ACC0002434,138604.55,SUCCESS,2026-01-17 00:04:55,1,1,1,2026-01
TXN0000060489,ACC0028225,53751.37,SUCCESS,2026-07-22 23:27:04,1,1,1,2026-07
TXN0000060493,ACC0013694,90137.17,SUCCESS,2026-05-20 20:21:49,1,1,1,2026-05
TXN0000060497,ACC0017061,101326.46,SUCCESS,2026-07-23 09:26:12,1,1,1,2026-07
TXN0000060498,ACC0018919,61071.08,SUCCESS,2026-07-19 12:56:09,1,1,1,2026-07
TXN0000060501,ACC0002071,14448.01,SUCCESS,2026-06-14 10:22:20,1,1,1,2026-06
TXN0000060511,ACC0003892,68326.44,SUCCESS,2026-07-29 10:49:20,1,1,1,2026-07
TXN0000060512,ACC0027841,101565.79,SUCCESS,2026-03-10 15:51:33,1,1,1,2026-03
TXN0000060516,ACC0009707,99115.05,SUCCESS,2026-01-04 02:52:25,1,1,1,2026-01
TXN0000060517,ACC0021154,26802.21,SUCCESS,2026-07-19 22:28:11,1,1,1,2026-07
TXN0000060523,ACC0009227,29941.67,SUCCESS,2026-05-18 05:10:24,1,1,1,2026-05
TXN0000060525,ACC0024183,138556.17,SUCCESS,2026-04-08 03:41:56,1,1,1,2026-04
TXN0000060530,ACC0016617,2139.9,SUCCESS,2026-03-23 05:52:30,1,1,1,2026-03
TXN0000060532,ACC0010079,110828.3,SUCCESS,2026-03-04 15:35:49,1,1,1,2026-03
TXN0000060538,ACC0026517,133949.59,SUCCESS,2026-01-24 15:01:08,1,1,1,2026-01
TXN0000060553,ACC0026104,119503.27,SUCCESS,2026-06-01 12:24:54,1,1,1,2026-06
TXN0000060568,ACC0003379,140172.03,SUCCESS,2026-02-15 22:54:37,1,1,1,2026-02
TXN0000060571,ACC0028771,78381.56,SUCCESS,2026-04-15 07:39:10,1,1,1,2026-04
TXN0000060575,ACC0015696,92571.12,SUCCESS,2026-06-21 02:15:33,1,1,1,2026-06
TXN0000060580,ACC0011241,94219.63,SUCCESS,2026-04-08 16:11:46,1,1,1,2026-04
TXN0000060584,ACC0017858,25466.46,SUCCESS,2026-07-18 17:20:39,1,1,1,2026-07
TXN0000060585,ACC0005502,112345.2,SUCCESS,2026-03-12 10:51:55,1,1,1,2026-03
TXN0000060589,ACC0026389,7498.32,SUCCESS,2026-05-26 02:15:28,1,1,1,2026-05
TXN0000060590,ACC0028378,33260.86,SUCCESS,2026-01-01 03:56:34,1,1,1,2026-01
TXN0000060594,ACC0022556,70345.71,SUCCESS,2026-04-21 12:25:09,1,1,1,2026-04
TXN0000060596,ACC0001106,13346.56,SUCCESS,2026-04-01 11:23:55,1,1,1,2026-04
TXN0000060600,ACC0016825,34878.72,SUCCESS,2026-05-29 23:16:31,1,1,1,2026-05
TXN0000060603,ACC0018855,9888.32,SUCCESS,2026-02-27 04:47:38,1,1,1,2026-02
TXN0000060606,ACC0012518,134582.67,SUCCESS,2026-06-25 09:37:57,1,1,1,2026-06
TXN0000060607,ACC0004595,9612.41,SUCCESS,2026-03-21 11:25:17,1,1,1,2026-03
TXN0000060622,ACC0012189,31062.37,SUCCESS,2026-07-10 14:52:30,1,1,1,2026-07
TXN0000060623,ACC0020450,49664.57,SUCCESS,2026-02-04 02:20:21,1,1,1,2026-02
TXN0000060624,ACC0005458,51708.79,SUCCESS,2026-07-15 08:25:45,1,1,1,2026-07
TXN0000060625,ACC0014803,104271.5,SUCCESS,2026-04-08 01:31:10,1,1,1,2026-04
TXN0000060630,ACC0017342,38395.17,SUCCESS,2026-06-28 12:35:10,1,1,1,2026-06
TXN0000060632,ACC0022329,25607.72,SUCCESS,2026-04-17 18:04:32,1,1,1,2026-04
TXN0000060637,ACC0023033,5520.25,SUCCESS,2026-02-20 23:53:11,1,1,1,2026-02
TXN0000060640,ACC0023141,58245.11,SUCCESS,2026-06-28 12:40:02,1,1,1,2026-06
TXN0000060641,ACC0009996,77089.94,SUCCESS,2026-06-09 14:53:45,1,1,1,2026-06
TXN0000060642,ACC0024606,93416.17,SUCCESS,2026-02-25 02:27:12,1,1,1,2026-02
TXN0000060650,ACC0014663,26936.98,SUCCESS,2026-01-17 07:09:12,1,1,1,2026-01
TXN0000060651,ACC0028933,9192.51,SUCCESS,2026-03-25 19:11:36,1,1,1,2026-03
TXN0000060680,ACC0000003,47415.92,SUCCESS,2026-06-22 00:35:27,1,1,1,2026-06
TXN0000060681,ACC0014443,118119.97,SUCCESS,2026-07-28 15:48:27,1,1,1,2026-07
TXN0000060689,ACC0005329,103280.62,SUCCESS,2026-04-19 02:09:52,1,1,1,2026-04
TXN0000060690,ACC0002548,377.33,SUCCESS,2026-02-06 06:50:13,1,1,1,2026-02
TXN0000060696,ACC0011241,26752.23,SUCCESS,2026-05-29 20:38:31,1,1,1,2026-05
TXN0000060702,ACC0009488,145981.74,SUCCESS,2026-03-05 03:38:08,1,1,1,2026-03
TXN0000060707,ACC0008046,101619.42,SUCCESS,2026-06-20 15:39:46,1,1,1,2026-06
TXN0000060713,ACC0025821,120015.07,SUCCESS,2026-06-25 04:48:55,1,1,1,2026-06
TXN0000060715,ACC0000654,57230.42,SUCCESS,2026-05-03 23:50:18,1,1,1,2026-05
TXN0000060723,ACC0011120,873.11,SUCCESS,2026-03-22 11:43:49,1,1,1,2026-03
TXN0000060726,ACC0002571,11183.66,SUCCESS,2026-02-23 17:19:30,1,1,1,2026-02
TXN0000060729,ACC0002535,66102.05,SUCCESS,2026-02-11 00:16:15,1,1,1,2026-02
TXN0000060732,ACC0021779,96384.06,SUCCESS,2026-04-27 13:59:39,1,1,1,2026-04
TXN0000060733,ACC0001889,35002.87,SUCCESS,2026-04-24 07:01:13,1,1,1,2026-04
TXN0000060750,ACC0005705,35781.63,SUCCESS,2026-04-06 16:36:24,1,1,1,2026-04
TXN0000060772,ACC0028564,42020.86,SUCCESS,2026-05-20 07:12:30,1,1,1,2026-05
TXN0000060780,ACC0029229,70694.14,SUCCESS,2026-07-03 18:33:52,1,1,1,2026-07
TXN0000060781,ACC0023299,148441.05,SUCCESS,2026-06-05 11:39:30,1,1,1,2026-06
TXN0000060782,ACC0006915,103080.53,SUCCESS,2026-06-11 18:58:14,1,1,1,2026-06
TXN0000060799,ACC0005507,148966.92,SUCCESS,2026-03-24 14:58:08,1,1,1,2026-03
TXN0000060809,ACC0006307,72820.96,SUCCESS,2026-05-14 15:49:55,1,1,1,2026-05
TXN0000060816,ACC0002045,143835.99,SUCCESS,2026-04-11 00:54:17,1,1,1,2026-04
TXN0000060817,ACC0021062,27791.66,SUCCESS,2026-04-28 04:54:42,1,1,1,2026-04
TXN0000060823,ACC0006913,57583.12,SUCCESS,2026-02-07 10:46:45,1,1,1,2026-02
TXN0000060824,ACC0000690,136998.71,SUCCESS,2026-04-19 14:50:58,1,1,1,2026-04
TXN0000060833,ACC0024018,32298.93,SUCCESS,2026-02-02 13:47:29,1,1,1,2026-02
TXN0000060835,ACC0022345,133520.1,SUCCESS,2026-02-06 04:24:41,1,1,1,2026-02
TXN0000060838,ACC0022905,41985.39,SUCCESS,2026-04-20 16:54:28,1,1,1,2026-04
TXN0000060839,ACC0005679,43535.73,SUCCESS,2026-04-25 07:49:27,1,1,1,2026-04
TXN0000060858,ACC0025656,66112.86,SUCCESS,2026-06-24 23:26:30,1,1,1,2026-06
TXN0000060867,ACC0028049,28826.21,SUCCESS,2026-04-16 14:27:02,1,1,1,2026-04
TXN0000060877,ACC0008641,120095.56,SUCCESS,2026-06-27 06:39:16,1,1,1,2026-06
TXN0000060885,ACC0018245,46244.07,SUCCESS,2026-01-04 20:02:57,1,1,1,2026-01
TXN0000060887,ACC0005480,50976.33,SUCCESS,2026-03-13 07:48:59,1,1,1,2026-03
TXN0000060890,ACC0009009,7409.84,SUCCESS,2026-05-20 18:39:07,1,1,1,2026-05
TXN0000060892,ACC0012509,102919.76,SUCCESS,2026-02-23 03:09:25,1,1,1,2026-02
TXN0000060895,ACC0008689,60624.16,SUCCESS,2026-05-23 22:07:28,1,1,1,2026-05
TXN0000060896,ACC0029503,102552.18,SUCCESS,2026-02-17 07:06:14,1,1,1,2026-02
TXN0000060901,ACC0000754,29452.95,SUCCESS,2026-02-11 14:29:47,1,1,1,2026-02
TXN0000060913,ACC0001547,73063.59,SUCCESS,2026-03-09 18:39:26,1,1,1,2026-03
TXN0000060916,ACC0009647,31398.75,SUCCESS,2026-08-03 03:21:20,1,1,1,2026-08
TXN0000060920,ACC0014109,67213.82,SUCCESS,2026-04-01 21:25:04,1,1,1,2026-04
TXN0000060924,ACC0019005,23427.45,SUCCESS,2026-04-11 21:59:18,1,1,1,2026-04
TXN0000060932,ACC0021054,88932.15,SUCCESS,2026-06-01 00:50:59,1,1,1,2026-06
TXN0000060934,ACC0005100,25639.92,SUCCESS,2026-01-21 04:52:45,1,1,1,2026-01
TXN0000060939,ACC0005898,47552.31,SUCCESS,2026-06-27 10:01:11,1,1,1,2026-06
TXN0000060948,ACC0010388,139428.81,SUCCESS,2026-05-12 02:01:57,1,1,1,2026-05
TXN0000060960,ACC0002325,29186.49,SUCCESS,2026-08-05 22:52:57,1,1,1,2026-08
TXN0000060963,ACC0020757,20610.44,SUCCESS,2026-05-14 23:50:28,1,1,1,2026-05
TXN0000060966,ACC0025114,106162.08,SUCCESS,2026-08-01 18:03:26,1,1,1,2026-08
TXN0000060976,ACC0003857,75620.51,SUCCESS,2026-03-12 17:46:33,1,1,1,2026-03
TXN0000060977,ACC0004390,132887.47,SUCCESS,2026-02-10 23:03:21,1,1,1,2026-02
TXN0000060986,ACC0017873,74424.65,SUCCESS,2026-03-09 21:19:53,1,1,1,2026-03
TXN0000060989,ACC0014482,114428.97,SUCCESS,2026-02-09 17:37:06,1,1,1,2026-02
TXN0000060992,ACC0012000,55589.52,SUCCESS,2026-02-20 09:30:54,1,1,1,2026-02
TXN0000060993,ACC0005966,84060.47,SUCCESS,2026-03-05 08:02:08,1,1,1,2026-03
TXN0000061015,ACC0003146,9475.07,SUCCESS,2026-03-17 23:39:15,1,1,1,2026-03
TXN0000061019,ACC0029229,1848.31,SUCCESS,2026-02-06 20:02:34,1,1,1,2026-02
TXN0000061022,ACC0017450,13106.36,SUCCESS,2026-04-01 10:17:59,1,1,1,2026-04
TXN0000061025,ACC0011125,11277.58,SUCCESS,2026-01-29 13:30:06,1,1,1,2026-01
TXN0000061042,ACC0000425,33030.49,SUCCESS,2026-02-04 17:14:40,1,1,1,2026-02
TXN0000061060,ACC0008953,109008.6,SUCCESS,2026-03-03 00:05:26,1,1,1,2026-03
TXN0000061064,ACC0013471,118971.1,SUCCESS,2026-02-08 05:27:11,1,1,1,2026-02
TXN0000061066,ACC0000538,38953.82,SUCCESS,2026-07-19 11:34:05,1,1,1,2026-07
TXN0000061075,ACC0014351,93684.35,SUCCESS,2026-02-17 10:07:11,1,1,1,2026-02
TXN0000061079,ACC0003760,53161.95,SUCCESS,2026-03-26 01:27:52,1,1,1,2026-03
TXN0000061085,ACC0003229,98046.98,SUCCESS,2026-03-29 19:33:05,1,1,1,2026-03
TXN0000061090,ACC0028770,109405.78,SUCCESS,2026-06-02 02:31:43,1,1,1,2026-06
TXN0000061102,ACC0019470,87254.88,SUCCESS,2026-03-27 00:26:19,1,1,1,2026-03
TXN0000061106,ACC0018234,42234.54,SUCCESS,2026-03-06 19:06:53,1,1,1,2026-03
TXN0000061109,ACC0008253,15244.45,SUCCESS,2026-04-25 11:17:23,1,1,1,2026-04
TXN0000061119,ACC0003653,83907.18,SUCCESS,2026-01-22 15:57:53,1,1,1,2026-01
TXN0000061120,ACC0024746,92354.27,SUCCESS,2026-05-15 18:01:38,1,1,1,2026-05
TXN0000061121,ACC0004697,17881.51,SUCCESS,2026-07-15 15:34:35,1,1,1,2026-07
TXN0000061133,ACC0024426,1305.99,SUCCESS,2026-05-27 20:46:07,1,1,1,2026-05
TXN0000061143,ACC0007727,125573.28,SUCCESS,2026-01-29 10:50:28,1,1,1,2026-01
TXN0000061144,ACC0014779,66525.39,SUCCESS,2026-01-05 22:46:35,1,1,1,2026-01
TXN0000061146,ACC0007395,39767.15,SUCCESS,2026-01-22 07:24:44,1,1,1,2026-01
TXN0000061150,ACC0015742,137756.6,SUCCESS,2026-04-10 11:10:56,1,1,1,2026-04
TXN0000061156,ACC0027314,12349.89,SUCCESS,2026-01-29 09:43:08,1,1,1,2026-01
TXN0000061158,ACC0006681,15203.84,SUCCESS,2026-02-14 13:04:56,1,1,1,2026-02
TXN0000061177,ACC0022777,117153.5,SUCCESS,2026-03-08 15:27:46,1,1,1,2026-03
TXN0000061198,ACC0012647,121328.43,SUCCESS,2026-04-14 01:10:07,1,1,1,2026-04
TXN0000061199,ACC0019263,30450.2,SUCCESS,2026-02-09 03:41:28,1,1,1,2026-02
TXN0000061200,ACC0027378,78923.84,SUCCESS,2026-07-24 01:06:57,1,1,1,2026-07
TXN0000061201,ACC0022833,112902.81,SUCCESS,2026-03-27 10:27:53,1,1,1,2026-03
TXN0000061202,ACC0017479,139112.0,SUCCESS,2026-07-17 11:16:35,1,1,1,2026-07
TXN0000061203,ACC0024193,26084.24,SUCCESS,2026-07-01 01:57:01,1,1,1,2026-07
TXN0000061209,ACC0002633,64191.95,SUCCESS,2026-08-05 01:43:38,1,1,1,2026-08
TXN0000061213,ACC0015470,19484.09,SUCCESS,2026-01-18 06:15:09,1,1,1,2026-01
TXN0000061222,ACC0014907,31534.04,SUCCESS,2026-06-22 18:02:02,1,1,1,2026-06
TXN0000061224,ACC0008110,35417.5,SUCCESS,2026-03-14 20:20:50,1,1,1,2026-03
TXN0000061227,ACC0006215,82316.28,SUCCESS,2026-03-20 04:52:21,1,1,1,2026-03
TXN0000061231,ACC0012893,16485.31,SUCCESS,2026-04-09 06:15:30,1,1,1,2026-04
TXN0000061235,ACC0017143,12505.1,SUCCESS,2026-01-30 11:31:01,1,1,1,2026-01
TXN0000061237,ACC0009244,147827.68,SUCCESS,2026-05-20 23:10:46,1,1,1,2026-05
TXN0000061242,ACC0029253,141382.43,SUCCESS,2026-03-19 07:16:34,1,2,1,2026-03
TXN0000061259,ACC0013287,108301.42,SUCCESS,2026-04-10 13:15:26,1,1,1,2026-04
TXN0000061262,ACC0020027,92013.59,SUCCESS,2026-01-16 00:46:52,1,1,1,2026-01
TXN0000061266,ACC0014180,136446.85,SUCCESS,2026-03-14 08:31:57,1,1,1,2026-03
TXN0000061272,ACC0000996,9693.98,SUCCESS,2026-02-18 20:27:58,1,1,1,2026-02
TXN0000061274,ACC0009103,56904.7,SUCCESS,2026-03-22 20:56:34,1,1,1,2026-03
TXN0000061276,ACC0012154,69614.03,SUCCESS,2026-02-23 08:41:46,1,1,1,2026-02
TXN0000061280,ACC0011347,90627.89,SUCCESS,2026-03-10 20:37:17,1,1,1,2026-03
TXN0000061295,ACC0014542,108630.99,SUCCESS,2026-06-21 19:17:40,1,1,1,2026-06
TXN0000061306,ACC0008766,128994.57,SUCCESS,2026-05-15 11:34:51,1,1,1,2026-05
TXN0000061315,ACC0024226,127568.98,SUCCESS,2026-04-13 01:39:47,1,1,1,2026-04
TXN0000061318,ACC0002728,59159.07,SUCCESS,2026-05-29 01:08:50,1,1,1,2026-05
TXN0000061325,ACC0009485,65629.96,SUCCESS,2026-01-17 09:08:45,1,1,1,2026-01
TXN0000061327,ACC0027483,78042.48,SUCCESS,2026-06-10 05:14:04,1,1,1,2026-06
TXN0000061329,ACC0026751,100996.44,SUCCESS,2026-05-31 05:45:14,1,1,1,2026-05
TXN0000061339,ACC0001688,11062.61,SUCCESS,2026-08-06 10:29:12,1,1,1,2026-08
TXN0000061344,ACC0008592,81082.59,SUCCESS,2026-02-15 20:10:23,1,1,1,2026-02
TXN0000061351,ACC0003833,62839.68,SUCCESS,2026-07-01 18:37:20,1,1,1,2026-07
TXN0000061354,ACC0008092,87917.17,SUCCESS,2026-03-19 18:50:35,1,1,1,2026-03
TXN0000061355,ACC0004571,74395.2,SUCCESS,2026-07-08 00:28:40,1,1,1,2026-07
TXN0000061369,ACC0014718,74393.94,SUCCESS,2026-01-17 01:28:01,1,1,1,2026-01
TXN0000061377,ACC0023915,118001.06,SUCCESS,2026-04-21 10:36:55,1,1,1,2026-04
TXN0000061378,ACC0028330,67173.81,SUCCESS,2026-03-28 08:55:37,1,1,1,2026-03
TXN0000061391,ACC0028139,116898.42,SUCCESS,2026-05-05 04:05:17,1,1,1,2026-05
TXN0000061404,ACC0008454,12854.93,SUCCESS,2026-07-27 18:15:32,1,1,1,2026-07
TXN0000061409,ACC0002463,50853.65,SUCCESS,2026-05-18 01:58:19,1,1,1,2026-05
TXN0000061412,ACC0008281,106776.18,SUCCESS,2026-02-06 23:39:35,1,1,1,2026-02
TXN0000061414,ACC0007861,101520.52,SUCCESS,2026-01-08 12:57:08,1,1,1,2026-01
TXN0000061415,ACC0001175,89537.72,SUCCESS,2026-05-11 00:05:17,1,1,1,2026-05
TXN0000061417,ACC0014065,116106.9,SUCCESS,2026-03-04 14:01:43,1,1,1,2026-03
TXN0000061425,ACC0024631,90503.62,SUCCESS,2026-06-07 07:36:22,1,1,1,2026-06
TXN0000061426,ACC0017404,39061.85,SUCCESS,2026-04-05 17:06:13,1,1,1,2026-04
TXN0000061431,ACC0010639,71822.57,SUCCESS,2026-05-01 21:18:57,1,1,1,2026-05
TXN0000061433,ACC0000366,149851.03,SUCCESS,2026-07-28 08:45:04,1,1,1,2026-07
TXN0000061434,ACC0018012,77348.8,SUCCESS,2026-04-11 23:35:30,1,1,1,2026-04
TXN0000061443,ACC0023227,41780.5,SUCCESS,2026-06-02 05:23:13,1,1,1,2026-06
TXN0000061454,ACC0006977,4760.23,SUCCESS,2026-01-23 15:55:58,1,1,1,2026-01
TXN0000061459,ACC0019214,4714.02,SUCCESS,2026-06-13 00:16:59,1,1,1,2026-06
TXN0000061460,ACC0026758,140628.88,SUCCESS,2026-03-14 18:42:32,1,1,1,2026-03
TXN0000061468,ACC0025762,68350.0,SUCCESS,2026-02-23 01:15:36,1,1,1,2026-02
TXN0000061474,ACC0028019,30895.51,SUCCESS,2026-02-28 08:19:10,1,1,1,2026-02
TXN0000061476,ACC0019634,118022.95,SUCCESS,2026-01-05 04:04:20,1,1,1,2026-01
TXN0000061483,ACC0020214,118876.0,SUCCESS,2026-05-27 00:20:02,1,1,1,2026-05
TXN0000061489,ACC0028611,61348.16,SUCCESS,2026-01-10 10:30:02,1,1,1,2026-01
TXN0000061498,ACC0010794,103258.41,SUCCESS,2026-03-11 11:20:27,1,1,1,2026-03
TXN0000061507,ACC0000111,129024.18,SUCCESS,2026-01-20 16:03:01,1,1,1,2026-01
TXN0000061509,ACC0027743,78531.18,SUCCESS,2026-01-12 14:14:11,1,1,1,2026-01
TXN0000061511,ACC0013782,70297.77,SUCCESS,2026-03-27 12:17:56,1,1,1,2026-03
TXN0000061519,ACC0020001,32180.4,SUCCESS,2026-04-11 22:55:13,1,1,1,2026-04
TXN0000061531,ACC0004846,51533.9,SUCCESS,2026-02-17 12:43:01,1,1,1,2026-02
TXN0000061541,ACC0013846,567.06,SUCCESS,2026-05-23 23:54:47,1,1,1,2026-05
TXN0000061542,ACC0014913,5512.71,SUCCESS,2026-02-09 20:43:08,1,1,1,2026-02
TXN0000061545,ACC0009947,104124.5,SUCCESS,2026-07-02 04:02:42,1,1,1,2026-07
TXN0000061558,ACC0025902,132536.65,SUCCESS,2026-07-10 14:35:10,1,1,1,2026-07
TXN0000061560,ACC0015950,3626.23,SUCCESS,2026-04-25 06:02:43,1,1,1,2026-04
TXN0000061568,ACC0010485,108985.16,SUCCESS,2026-05-13 09:31:47,1,1,1,2026-05
TXN0000061571,ACC0015432,83581.82,SUCCESS,2026-02-23 13:56:29,1,1,1,2026-02
TXN0000061576,ACC0015377,89669.03,SUCCESS,2026-06-23 22:10:26,1,1,1,2026-06
TXN0000061578,ACC0009823,48735.05,SUCCESS,2026-02-10 05:34:20,1,1,1,2026-02
TXN0000061587,ACC0002412,129653.51,SUCCESS,2026-03-15 10:48:00,1,1,1,2026-03
TXN0000061598,ACC0013486,20634.26,SUCCESS,2026-05-28 19:44:50,1,1,1,2026-05
TXN0000061599,ACC0007770,93774.61,SUCCESS,2026-04-15 00:59:19,1,1,1,2026-04
TXN0000061603,ACC0007174,61127.56,SUCCESS,2026-02-15 07:29:56,1,1,1,2026-02
TXN0000061608,ACC0006719,41753.77,SUCCESS,2026-07-12 16:32:59,1,1,1,2026-07
TXN0000061616,ACC0026838,82501.61,SUCCESS,2026-06-14 14:32:11,1,1,1,2026-06
TXN0000061619,ACC0001484,43273.94,SUCCESS,2026-07-02 07:58:42,1,1,1,2026-07
TXN0000061625,ACC0015377,145434.03,SUCCESS,2026-05-14 23:49:38,1,1,1,2026-05
TXN0000061628,ACC0015873,142909.31,SUCCESS,2026-07-19 02:41:49,1,1,1,2026-07
TXN0000061629,ACC0027877,109979.42,SUCCESS,2026-04-20 23:58:24,1,1,1,2026-04
TXN0000061635,ACC0018986,21673.41,SUCCESS,2026-03-07 13:23:30,1,1,1,2026-03
TXN0000061640,ACC0001049,76814.76,SUCCESS,2026-02-27 04:12:50,1,1,1,2026-02
TXN0000061646,ACC0008787,97834.62,SUCCESS,2026-06-24 21:37:06,1,1,1,2026-06
TXN0000061650,ACC0014356,149329.98,SUCCESS,2026-04-22 09:32:31,1,1,1,2026-04
TXN0000061651,ACC0018869,77139.11,SUCCESS,2026-02-24 02:22:54,1,1,1,2026-02
TXN0000061681,ACC0007369,113973.83,SUCCESS,2026-04-03 23:04:30,1,1,1,2026-04
TXN0000061688,ACC0020472,41529.85,SUCCESS,2026-04-23 17:35:08,1,1,1,2026-04
TXN0000061690,ACC0022102,92738.61,SUCCESS,2026-04-15 20:05:59,1,1,1,2026-04
TXN0000061697,ACC0029106,145751.89,SUCCESS,2026-04-13 17:24:12,1,1,1,2026-04
TXN0000061698,ACC0018450,76339.9,SUCCESS,2026-05-03 20:53:01,1,1,1,2026-05
TXN0000061717,ACC0021143,8066.18,SUCCESS,2026-07-27 13:53:16,1,1,1,2026-07
TXN0000061720,ACC0015330,77984.78,SUCCESS,2026-02-11 14:36:04,1,1,1,2026-02
TXN0000061722,ACC0006328,77053.9,SUCCESS,2026-01-11 01:17:47,1,1,1,2026-01
TXN0000061723,ACC0028680,81924.18,SUCCESS,2026-07-17 14:09:41,1,1,1,2026-07
TXN0000061727,ACC0022391,74146.38,SUCCESS,2026-03-13 08:54:37,1,1,1,2026-03
TXN0000061739,ACC0003240,16049.77,SUCCESS,2026-07-23 07:56:57,1,1,1,2026-07
TXN0000061741,ACC0009948,9433.47,SUCCESS,2026-06-28 23:04:18,1,1,1,2026-06
TXN0000061747,ACC0021103,135160.46,SUCCESS,2026-02-13 12:34:45,1,1,1,2026-02
TXN0000061757,ACC0009628,71279.76,SUCCESS,2026-01-11 03:28:43,1,1,1,2026-01
TXN0000061758,ACC0000102,130447.07,SUCCESS,2026-01-24 07:18:21,1,1,1,2026-01
TXN0000061763,ACC0020565,59591.64,SUCCESS,2026-01-30 00:19:59,1,1,1,2026-01
TXN0000061772,ACC0007632,469.05,SUCCESS,2026-03-24 22:29:28,1,1,1,2026-03
TXN0000061792,ACC0010375,148265.21,SUCCESS,2026-07-04 23:07:42,1,1,1,2026-07
TXN0000061794,ACC0014407,145369.93,SUCCESS,2026-02-08 23:24:01,1,1,1,2026-02
TXN0000061798,ACC0007316,31262.7,SUCCESS,2026-06-26 09:13:34,1,1,1,2026-06
TXN0000061799,ACC0027985,17163.05,SUCCESS,2026-04-19 09:37:25,1,1,1,2026-04
TXN0000061803,ACC0002667,49456.19,SUCCESS,2026-04-08 22:43:38,1,1,1,2026-04
TXN0000061805,ACC0011166,126693.44,SUCCESS,2026-07-27 00:49:23,1,1,1,2026-07
TXN0000061807,ACC0017779,42225.74,SUCCESS,2026-01-31 08:07:54,1,2,1,2026-01
TXN0000061843,ACC0017556,24657.44,SUCCESS,2026-02-08 09:38:52,1,1,1,2026-02
TXN0000061848,ACC0004441,115800.5,SUCCESS,2026-04-30 23:31:39,1,1,1,2026-04
TXN0000061851,ACC0013052,73908.15,SUCCESS,2026-01-14 00:35:07,1,1,1,2026-01
TXN0000061853,ACC0002151,144831.96,SUCCESS,2026-05-14 07:46:48,1,1,1,2026-05
TXN0000061855,ACC0023922,39964.23,SUCCESS,2026-01-01 18:32:37,1,1,1,2026-01
TXN0000061861,ACC0028416,16352.19,SUCCESS,2026-08-03 04:11:52,1,1,1,2026-08
TXN0000061868,ACC0029558,135568.1,SUCCESS,2026-02-05 19:32:34,1,1,1,2026-02
TXN0000061869,ACC0011399,69507.13,SUCCESS,2026-01-30 20:47:37,1,1,1,2026-01
TXN0000061873,ACC0023467,83306.5,SUCCESS,2026-02-06 20:51:14,1,1,1,2026-02
TXN0000061876,ACC0005723,39075.18,SUCCESS,2026-07-31 03:36:31,1,1,1,2026-07
TXN0000061879,ACC0009067,73671.56,SUCCESS,2026-02-27 12:06:56,1,1,1,2026-02
TXN0000061884,ACC0022691,75864.28,SUCCESS,2026-03-30 09:36:28,1,1,1,2026-03
TXN0000061889,ACC0008219,53279.8,SUCCESS,2026-04-15 22:04:36,1,1,1,2026-04
TXN0000061901,ACC0006798,123373.45,SUCCESS,2026-02-11 18:47:02,1,1,1,2026-02
TXN0000061908,ACC0019065,31020.12,SUCCESS,2026-02-23 15:51:33,1,1,1,2026-02
TXN0000061911,ACC0016434,2138.69,SUCCESS,2026-01-10 02:59:21,1,1,1,2026-01
TXN0000061918,ACC0023686,25099.11,SUCCESS,2026-07-29 03:49:55,1,1,1,2026-07
TXN0000061922,ACC0026234,147525.96,SUCCESS,2026-03-18 23:36:42,1,1,1,2026-03
TXN0000061924,ACC0012196,105528.49,SUCCESS,2026-02-09 11:28:04,1,1,1,2026-02
TXN0000061926,ACC0029407,26952.69,SUCCESS,2026-05-28 15:16:47,1,1,1,2026-05
TXN0000061929,ACC0022829,43324.83,SUCCESS,2026-06-24 18:14:27,1,1,1,2026-06
TXN0000061935,ACC0007327,142670.04,SUCCESS,2026-05-22 07:37:28,1,1,1,2026-05
TXN0000061948,ACC0023785,138632.76,SUCCESS,2026-06-26 05:55:02,1,1,1,2026-06
TXN0000061952,ACC0007813,20621.31,SUCCESS,2026-03-17 13:25:04,1,1,1,2026-03
TXN0000061954,ACC0009279,12584.28,SUCCESS,2026-02-09 06:55:12,1,1,1,2026-02
TXN0000061974,ACC0011416,39338.45,SUCCESS,2026-03-26 06:01:41,1,1,1,2026-03
TXN0000061983,ACC0012060,103647.08,SUCCESS,2026-03-02 02:09:44,1,1,1,2026-03
TXN0000061987,ACC0019067,21831.15,SUCCESS,2026-02-13 10:06:00,1,1,1,2026-02
TXN0000061991,ACC0021984,85729.38,SUCCESS,2026-08-03 09:01:15,1,1,1,2026-08
TXN0000061992,ACC0011323,130613.08,SUCCESS,2026-01-30 01:01:53,1,1,1,2026-01
TXN0000061994,ACC0002602,52666.62,SUCCESS,2026-01-09 06:17:45,1,1,1,2026-01
TXN0000061995,ACC0027945,83295.39,SUCCESS,2026-03-27 04:17:32,1,1,1,2026-03
TXN0000062001,ACC0009093,62769.43,SUCCESS,2026-05-12 14:35:52,1,1,1,2026-05
TXN0000062010,ACC0024650,44970.2,SUCCESS,2026-04-25 13:58:15,1,1,1,2026-04
TXN0000062012,ACC0007783,96554.38,SUCCESS,2026-01-28 02:36:41,1,1,1,2026-01
TXN0000062016,ACC0008694,80708.0,SUCCESS,2026-02-15 05:09:29,1,1,1,2026-02
TXN0000062023,ACC0005116,99160.56,SUCCESS,2026-03-09 19:06:33,1,1,1,2026-03
TXN0000062028,ACC0021197,25954.76,SUCCESS,2026-06-03 18:26:13,1,1,1,2026-06
TXN0000062034,ACC0013315,109260.6,SUCCESS,2026-02-04 10:22:57,1,1,1,2026-02
TXN0000062044,ACC0002536,86786.3,SUCCESS,2026-02-05 09:39:02,1,1,1,2026-02
TXN0000062045,ACC0014720,146821.14,SUCCESS,2026-07-03 00:34:15,1,1,1,2026-07
TXN0000062050,ACC0029945,17497.2,SUCCESS,2026-07-27 00:50:59,1,1,1,2026-07
TXN0000062069,ACC0022340,28288.83,SUCCESS,2026-01-18 04:24:43,1,1,1,2026-01
TXN0000062072,ACC0016518,114156.47,SUCCESS,2026-06-05 12:05:58,1,1,1,2026-06
TXN0000062078,ACC0001776,140651.15,SUCCESS,2026-06-21 10:57:34,1,1,1,2026-06
TXN0000062084,ACC0028178,87985.57,SUCCESS,2026-01-12 07:19:07,1,1,1,2026-01
TXN0000062094,ACC0018303,39813.33,SUCCESS,2026-02-05 18:39:17,1,1,1,2026-02
TXN0000062101,ACC0008320,19902.37,SUCCESS,2026-01-17 11:55:05,1,1,1,2026-01
TXN0000062102,ACC0007964,119190.02,SUCCESS,2026-02-26 11:04:02,1,1,1,2026-02
TXN0000062103,ACC0017335,13934.8,SUCCESS,2026-07-14 20:14:14,1,1,1,2026-07
TXN0000062113,ACC0013781,94805.57,SUCCESS,2026-01-03 08:34:15,1,1,1,2026-01
TXN0000062115,ACC0014915,35435.1,SUCCESS,2026-07-28 14:52:48,1,1,1,2026-07
TXN0000062119,ACC0008101,53566.06,SUCCESS,2026-05-05 18:07:48,1,1,1,2026-05
TXN0000062129,ACC0025646,63946.61,SUCCESS,2026-07-27 20:53:02,1,1,1,2026-07
TXN0000062133,ACC0025384,78366.33,SUCCESS,2026-02-11 13:41:02,1,1,1,2026-02
TXN0000062140,ACC0011769,1629.33,SUCCESS,2026-02-25 18:20:44,1,1,1,2026-02
TXN0000062143,ACC0005693,97768.4,SUCCESS,2026-05-25 07:18:47,1,1,1,2026-05
TXN0000062145,ACC0011635,132090.13,SUCCESS,2026-07-08 08:13:32,1,1,1,2026-07
TXN0000062159,ACC0020692,18813.46,SUCCESS,2026-06-28 01:43:52,1,1,1,2026-06
TXN0000062166,ACC0010835,110280.04,SUCCESS,2026-06-12 13:53:23,1,1,1,2026-06
TXN0000062172,ACC0016868,26182.03,SUCCESS,2026-04-26 14:54:36,1,1,1,2026-04
TXN0000062184,ACC0011052,87996.83,SUCCESS,2026-02-13 18:39:36,1,1,1,2026-02
TXN0000062187,ACC0021756,51711.23,SUCCESS,2026-03-17 03:30:08,1,1,1,2026-03
TXN0000062190,ACC0010285,95044.19,SUCCESS,2026-02-22 17:43:11,1,1,1,2026-02
TXN0000062205,ACC0010396,17701.36,SUCCESS,2026-04-26 00:55:44,1,1,1,2026-04
TXN0000062211,ACC0026625,9305.32,SUCCESS,2026-05-15 23:41:54,1,1,1,2026-05
TXN0000062217,ACC0022257,18392.27,SUCCESS,2026-01-05 11:38:12,1,1,1,2026-01
TXN0000062218,ACC0010072,50033.22,SUCCESS,2026-03-18 07:29:43,1,1,1,2026-03
TXN0000062221,ACC0004121,10591.76,SUCCESS,2026-07-25 20:11:17,1,1,1,2026-07
TXN0000062232,ACC0010275,75048.99,SUCCESS,2026-03-19 03:38:01,1,1,1,2026-03
TXN0000062239,ACC0007781,44475.26,SUCCESS,2026-02-17 09:37:52,1,1,1,2026-02
TXN0000062250,ACC0017108,5725.03,SUCCESS,2026-02-20 18:53:41,1,1,1,2026-02
TXN0000062257,ACC0024465,138227.38,SUCCESS,2026-04-18 09:33:15,1,1,1,2026-04
TXN0000062267,ACC0029088,65782.45,SUCCESS,2026-05-16 23:00:11,1,1,1,2026-05
TXN0000062268,ACC0004861,91714.34,SUCCESS,2026-02-01 04:57:31,1,1,1,2026-02
TXN0000062274,ACC0007008,120112.96,SUCCESS,2026-07-24 23:11:01,1,1,1,2026-07
TXN0000062277,ACC0021275,135384.42,SUCCESS,2026-08-02 04:34:04,1,1,1,2026-08
TXN0000062278,ACC0002766,113424.08,SUCCESS,2026-04-12 19:20:43,1,1,1,2026-04
TXN0000062285,ACC0020699,135295.64,SUCCESS,2026-04-10 17:44:45,1,1,1,2026-04
TXN0000062298,ACC0026926,148095.13,SUCCESS,2026-05-11 07:50:14,1,1,1,2026-05
TXN0000062315,ACC0008159,106836.48,SUCCESS,2026-03-03 17:22:07,1,1,1,2026-03
TXN0000062328,ACC0007139,30939.26,SUCCESS,2026-05-18 07:43:30,1,1,1,2026-05
TXN0000062335,ACC0021056,6359.29,SUCCESS,2026-05-14 04:06:16,1,1,1,2026-05
TXN0000062342,ACC0028087,118392.08,SUCCESS,2026-08-01 17:53:28,1,1,1,2026-08
TXN0000062360,ACC0023106,131692.32,SUCCESS,2026-04-27 03:50:09,1,1,1,2026-04
TXN0000062363,ACC0004924,106685.25,SUCCESS,2026-07-19 15:26:10,1,1,1,2026-07
TXN0000062381,ACC0004966,114343.31,SUCCESS,2026-02-25 21:39:43,1,1,1,2026-02
TXN0000062382,ACC0026521,144795.77,SUCCESS,2026-04-18 12:28:32,1,1,1,2026-04
TXN0000062384,ACC0009251,68838.21,SUCCESS,2026-05-27 04:43:28,1,1,1,2026-05
TXN0000062387,ACC0029068,64419.68,SUCCESS,2026-01-16 10:34:04,1,1,1,2026-01
TXN0000062399,ACC0001045,125362.89,SUCCESS,2026-04-18 23:48:48,1,1,1,2026-04
TXN0000062405,ACC0023386,97367.26,SUCCESS,2026-02-25 12:30:42,1,1,1,2026-02
TXN0000062407,ACC0011354,147237.71,SUCCESS,2026-03-20 13:42:05,1,1,1,2026-03
TXN0000062414,ACC0028472,50064.79,SUCCESS,2026-07-21 05:30:51,1,1,1,2026-07
TXN0000062415,ACC0004569,124648.5,SUCCESS,2026-01-31 05:20:52,1,1,1,2026-01
TXN0000062422,ACC0014374,92557.65,SUCCESS,2026-06-13 10:04:18,1,1,1,2026-06
TXN0000062423,ACC0003727,100260.0,SUCCESS,2026-05-25 04:08:09,1,1,1,2026-05
TXN0000062425,ACC0020426,8775.91,SUCCESS,2026-04-19 14:46:59,1,1,1,2026-04
TXN0000062436,ACC0021815,148349.18,SUCCESS,2026-01-16 21:44:06,1,1,1,2026-01
TXN0000062443,ACC0015128,132045.43,SUCCESS,2026-02-19 03:58:04,1,1,1,2026-02
TXN0000062452,ACC0022011,134210.96,SUCCESS,2026-02-15 05:28:20,1,1,1,2026-02
TXN0000062460,ACC0018077,110783.5,SUCCESS,2026-06-19 15:10:07,1,1,1,2026-06
TXN0000062466,ACC0008622,28856.66,SUCCESS,2026-01-22 23:12:00,1,1,1,2026-01
TXN0000062467,ACC0025462,17833.11,SUCCESS,2026-04-21 19:39:41,1,1,1,2026-04
TXN0000062471,ACC0001570,86182.7,SUCCESS,2026-06-03 17:24:15,1,1,1,2026-06
TXN0000062479,ACC0015242,145460.88,SUCCESS,2026-04-19 19:09:31,1,1,1,2026-04
TXN0000062510,ACC0026353,90433.52,SUCCESS,2026-05-27 20:42:32,1,1,1,2026-05
TXN0000062512,ACC0017596,141666.36,SUCCESS,2026-05-05 10:56:59,1,1,1,2026-05
TXN0000062523,ACC0022584,39594.74,SUCCESS,2026-06-29 21:15:22,1,1,1,2026-06
TXN0000062529,ACC0018828,142250.43,SUCCESS,2026-01-31 11:43:12,1,1,1,2026-01
TXN0000062530,ACC0013354,36858.67,SUCCESS,2026-06-20 07:01:37,1,1,1,2026-06
TXN0000062549,ACC0007683,98160.27,SUCCESS,2026-07-03 13:47:06,1,1,1,2026-07
TXN0000062554,ACC0017400,31380.32,SUCCESS,2026-07-05 02:07:01,1,1,1,2026-07
TXN0000062555,ACC0016218,137796.29,SUCCESS,2026-05-11 15:16:52,1,1,1,2026-05
TXN0000062563,ACC0017629,50908.12,SUCCESS,2026-01-25 21:00:34,1,1,1,2026-01
TXN0000062574,ACC0010082,64719.85,SUCCESS,2026-08-01 12:23:01,1,1,1,2026-08
TXN0000062589,ACC0010433,30995.93,SUCCESS,2026-03-10 09:56:46,1,1,1,2026-03
TXN0000062593,ACC0013006,103532.44,SUCCESS,2026-05-06 04:23:57,1,1,1,2026-05
TXN0000062610,ACC0011109,16147.32,SUCCESS,2026-02-11 22:06:57,1,1,1,2026-02
TXN0000062614,ACC0024877,456.86,SUCCESS,2026-04-14 02:46:38,1,1,1,2026-04
TXN0000062620,ACC0005258,18775.63,SUCCESS,2026-04-19 02:42:27,1,1,1,2026-04
TXN0000062621,ACC0028319,145170.74,SUCCESS,2026-07-28 15:06:03,1,1,1,2026-07
TXN0000062628,ACC0022020,140865.49,SUCCESS,2026-03-19 15:24:27,1,1,1,2026-03
TXN0000062632,ACC0025244,140976.86,SUCCESS,2026-02-25 13:16:06,1,1,1,2026-02
TXN0000062636,ACC0025521,128934.14,SUCCESS,2026-06-21 21:21:50,1,1,1,2026-06
TXN0000062644,ACC0007183,139037.93,SUCCESS,2026-01-21 21:19:28,1,1,1,2026-01
TXN0000062651,ACC0028019,45230.53,SUCCESS,2026-01-15 01:50:19,1,1,1,2026-01
TXN0000062660,ACC0009025,50957.39,SUCCESS,2026-04-16 15:31:02,1,1,1,2026-04
TXN0000062664,ACC0016373,78283.96,SUCCESS,2026-06-02 09:26:52,1,1,1,2026-06
TXN0000062667,ACC0007872,110546.21,SUCCESS,2026-05-07 09:56:55,1,1,1,2026-05
TXN0000062668,ACC0012175,60587.47,SUCCESS,2026-06-22 08:24:36,1,1,1,2026-06
TXN0000062681,ACC0015811,118940.03,SUCCESS,2026-04-12 18:15:30,1,1,1,2026-04
TXN0000062690,ACC0026842,52987.38,SUCCESS,2026-01-18 13:31:16,1,1,1,2026-01
TXN0000062692,ACC0024847,52946.39,SUCCESS,2026-06-27 12:27:09,1,1,1,2026-06
TXN0000062707,ACC0016400,66243.71,SUCCESS,2026-03-15 14:11:06,1,1,1,2026-03
TXN0000062714,ACC0014994,66118.53,SUCCESS,2026-03-05 06:51:44,1,1,1,2026-03
TXN0000062716,ACC0021010,31201.78,SUCCESS,2026-01-27 21:59:28,1,1,1,2026-01
TXN0000062717,ACC0001407,44395.95,SUCCESS,2026-01-16 21:55:59,1,1,1,2026-01
TXN0000062718,ACC0018218,96136.82,SUCCESS,2026-01-26 22:36:43,1,1,1,2026-01
TXN0000062730,ACC0014410,11076.69,SUCCESS,2026-02-07 09:12:23,1,1,1,2026-02
TXN0000062734,ACC0012971,88481.12,SUCCESS,2026-01-29 06:51:00,1,1,1,2026-01
TXN0000062737,ACC0029584,38707.98,SUCCESS,2026-02-17 18:17:01,1,1,1,2026-02
TXN0000062740,ACC0023519,140570.37,SUCCESS,2026-06-09 13:17:47,1,1,1,2026-06
TXN0000062755,ACC0006569,95298.86,SUCCESS,2026-05-14 01:27:58,1,1,1,2026-05
TXN0000062758,ACC0023079,124951.21,SUCCESS,2026-03-05 02:08:09,1,1,1,2026-03
TXN0000062760,ACC0017821,122258.15,SUCCESS,2026-02-26 07:08:07,1,1,1,2026-02
TXN0000062761,ACC0014321,22852.99,SUCCESS,2026-05-11 10:59:40,1,1,1,2026-05
TXN0000062764,ACC0019986,47701.89,SUCCESS,2026-05-19 05:23:41,1,1,1,2026-05
TXN0000062767,ACC0002755,47570.41,SUCCESS,2026-01-07 07:17:25,1,1,1,2026-01
TXN0000062771,ACC0003256,68694.19,SUCCESS,2026-07-19 11:34:59,1,1,1,2026-07
TXN0000062774,ACC0011762,46603.07,SUCCESS,2026-02-08 16:26:03,1,1,1,2026-02
TXN0000062776,ACC0029916,26978.36,SUCCESS,2026-06-23 04:04:30,1,1,1,2026-06
TXN0000062778,ACC0002778,44767.4,SUCCESS,2026-03-23 04:47:20,1,1,1,2026-03
TXN0000062779,ACC0015600,136628.71,SUCCESS,2026-06-05 16:29:43,1,1,1,2026-06
TXN0000062783,ACC0025065,80941.18,SUCCESS,2026-01-16 08:58:43,1,1,1,2026-01
TXN0000062790,ACC0001844,140188.98,SUCCESS,2026-04-04 11:34:29,1,1,1,2026-04
TXN0000062797,ACC0025474,70256.41,SUCCESS,2026-07-26 23:39:27,1,1,1,2026-07
TXN0000062798,ACC0026771,95580.99,SUCCESS,2026-01-22 08:05:15,1,1,1,2026-01
TXN0000062799,ACC0025013,54066.97,SUCCESS,2026-03-08 02:50:48,1,1,1,2026-03
TXN0000062812,ACC0026387,130766.37,SUCCESS,2026-05-03 22:43:22,1,1,1,2026-05
TXN0000062813,ACC0002638,52265.45,SUCCESS,2026-06-21 20:48:22,1,1,1,2026-06
TXN0000062817,ACC0025531,147560.51,SUCCESS,2026-05-11 08:49:09,1,1,1,2026-05
TXN0000062819,ACC0009965,1604.76,SUCCESS,2026-01-14 15:53:50,1,1,1,2026-01
TXN0000062821,ACC0019671,146269.42,SUCCESS,2026-01-26 04:37:59,1,1,1,2026-01
TXN0000062831,ACC0027272,127546.27,SUCCESS,2026-07-25 14:24:18,1,1,1,2026-07
TXN0000062852,ACC0010137,48096.11,SUCCESS,2026-06-10 01:34:43,1,1,1,2026-06
TXN0000062854,ACC0019162,13078.52,SUCCESS,2026-07-07 21:04:13,1,1,1,2026-07
TXN0000062861,ACC0021505,86033.08,SUCCESS,2026-03-15 06:27:20,1,1,1,2026-03
TXN0000062866,ACC0027209,68149.52,SUCCESS,2026-01-16 17:05:40,1,1,1,2026-01
TXN0000062868,ACC0020700,37492.39,SUCCESS,2026-07-01 15:54:57,1,1,1,2026-07
TXN0000062870,ACC0001543,8579.99,SUCCESS,2026-03-10 08:21:35,1,1,1,2026-03
TXN0000062877,ACC0008329,88035.12,SUCCESS,2026-01-22 00:30:00,1,1,1,2026-01
TXN0000062880,ACC0009214,48976.62,SUCCESS,2026-06-23 11:14:31,1,1,1,2026-06
TXN0000062887,ACC0002516,85703.88,SUCCESS,2026-06-09 04:47:47,1,1,1,2026-06
TXN0000062888,ACC0011492,87295.74,SUCCESS,2026-05-30 01:39:39,1,1,1,2026-05
TXN0000062902,ACC0019021,88494.69,SUCCESS,2026-01-15 12:42:35,1,1,1,2026-01
TXN0000062915,ACC0007481,100107.4,SUCCESS,2026-05-16 02:27:16,1,1,1,2026-05
TXN0000062927,ACC0018770,116241.24,SUCCESS,2026-01-27 07:00:02,1,1,1,2026-01
TXN0000062933,ACC0000942,111540.77,SUCCESS,2026-06-13 08:44:06,1,1,1,2026-06
TXN0000062958,ACC0001708,43239.4,SUCCESS,2026-02-27 19:05:12,1,1,1,2026-02
TXN0000062959,ACC0023301,127302.8,SUCCESS,2026-01-03 20:24:23,1,1,1,2026-01
TXN0000062979,ACC0011087,100229.45,SUCCESS,2026-04-25 21:55:27,1,1,1,2026-04
TXN0000063001,ACC0014827,141436.68,SUCCESS,2026-03-11 04:11:22,1,1,1,2026-03
TXN0000063006,ACC0007452,58088.51,SUCCESS,2026-05-03 13:01:34,1,1,1,2026-05
TXN0000063011,ACC0012431,69067.45,SUCCESS,2026-07-06 12:17:56,1,1,1,2026-07
TXN0000063013,ACC0003877,86767.76,SUCCESS,2026-02-22 12:47:11,1,1,1,2026-02
TXN0000063018,ACC0027793,138975.6,SUCCESS,2026-06-11 04:12:22,1,1,1,2026-06
TXN0000063021,ACC0015288,68333.75,SUCCESS,2026-05-04 04:56:59,1,1,1,2026-05
TXN0000063022,ACC0014518,140596.18,SUCCESS,2026-05-27 11:42:00,1,1,1,2026-05
TXN0000063034,ACC0008115,69734.42,SUCCESS,2026-07-21 13:52:54,1,1,1,2026-07
TXN0000063035,ACC0022111,142752.41,SUCCESS,2026-08-06 21:26:41,1,1,1,2026-08
TXN0000063038,ACC0003223,133346.26,SUCCESS,2026-08-07 20:35:42,1,1,1,2026-08
TXN0000063044,ACC0012978,135207.34,SUCCESS,2026-06-17 03:42:14,1,1,1,2026-06
TXN0000063060,ACC0004194,101978.49,SUCCESS,2026-02-20 18:41:51,1,1,1,2026-02
TXN0000063062,ACC0013582,10442.52,SUCCESS,2026-02-07 00:49:08,1,1,1,2026-02
TXN0000063067,ACC0027831,102472.74,SUCCESS,2026-04-09 15:27:20,1,1,1,2026-04
TXN0000063076,ACC0023004,76641.3,SUCCESS,2026-02-26 06:29:26,1,1,1,2026-02
TXN0000063091,ACC0004447,104207.6,SUCCESS,2026-03-31 16:59:30,1,1,1,2026-03
TXN0000063094,ACC0017911,84969.12,SUCCESS,2026-01-15 14:04:34,1,1,1,2026-01
TXN0000063102,ACC0006060,1404.3,SUCCESS,2026-03-13 11:39:55,1,1,1,2026-03
TXN0000063104,ACC0025817,140925.34,SUCCESS,2026-03-06 19:45:51,1,1,1,2026-03
TXN0000063108,ACC0019516,48585.72,SUCCESS,2026-03-16 00:01:29,1,1,1,2026-03
TXN0000063122,ACC0008406,119879.18,SUCCESS,2026-05-08 06:07:44,1,1,1,2026-05
TXN0000063139,ACC0016950,103183.3,SUCCESS,2026-05-01 23:46:01,1,1,1,2026-05
TXN0000063147,ACC0029941,59044.0,SUCCESS,2026-05-25 01:48:57,1,1,1,2026-05
TXN0000063156,ACC0006733,53423.39,SUCCESS,2026-03-31 01:41:03,1,1,1,2026-03
TXN0000063158,ACC0008490,4844.63,SUCCESS,2026-07-23 23:29:43,1,1,1,2026-07
TXN0000063161,ACC0019138,6825.83,SUCCESS,2026-06-09 20:17:54,1,1,1,2026-06
TXN0000063162,ACC0011949,16906.71,SUCCESS,2026-08-05 01:54:34,1,1,1,2026-08
TXN0000063164,ACC0011536,22641.84,SUCCESS,2026-02-22 11:52:14,1,1,1,2026-02
TXN0000063177,ACC0007511,69005.12,SUCCESS,2026-02-01 22:58:24,1,1,1,2026-02
TXN0000063182,ACC0012051,122593.05,SUCCESS,2026-07-10 06:39:57,1,1,1,2026-07
TXN0000063186,ACC0010380,5140.37,SUCCESS,2026-04-28 03:37:36,1,1,1,2026-04
TXN0000063190,ACC0023475,10601.68,SUCCESS,2026-03-01 22:50:45,1,1,1,2026-03
TXN0000063191,ACC0016075,134133.84,SUCCESS,2026-07-15 09:41:32,1,1,1,2026-07
TXN0000063196,ACC0010100,97763.1,SUCCESS,2026-01-09 02:05:26,1,1,1,2026-01
TXN0000063200,ACC0001743,119278.48,SUCCESS,2026-06-24 13:26:09,1,1,1,2026-06
TXN0000063205,ACC0023963,148028.26,SUCCESS,2026-06-03 11:01:04,1,1,1,2026-06
TXN0000063209,ACC0017344,46723.32,SUCCESS,2026-03-28 07:41:26,1,1,1,2026-03
TXN0000063213,ACC0009713,98818.8,SUCCESS,2026-06-28 22:59:19,1,1,1,2026-06
TXN0000063233,ACC0027140,61449.18,SUCCESS,2026-05-22 12:05:54,1,1,1,2026-05
TXN0000063235,ACC0004819,16489.26,SUCCESS,2026-04-12 18:52:16,1,1,1,2026-04
TXN0000063239,ACC0005030,106767.91,SUCCESS,2026-05-26 17:28:09,1,1,1,2026-05
TXN0000063240,ACC0019367,145586.36,SUCCESS,2026-04-09 00:13:03,1,1,1,2026-04
TXN0000063245,ACC0010750,1186.74,SUCCESS,2026-05-19 23:26:47,1,1,1,2026-05
TXN0000063254,ACC0027272,14889.55,SUCCESS,2026-02-15 02:31:44,1,1,1,2026-02
TXN0000063265,ACC0002247,124139.63,SUCCESS,2026-02-11 22:05:29,1,1,1,2026-02
TXN0000063267,ACC0026869,147551.57,SUCCESS,2026-05-23 06:17:22,1,1,1,2026-05
TXN0000063280,ACC0021894,43487.15,SUCCESS,2026-07-18 04:55:18,1,1,1,2026-07
TXN0000063281,ACC0016858,111866.04,SUCCESS,2026-06-13 15:56:32,1,1,1,2026-06
TXN0000063292,ACC0020466,19255.14,SUCCESS,2026-02-10 08:18:54,1,1,1,2026-02
TXN0000063298,ACC0012241,81797.13,SUCCESS,2026-07-14 09:02:32,1,1,1,2026-07
TXN0000063308,ACC0002080,146516.58,SUCCESS,2026-05-09 10:52:55,1,1,1,2026-05
TXN0000063325,ACC0024860,45834.16,SUCCESS,2026-01-02 22:52:56,1,1,1,2026-01
TXN0000063326,ACC0017753,26335.41,SUCCESS,2026-03-25 19:22:19,1,1,1,2026-03
TXN0000063331,ACC0015032,18746.12,SUCCESS,2026-01-28 12:47:55,1,1,1,2026-01
TXN0000063337,ACC0005826,30418.55,SUCCESS,2026-01-01 23:32:25,1,1,1,2026-01
TXN0000063339,ACC0024642,56641.06,SUCCESS,2026-03-19 08:53:09,1,1,1,2026-03
TXN0000063350,ACC0003382,118913.24,SUCCESS,2026-06-18 21:15:33,1,1,1,2026-06
TXN0000063373,ACC0013508,92395.87,SUCCESS,2026-02-09 07:00:36,1,1,1,2026-02
TXN0000063376,ACC0029868,14111.95,SUCCESS,2026-06-05 05:48:00,1,1,1,2026-06
TXN0000063383,ACC0026726,49013.36,SUCCESS,2026-03-12 01:38:07,1,1,1,2026-03
TXN0000063393,ACC0029741,16407.03,SUCCESS,2026-02-13 22:06:05,1,1,1,2026-02
TXN0000063411,ACC0009480,120844.43,SUCCESS,2026-01-21 01:30:58,1,1,1,2026-01
TXN0000063412,ACC0007490,99164.12,SUCCESS,2026-01-27 17:30:57,1,1,1,2026-01
TXN0000063416,ACC0011964,7388.7,SUCCESS,2026-01-26 03:22:32,1,1,1,2026-01
TXN0000063418,ACC0003670,28798.49,SUCCESS,2026-03-18 18:40:14,1,2,1,2026-03
TXN0000063422,ACC0025079,45632.93,SUCCESS,2026-03-09 13:19:55,1,1,1,2026-03
TXN0000063430,ACC0002484,71293.09,SUCCESS,2026-01-16 08:25:17,1,1,1,2026-01
TXN0000063431,ACC0026223,68759.92,SUCCESS,2026-01-03 05:40:37,1,1,1,2026-01
TXN0000063432,ACC0027234,63208.25,SUCCESS,2026-02-21 06:39:03,1,1,1,2026-02
TXN0000063434,ACC0000379,18292.79,SUCCESS,2026-06-15 08:11:44,1,1,1,2026-06
TXN0000063436,ACC0019195,41136.98,SUCCESS,2026-05-20 15:07:04,1,1,1,2026-05
TXN0000063437,ACC0014009,23422.06,SUCCESS,2026-04-26 00:02:34,1,1,1,2026-04
TXN0000063444,ACC0017563,73109.57,SUCCESS,2026-01-02 21:52:01,1,1,1,2026-01
TXN0000063445,ACC0008217,46501.22,SUCCESS,2026-06-08 20:17:03,1,1,1,2026-06
TXN0000063472,ACC0023091,3975.13,SUCCESS,2026-02-19 03:27:30,1,1,1,2026-02
TXN0000063475,ACC0003645,102366.86,SUCCESS,2026-06-02 16:07:03,1,1,1,2026-06
TXN0000063487,ACC0021266,130783.72,SUCCESS,2026-01-03 11:02:57,1,1,1,2026-01
TXN0000063494,ACC0017800,80851.91,SUCCESS,2026-07-18 21:50:21,1,1,1,2026-07
TXN0000063498,ACC0019419,23497.22,SUCCESS,2026-05-30 10:31:34,1,1,1,2026-05
TXN0000063499,ACC0022367,83353.15,SUCCESS,2026-07-08 17:20:46,1,1,1,2026-07
TXN0000063508,ACC0007883,138655.24,SUCCESS,2026-01-28 02:22:46,1,1,1,2026-01
TXN0000063511,ACC0028900,67198.56,SUCCESS,2026-02-15 12:51:23,1,1,1,2026-02
TXN0000063513,ACC0018001,47557.35,SUCCESS,2026-04-02 15:13:52,1,1,1,2026-04
TXN0000063518,ACC0024165,97697.69,SUCCESS,2026-02-17 02:35:56,1,1,1,2026-02
TXN0000063520,ACC0025894,37068.0,SUCCESS,2026-07-15 05:08:25,1,1,1,2026-07
TXN0000063528,ACC0003494,124491.35,SUCCESS,2026-02-27 20:16:17,1,1,1,2026-02
TXN0000063533,ACC0000235,38482.85,SUCCESS,2026-03-19 07:39:47,1,1,1,2026-03
TXN0000063548,ACC0026843,105595.32,SUCCESS,2026-05-05 14:46:04,1,1,1,2026-05
TXN0000063551,ACC0021317,76318.78,SUCCESS,2026-07-03 21:44:04,1,1,1,2026-07
TXN0000063552,ACC0024167,25469.49,SUCCESS,2026-07-22 23:03:06,1,1,1,2026-07
TXN0000063555,ACC0011649,15950.65,SUCCESS,2026-05-02 17:21:34,1,1,1,2026-05
TXN0000063564,ACC0001868,58473.84,SUCCESS,2026-05-19 06:00:27,1,1,1,2026-05
TXN0000063569,ACC0022654,147549.08,SUCCESS,2026-08-01 01:43:55,1,1,1,2026-08
TXN0000063574,ACC0023853,20092.32,SUCCESS,2026-01-19 21:11:49,1,1,1,2026-01
TXN0000063576,ACC0020335,10102.15,SUCCESS,2026-04-12 09:25:21,1,1,1,2026-04
TXN0000063588,ACC0010470,14432.75,SUCCESS,2026-07-17 15:51:31,1,1,1,2026-07
TXN0000063590,ACC0003447,80848.19,SUCCESS,2026-07-04 00:27:38,1,1,1,2026-07
TXN0000063595,ACC0019643,110121.87,SUCCESS,2026-06-16 15:57:53,1,1,1,2026-06
TXN0000063596,ACC0025953,126603.83,SUCCESS,2026-06-16 14:16:41,1,1,1,2026-06
TXN0000063598,ACC0016815,67770.55,SUCCESS,2026-06-11 05:13:32,1,1,1,2026-06
TXN0000063610,ACC0004835,99422.56,SUCCESS,2026-07-12 06:54:20,1,1,1,2026-07
TXN0000063613,ACC0012173,104267.65,SUCCESS,2026-01-04 19:17:27,1,1,1,2026-01
TXN0000063614,ACC0019977,26628.94,SUCCESS,2026-06-21 01:42:55,1,1,1,2026-06
TXN0000063616,ACC0004438,57115.34,SUCCESS,2026-03-17 03:56:47,1,1,1,2026-03
TXN0000063618,ACC0004725,132210.91,SUCCESS,2026-07-09 13:56:31,1,1,1,2026-07
TXN0000063620,ACC0000153,114256.75,SUCCESS,2026-02-01 16:20:44,1,1,1,2026-02
TXN0000063622,ACC0006572,12272.51,SUCCESS,2026-08-08 23:27:35,1,1,1,2026-08
TXN0000063623,ACC0014859,133545.22,SUCCESS,2026-01-23 18:04:43,1,1,1,2026-01
TXN0000063630,ACC0003529,139830.64,SUCCESS,2026-02-05 17:33:20,1,1,1,2026-02
TXN0000063632,ACC0027666,60655.47,SUCCESS,2026-04-15 03:42:58,1,1,1,2026-04
TXN0000063634,ACC0009588,144190.19,SUCCESS,2026-06-19 05:51:02,1,1,1,2026-06
TXN0000063636,ACC0018622,111060.72,SUCCESS,2026-08-01 13:01:56,1,1,1,2026-08
TXN0000063651,ACC0000333,137222.44,SUCCESS,2026-05-30 09:04:44,1,1,1,2026-05
TXN0000063653,ACC0024332,124881.16,SUCCESS,2026-04-28 16:01:25,1,1,1,2026-04
TXN0000063657,ACC0019087,26429.36,SUCCESS,2026-06-30 15:27:11,1,1,1,2026-06
TXN0000063661,ACC0028274,62667.58,SUCCESS,2026-06-06 22:59:24,1,1,1,2026-06
TXN0000063670,ACC0006566,94529.92,SUCCESS,2026-01-26 14:12:06,1,1,1,2026-01
TXN0000063671,ACC0023459,97671.5,SUCCESS,2026-01-03 09:53:08,1,1,1,2026-01
TXN0000063672,ACC0027883,2108.74,SUCCESS,2026-01-04 19:01:07,1,1,1,2026-01
TXN0000063677,ACC0010100,114971.26,SUCCESS,2026-02-05 02:49:09,1,1,1,2026-02
TXN0000063678,ACC0017431,99898.62,SUCCESS,2026-04-19 21:25:27,1,1,1,2026-04
TXN0000063681,ACC0009801,49297.59,SUCCESS,2026-04-04 09:08:53,1,1,1,2026-04
TXN0000063685,ACC0000154,123943.53,SUCCESS,2026-03-31 21:41:32,1,1,1,2026-03
TXN0000063692,ACC0006311,51532.86,SUCCESS,2026-08-01 00:26:35,1,1,1,2026-08
TXN0000063697,ACC0027585,92501.49,SUCCESS,2026-01-20 16:47:44,1,1,1,2026-01
TXN0000063700,ACC0001945,22968.79,SUCCESS,2026-06-11 23:40:46,1,1,1,2026-06
TXN0000063706,ACC0019180,30596.59,SUCCESS,2026-02-04 12:40:56,1,1,1,2026-02
TXN0000063713,ACC0027517,82513.58,SUCCESS,2026-02-17 20:11:59,1,1,1,2026-02
TXN0000063717,ACC0021013,113078.34,SUCCESS,2026-01-11 19:59:58,1,1,1,2026-01
TXN0000063718,ACC0020420,40380.6,SUCCESS,2026-05-19 06:22:40,1,1,1,2026-05
TXN0000063737,ACC0011345,104325.89,SUCCESS,2026-03-04 11:34:11,1,1,1,2026-03
TXN0000063743,ACC0017202,13336.67,SUCCESS,2026-03-06 12:26:43,1,1,1,2026-03
TXN0000063746,ACC0004285,121641.6,SUCCESS,2026-07-22 03:49:09,1,1,1,2026-07
TXN0000063748,ACC0004333,123891.24,SUCCESS,2026-03-04 12:40:58,1,1,1,2026-03
TXN0000063751,ACC0005740,87284.81,SUCCESS,2026-05-19 12:45:28,1,1,1,2026-05
TXN0000063754,ACC0005597,11770.25,SUCCESS,2026-04-05 14:21:33,1,1,1,2026-04
TXN0000063755,ACC0017187,45104.87,SUCCESS,2026-06-02 04:06:31,1,1,1,2026-06
TXN0000063761,ACC0010716,25184.86,SUCCESS,2026-06-28 22:13:26,1,1,1,2026-06
TXN0000063762,ACC0020932,138805.98,SUCCESS,2026-03-23 04:07:33,1,1,1,2026-03
TXN0000063768,ACC0011376,7815.84,SUCCESS,2026-06-05 05:08:08,1,1,1,2026-06
TXN0000063775,ACC0001943,126592.16,SUCCESS,2026-05-27 01:17:14,1,1,1,2026-05
TXN0000063776,ACC0010742,80706.11,SUCCESS,2026-06-01 03:57:41,1,1,1,2026-06
TXN0000063780,ACC0010447,50303.43,SUCCESS,2026-03-25 15:18:39,1,1,1,2026-03
TXN0000063783,ACC0015456,6998.95,SUCCESS,2026-03-12 21:34:04,1,1,1,2026-03
TXN0000063791,ACC0015394,130007.0,SUCCESS,2026-01-10 11:35:10,1,1,1,2026-01
TXN0000063793,ACC0011606,2736.79,SUCCESS,2026-01-09 16:56:43,1,1,1,2026-01
TXN0000063795,ACC0023545,84174.43,SUCCESS,2026-01-14 13:12:22,1,1,1,2026-01
TXN0000063799,ACC0015092,118842.41,SUCCESS,2026-07-15 08:15:32,1,1,1,2026-07
TXN0000063801,ACC0015370,143553.18,SUCCESS,2026-04-27 21:58:01,1,1,1,2026-04
TXN0000063803,ACC0012170,149766.02,SUCCESS,2026-01-03 00:24:09,1,1,1,2026-01
TXN0000063805,ACC0004310,10634.74,SUCCESS,2026-05-31 12:12:28,1,1,1,2026-05
TXN0000063807,ACC0000015,43465.37,SUCCESS,2026-05-28 17:33:55,1,1,1,2026-05
TXN0000063808,ACC0003321,75968.53,SUCCESS,2026-07-07 06:30:39,1,1,1,2026-07
TXN0000063809,ACC0013893,29431.69,SUCCESS,2026-05-10 00:10:04,1,1,1,2026-05
TXN0000063829,ACC0027446,124159.84,SUCCESS,2026-06-08 05:57:52,1,1,1,2026-06
TXN0000063831,ACC0025127,55365.95,SUCCESS,2026-07-09 01:37:39,1,1,1,2026-07
TXN0000063834,ACC0019449,130268.56,SUCCESS,2026-07-07 04:11:32,1,1,1,2026-07
TXN0000063835,ACC0018383,31603.37,SUCCESS,2026-02-23 01:23:02,1,1,1,2026-02
TXN0000063836,ACC0013736,57782.78,SUCCESS,2026-06-03 03:43:12,1,1,1,2026-06
TXN0000063843,ACC0018806,138358.17,SUCCESS,2026-05-11 11:17:00,1,1,1,2026-05
TXN0000063845,ACC0002786,58454.09,SUCCESS,2026-07-18 14:51:58,1,1,1,2026-07
TXN0000063849,ACC0009922,5519.07,SUCCESS,2026-06-10 01:48:07,1,1,1,2026-06
TXN0000063862,ACC0014833,140798.84,SUCCESS,2026-01-30 00:06:16,1,1,1,2026-01
TXN0000063864,ACC0005259,110100.12,SUCCESS,2026-02-28 17:26:42,1,2,1,2026-02
TXN0000063893,ACC0012267,26244.33,SUCCESS,2026-04-09 18:27:26,1,1,1,2026-04
TXN0000063900,ACC0012900,111219.67,SUCCESS,2026-04-21 22:52:51,1,1,1,2026-04
TXN0000063901,ACC0027144,131676.37,SUCCESS,2026-04-10 13:53:29,1,1,1,2026-04
TXN0000063904,ACC0021091,83470.15,SUCCESS,2026-01-31 19:09:17,1,1,1,2026-01
TXN0000063910,ACC0005546,60918.06,SUCCESS,2026-01-13 18:32:56,1,1,1,2026-01
TXN0000063917,ACC0028684,104118.0,SUCCESS,2026-07-03 16:16:47,1,1,1,2026-07
TXN0000063920,ACC0012074,71784.23,SUCCESS,2026-05-30 04:23:50,1,1,1,2026-05
TXN0000063926,ACC0000896,134382.68,SUCCESS,2026-08-04 07:37:22,1,1,1,2026-08
TXN0000063928,ACC0007063,133549.03,SUCCESS,2026-04-28 15:43:17,1,1,1,2026-04
TXN0000063929,ACC0012023,103172.2,SUCCESS,2026-05-05 22:14:20,1,1,1,2026-05
TXN0000063931,ACC0009151,63215.52,SUCCESS,2026-05-10 05:32:03,1,1,1,2026-05
TXN0000063934,ACC0026143,92342.02,SUCCESS,2026-07-31 12:03:10,1,1,1,2026-07
TXN0000063940,ACC0004838,34607.96,SUCCESS,2026-04-03 18:34:30,1,1,1,2026-04
TXN0000063941,ACC0029732,4540.25,SUCCESS,2026-03-19 17:10:32,1,1,1,2026-03
TXN0000063943,ACC0017347,109367.49,SUCCESS,2026-04-22 20:06:21,1,1,1,2026-04
TXN0000063946,ACC0017925,145889.43,SUCCESS,2026-05-22 08:53:01,1,1,1,2026-05
TXN0000063948,ACC0002455,43897.23,SUCCESS,2026-07-01 16:56:10,1,1,1,2026-07
TXN0000063961,ACC0012965,49621.78,SUCCESS,2026-07-07 04:44:05,1,1,1,2026-07
TXN0000063976,ACC0019596,29568.2,SUCCESS,2026-01-30 23:29:58,1,1,1,2026-01
TXN0000063981,ACC0008969,117632.29,SUCCESS,2026-07-16 15:39:30,1,1,1,2026-07
TXN0000063982,ACC0027518,110076.48,SUCCESS,2026-06-16 00:23:40,1,1,1,2026-06
TXN0000063990,ACC0019985,119921.68,SUCCESS,2026-06-21 09:07:44,1,1,1,2026-06
TXN0000063992,ACC0016125,16261.6,SUCCESS,2026-08-04 08:19:15,1,1,1,2026-08
TXN0000064005,ACC0007052,72871.68,SUCCESS,2026-07-05 12:33:25,1,1,1,2026-07
TXN0000064010,ACC0026041,94767.09,SUCCESS,2026-01-27 06:45:19,1,1,1,2026-01
TXN0000064011,ACC0010239,133979.84,SUCCESS,2026-02-10 22:00:45,1,1,1,2026-02
TXN0000064013,ACC0004393,85426.82,SUCCESS,2026-04-12 21:06:39,1,1,1,2026-04
TXN0000064022,ACC0029279,61015.62,SUCCESS,2026-02-16 17:01:44,1,1,1,2026-02
TXN0000064024,ACC0009124,5572.25,SUCCESS,2026-04-30 14:18:10,1,1,1,2026-04
TXN0000064029,ACC0013379,100394.02,SUCCESS,2026-04-15 19:09:46,1,1,1,2026-04
TXN0000064031,ACC0021709,50188.48,SUCCESS,2026-08-01 05:48:42,1,1,1,2026-08
TXN0000064039,ACC0016181,60586.17,SUCCESS,2026-06-07 18:18:26,1,1,1,2026-06
TXN0000064048,ACC0028609,139654.95,SUCCESS,2026-03-23 14:54:04,1,1,1,2026-03
TXN0000064050,ACC0015986,21673.11,SUCCESS,2026-02-08 15:16:25,1,1,1,2026-02
TXN0000064054,ACC0007487,13212.7,SUCCESS,2026-02-12 05:39:32,1,1,1,2026-02
TXN0000064056,ACC0001764,10548.28,SUCCESS,2026-01-19 08:50:12,1,1,1,2026-01
TXN0000064069,ACC0018431,106297.79,SUCCESS,2026-01-05 20:12:26,1,1,1,2026-01
TXN0000064075,ACC0017869,116087.93,SUCCESS,2026-06-26 12:57:56,1,1,1,2026-06
TXN0000064077,ACC0002671,68369.63,SUCCESS,2026-02-24 20:46:37,1,1,1,2026-02
TXN0000064078,ACC0004715,91482.01,SUCCESS,2026-01-05 21:55:32,1,1,1,2026-01
TXN0000064088,ACC0016907,37559.16,SUCCESS,2026-04-25 13:03:50,1,1,1,2026-04
TXN0000064094,ACC0009613,141598.85,SUCCESS,2026-04-24 22:17:22,1,1,1,2026-04
TXN0000064096,ACC0020685,88301.82,SUCCESS,2026-03-25 19:20:28,1,1,1,2026-03
TXN0000064097,ACC0011456,99880.1,SUCCESS,2026-08-08 03:37:55,1,1,1,2026-08
TXN0000064106,ACC0019492,142861.9,SUCCESS,2026-07-10 18:27:02,1,1,1,2026-07
TXN0000064111,ACC0021137,5849.28,SUCCESS,2026-03-10 18:28:55,1,1,1,2026-03
TXN0000064113,ACC0020619,61415.79,SUCCESS,2026-07-06 22:48:38,1,1,1,2026-07
TXN0000064131,ACC0029666,43316.0,SUCCESS,2026-02-27 22:11:05,1,1,1,2026-02
TXN0000064135,ACC0026471,81789.48,SUCCESS,2026-04-30 20:28:48,1,1,1,2026-04
TXN0000064136,ACC0013284,47626.03,SUCCESS,2026-04-27 16:47:57,1,1,1,2026-04
TXN0000064140,ACC0001107,59388.5,SUCCESS,2026-07-30 21:43:49,1,1,1,2026-07
TXN0000064144,ACC0013409,132954.77,SUCCESS,2026-05-02 13:41:09,1,1,1,2026-05
TXN0000064154,ACC0024654,14813.5,SUCCESS,2026-06-12 07:01:43,1,1,1,2026-06
TXN0000064156,ACC0007214,49120.88,SUCCESS,2026-02-26 17:21:58,1,1,1,2026-02
TXN0000064157,ACC0026843,57465.98,SUCCESS,2026-03-13 22:57:38,1,1,1,2026-03
TXN0000064167,ACC0010471,82341.75,SUCCESS,2026-04-17 22:07:54,1,1,1,2026-04
TXN0000064182,ACC0022774,146292.72,SUCCESS,2026-06-10 13:48:43,1,1,1,2026-06
TXN0000064184,ACC0014173,38553.93,SUCCESS,2026-01-09 04:03:52,1,1,1,2026-01
TXN0000064185,ACC0014682,94883.31,SUCCESS,2026-02-28 06:52:15,1,1,1,2026-02
TXN0000064195,ACC0004400,144472.46,SUCCESS,2026-04-05 06:44:38,1,1,1,2026-04
TXN0000064198,ACC0018231,33203.75,SUCCESS,2026-07-25 09:38:01,1,1,1,2026-07
TXN0000064207,ACC0029402,5680.34,SUCCESS,2026-03-27 23:40:14,1,1,1,2026-03
TXN0000064208,ACC0006620,139847.68,SUCCESS,2026-01-18 01:06:49,1,1,1,2026-01
TXN0000064212,ACC0006473,105664.91,SUCCESS,2026-05-24 01:33:25,1,1,1,2026-05
TXN0000064218,ACC0006469,69082.5,SUCCESS,2026-05-29 08:51:21,1,1,1,2026-05
TXN0000064222,ACC0015856,132060.15,SUCCESS,2026-01-25 00:28:54,1,1,1,2026-01
TXN0000064226,ACC0016719,110290.56,SUCCESS,2026-07-22 09:52:58,1,1,1,2026-07
TXN0000064240,ACC0029064,76839.72,SUCCESS,2026-02-23 00:57:59,1,1,1,2026-02
TXN0000064246,ACC0017469,16195.04,SUCCESS,2026-03-29 02:02:42,1,1,1,2026-03
TXN0000064255,ACC0022652,142796.61,SUCCESS,2026-02-21 15:37:05,1,1,1,2026-02
TXN0000064256,ACC0023632,96736.33,SUCCESS,2026-02-23 03:04:57,1,1,1,2026-02
TXN0000064262,ACC0009652,70343.33,SUCCESS,2026-03-26 10:21:39,1,1,1,2026-03
TXN0000064266,ACC0016601,105528.57,SUCCESS,2026-02-18 14:58:42,1,1,1,2026-02
TXN0000064270,ACC0007635,75947.58,SUCCESS,2026-05-27 04:00:21,1,1,1,2026-05
TXN0000064281,ACC0013871,120821.81,SUCCESS,2026-03-18 19:37:14,1,1,1,2026-03
TXN0000064285,ACC0015378,141759.81,SUCCESS,2026-03-19 21:29:02,1,1,1,2026-03
TXN0000064289,ACC0003241,5983.56,SUCCESS,2026-06-23 11:37:29,1,1,1,2026-06
TXN0000064294,ACC0010485,105075.51,SUCCESS,2026-06-08 20:20:31,1,1,1,2026-06
TXN0000064297,ACC0013944,9941.6,SUCCESS,2026-05-07 03:32:43,1,1,1,2026-05
TXN0000064298,ACC0010164,94087.39,SUCCESS,2026-01-04 17:19:58,1,1,1,2026-01
TXN0000064314,ACC0004792,87095.42,SUCCESS,2026-05-25 02:34:23,1,1,1,2026-05
TXN0000064326,ACC0023271,92986.43,SUCCESS,2026-03-25 02:34:43,1,1,1,2026-03
TXN0000064330,ACC0024252,4591.99,SUCCESS,2026-05-08 03:00:31,1,1,1,2026-05
TXN0000064332,ACC0024282,77676.12,SUCCESS,2026-07-26 20:15:37,1,1,1,2026-07
TXN0000064336,ACC0023965,63734.07,SUCCESS,2026-02-18 03:28:42,1,1,1,2026-02
TXN0000064345,ACC0009009,7115.28,SUCCESS,2026-05-07 10:02:46,1,1,1,2026-05
TXN0000064348,ACC0004402,25973.93,SUCCESS,2026-06-12 03:33:47,1,1,1,2026-06
TXN0000064360,ACC0008754,21120.03,SUCCESS,2026-07-08 16:43:34,1,1,1,2026-07
TXN0000064378,ACC0024518,34636.96,SUCCESS,2026-05-14 00:03:40,1,1,1,2026-05
TXN0000064382,ACC0018523,107948.17,SUCCESS,2026-08-06 21:42:47,1,1,1,2026-08
TXN0000064383,ACC0014336,31915.17,SUCCESS,2026-01-06 06:17:31,1,1,1,2026-01
TXN0000064394,ACC0016510,48615.04,SUCCESS,2026-05-22 07:45:02,1,1,1,2026-05
TXN0000064400,ACC0010560,46777.94,SUCCESS,2026-03-30 00:21:48,1,1,1,2026-03
TXN0000064402,ACC0013328,73740.51,SUCCESS,2026-05-10 04:00:06,1,1,1,2026-05
TXN0000064409,ACC0006747,103497.59,SUCCESS,2026-01-29 14:13:15,1,1,1,2026-01
TXN0000064424,ACC0024005,84465.92,SUCCESS,2026-05-09 18:20:33,1,1,1,2026-05
TXN0000064425,ACC0007194,47905.39,SUCCESS,2026-02-03 15:37:10,1,1,1,2026-02
TXN0000064426,ACC0009760,96455.34,SUCCESS,2026-02-13 10:47:06,1,1,1,2026-02
TXN0000064427,ACC0004841,48262.56,SUCCESS,2026-03-19 05:22:49,1,1,1,2026-03
TXN0000064432,ACC0010641,99222.03,SUCCESS,2026-06-21 17:04:13,1,1,1,2026-06
TXN0000064433,ACC0009601,10271.77,SUCCESS,2026-03-23 00:03:33,1,1,1,2026-03
TXN0000064439,ACC0003210,45171.92,SUCCESS,2026-02-05 17:18:58,1,1,1,2026-02
TXN0000064444,ACC0013134,97022.62,SUCCESS,2026-05-14 14:11:03,1,1,1,2026-05
TXN0000064452,ACC0016648,13071.46,SUCCESS,2026-01-13 02:08:05,1,1,1,2026-01
TXN0000064460,ACC0017123,21246.86,SUCCESS,2026-05-25 21:33:30,1,1,1,2026-05
TXN0000064467,ACC0020011,27081.91,SUCCESS,2026-05-25 07:39:18,1,1,1,2026-05
TXN0000064470,ACC0021553,49471.93,SUCCESS,2026-06-22 23:02:37,1,1,1,2026-06
TXN0000064472,ACC0014257,121951.2,SUCCESS,2026-06-16 09:46:01,1,1,1,2026-06
TXN0000064474,ACC0005381,2211.05,SUCCESS,2026-07-16 17:03:44,1,2,1,2026-07
TXN0000064477,ACC0026556,61480.19,SUCCESS,2026-08-04 07:04:41,1,1,1,2026-08
TXN0000064479,ACC0007892,3191.59,SUCCESS,2026-07-08 09:20:02,1,1,1,2026-07
TXN0000064481,ACC0018348,7387.12,SUCCESS,2026-06-29 15:02:34,1,1,1,2026-06
TXN0000064482,ACC0017796,88923.2,SUCCESS,2026-01-04 21:20:28,1,1,1,2026-01
TXN0000064491,ACC0018676,81404.67,SUCCESS,2026-06-25 04:08:31,1,1,1,2026-06
TXN0000064493,ACC0017733,25666.46,SUCCESS,2026-06-18 09:46:48,1,1,1,2026-06
TXN0000064499,ACC0012013,126905.73,SUCCESS,2026-01-21 12:58:41,1,1,1,2026-01
TXN0000064505,ACC0021188,16195.87,SUCCESS,2026-02-24 22:09:09,1,1,1,2026-02
TXN0000064506,ACC0028530,12985.81,SUCCESS,2026-07-04 23:46:06,1,1,1,2026-07
TXN0000064510,ACC0002367,42578.59,SUCCESS,2026-05-04 14:55:59,1,1,1,2026-05
TXN0000064514,ACC0008108,37798.41,SUCCESS,2026-06-11 17:50:30,1,1,1,2026-06
TXN0000064522,ACC0028597,92150.52,SUCCESS,2026-03-20 12:40:49,1,1,1,2026-03
TXN0000064526,ACC0026566,9324.42,SUCCESS,2026-05-22 06:07:11,1,1,1,2026-05
TXN0000064529,ACC0028924,100144.52,SUCCESS,2026-07-14 18:19:09,1,1,1,2026-07
TXN0000064538,ACC0007044,49141.37,SUCCESS,2026-04-25 07:32:46,1,1,1,2026-04
TXN0000064540,ACC0018592,73373.09,SUCCESS,2026-01-02 02:34:22,1,1,1,2026-01
TXN0000064541,ACC0002308,97361.37,SUCCESS,2026-04-13 12:35:23,1,1,1,2026-04
TXN0000064553,ACC0007750,15296.76,SUCCESS,2026-05-28 06:05:18,1,1,1,2026-05
TXN0000064556,ACC0013103,135205.48,SUCCESS,2026-08-08 19:57:33,1,1,1,2026-08
TXN0000064563,ACC0027713,114617.88,SUCCESS,2026-06-26 02:04:40,1,2,1,2026-06
TXN0000064570,ACC0021830,126588.48,SUCCESS,2026-05-14 11:20:10,1,1,1,2026-05
TXN0000064576,ACC0024158,69537.5,SUCCESS,2026-05-10 03:52:20,1,1,1,2026-05
TXN0000064589,ACC0000950,110511.85,SUCCESS,2026-02-01 15:57:25,1,1,1,2026-02
TXN0000064600,ACC0009413,100038.02,SUCCESS,2026-01-31 05:04:31,1,1,1,2026-01
TXN0000064609,ACC0011568,126017.92,SUCCESS,2026-03-25 22:30:04,1,1,1,2026-03
TXN0000064611,ACC0022995,12092.38,SUCCESS,2026-05-24 12:32:10,1,1,1,2026-05
TXN0000064612,ACC0008137,102582.8,SUCCESS,2026-06-08 18:12:41,1,1,1,2026-06
TXN0000064615,ACC0005856,55866.56,SUCCESS,2026-02-05 02:58:43,1,1,1,2026-02
TXN0000064617,ACC0024968,147594.13,SUCCESS,2026-01-12 05:31:41,1,1,1,2026-01
TXN0000064619,ACC0023956,120978.71,SUCCESS,2026-01-29 05:08:58,1,1,1,2026-01
TXN0000064623,ACC0023823,52039.39,SUCCESS,2026-06-13 05:17:53,1,1,1,2026-06
TXN0000064625,ACC0011147,23490.53,SUCCESS,2026-01-21 17:01:54,1,1,1,2026-01
TXN0000064626,ACC0008784,140249.24,SUCCESS,2026-03-08 18:43:22,1,1,1,2026-03
TXN0000064631,ACC0026702,74614.93,SUCCESS,2026-03-10 06:18:02,1,1,1,2026-03
TXN0000064635,ACC0009025,114491.36,SUCCESS,2026-03-07 10:54:28,1,1,1,2026-03
TXN0000064638,ACC0009358,48607.61,SUCCESS,2026-06-29 09:11:58,1,1,1,2026-06
TXN0000064641,ACC0005203,64169.94,SUCCESS,2026-08-03 20:30:42,1,1,1,2026-08
TXN0000064643,ACC0003898,75150.27,SUCCESS,2026-02-07 06:43:08,1,1,1,2026-02
TXN0000064646,ACC0000129,113253.76,SUCCESS,2026-04-13 16:29:39,1,1,1,2026-04
TXN0000064666,ACC0026721,2529.63,SUCCESS,2026-04-21 15:48:02,1,1,1,2026-04
TXN0000064670,ACC0028216,86393.92,SUCCESS,2026-05-19 19:42:47,1,1,1,2026-05
TXN0000064674,ACC0029197,48664.66,SUCCESS,2026-05-23 00:14:24,1,1,1,2026-05
TXN0000064681,ACC0001763,61344.47,SUCCESS,2026-08-08 05:11:39,1,1,1,2026-08
TXN0000064684,ACC0026594,127585.35,SUCCESS,2026-05-22 18:40:18,1,1,1,2026-05
TXN0000064687,ACC0003421,113466.15,SUCCESS,2026-05-11 14:22:25,1,1,1,2026-05
TXN0000064693,ACC0002354,45163.95,SUCCESS,2026-01-05 15:24:20,1,1,1,2026-01
TXN0000064696,ACC0016283,980.56,SUCCESS,2026-04-06 12:01:25,1,1,1,2026-04
TXN0000064722,ACC0006007,71051.13,SUCCESS,2026-01-13 20:23:55,1,1,1,2026-01
TXN0000064723,ACC0010311,107916.51,SUCCESS,2026-04-08 14:53:15,1,1,1,2026-04
TXN0000064730,ACC0010556,143073.25,SUCCESS,2026-07-22 16:37:27,1,1,1,2026-07
TXN0000064736,ACC0002033,60890.82,SUCCESS,2026-03-24 04:03:18,1,1,1,2026-03
TXN0000064739,ACC0028127,36639.06,SUCCESS,2026-06-24 21:52:07,1,1,1,2026-06
TXN0000064742,ACC0023135,137442.19,SUCCESS,2026-03-16 17:55:10,1,1,1,2026-03
TXN0000064745,ACC0007119,13584.2,SUCCESS,2026-02-25 09:35:17,1,1,1,2026-02
TXN0000064748,ACC0011360,44860.03,SUCCESS,2026-03-22 18:32:21,1,1,1,2026-03
TXN0000064749,ACC0023358,131702.95,SUCCESS,2026-05-23 23:27:17,1,1,1,2026-05
TXN0000064756,ACC0013123,114676.89,SUCCESS,2026-07-20 07:34:08,1,1,1,2026-07
TXN0000064758,ACC0008533,61898.19,SUCCESS,2026-04-29 12:47:19,1,2,1,2026-04
TXN0000064762,ACC0026752,86994.54,SUCCESS,2026-04-24 06:23:40,1,1,1,2026-04
TXN0000064766,ACC0006620,73683.02,SUCCESS,2026-05-02 01:26:15,1,1,1,2026-05
TXN0000064768,ACC0006296,48677.65,SUCCESS,2026-07-03 02:04:58,1,1,1,2026-07
TXN0000064774,ACC0019346,12484.59,SUCCESS,2026-07-08 22:09:30,1,1,1,2026-07
TXN0000064777,ACC0002246,5618.3,SUCCESS,2026-05-07 09:57:59,1,1,1,2026-05
TXN0000064784,ACC0025628,69512.57,SUCCESS,2026-04-10 07:02:11,1,1,1,2026-04
TXN0000064787,ACC0028620,109986.91,SUCCESS,2026-02-04 13:19:31,1,1,1,2026-02
TXN0000064798,ACC0025436,23529.4,SUCCESS,2026-06-26 05:41:15,1,1,1,2026-06
TXN0000064802,ACC0027653,141710.1,SUCCESS,2026-01-18 13:06:55,1,1,1,2026-01
TXN0000064804,ACC0026551,65016.84,SUCCESS,2026-07-22 09:58:46,1,1,1,2026-07
TXN0000064805,ACC0012060,125560.69,SUCCESS,2026-07-13 20:29:23,1,1,1,2026-07
TXN0000064809,ACC0015011,10617.21,SUCCESS,2026-03-06 19:09:52,1,1,1,2026-03
TXN0000064819,ACC0005916,97587.11,SUCCESS,2026-02-12 07:21:19,1,1,1,2026-02
TXN0000064820,ACC0029577,130240.83,SUCCESS,2026-02-04 09:53:40,1,1,1,2026-02
TXN0000064828,ACC0002246,63054.19,SUCCESS,2026-06-16 23:31:54,1,1,1,2026-06
TXN0000064835,ACC0002483,32014.23,SUCCESS,2026-06-03 02:42:45,1,1,1,2026-06
TXN0000064837,ACC0024029,50750.1,SUCCESS,2026-07-03 04:52:22,1,1,1,2026-07
TXN0000064847,ACC0022107,149321.71,SUCCESS,2026-02-14 04:50:55,1,1,1,2026-02
TXN0000064853,ACC0029874,88919.79,SUCCESS,2026-03-26 19:08:36,1,1,1,2026-03
TXN0000064860,ACC0027511,113461.86,SUCCESS,2026-07-06 09:43:04,1,1,1,2026-07
TXN0000064863,ACC0018909,13483.68,SUCCESS,2026-04-12 08:41:17,1,1,1,2026-04
TXN0000064871,ACC0023666,91060.51,SUCCESS,2026-03-19 06:55:11,1,1,1,2026-03
TXN0000064897,ACC0027986,58903.04,SUCCESS,2026-01-26 15:00:33,1,1,1,2026-01
TXN0000064913,ACC0016086,13300.13,SUCCESS,2026-01-10 17:10:13,1,1,1,2026-01
TXN0000064914,ACC0027868,93166.12,SUCCESS,2026-05-13 16:59:27,1,1,1,2026-05
TXN0000064917,ACC0021583,13516.95,SUCCESS,2026-06-16 22:31:06,1,1,1,2026-06
TXN0000064922,ACC0012915,43941.1,SUCCESS,2026-07-14 19:57:38,1,1,1,2026-07
TXN0000064926,ACC0012461,123953.47,SUCCESS,2026-06-14 05:07:05,1,1,1,2026-06
TXN0000064930,ACC0026618,85415.89,SUCCESS,2026-04-19 14:53:49,1,1,1,2026-04
TXN0000064932,ACC0012623,70773.82,SUCCESS,2026-02-17 14:54:25,1,1,1,2026-02
TXN0000064934,ACC0006873,112943.29,SUCCESS,2026-06-10 08:01:17,1,1,1,2026-06
TXN0000064936,ACC0009945,110322.96,SUCCESS,2026-04-25 10:11:21,1,1,1,2026-04
TXN0000064938,ACC0018894,122045.47,SUCCESS,2026-02-14 06:46:26,1,1,1,2026-02
TXN0000064944,ACC0002542,22400.42,SUCCESS,2026-01-20 11:28:47,1,1,1,2026-01
TXN0000064945,ACC0028908,142792.01,SUCCESS,2026-04-06 11:30:12,1,1,1,2026-04
TXN0000064946,ACC0005227,101000.6,SUCCESS,2026-04-21 16:46:10,1,1,1,2026-04
TXN0000064947,ACC0020396,68340.13,SUCCESS,2026-01-15 06:30:57,1,1,1,2026-01
TXN0000064948,ACC0015649,104980.01,SUCCESS,2026-07-09 02:27:31,1,1,1,2026-07
TXN0000064951,ACC0009070,86104.92,SUCCESS,2026-01-13 21:34:53,1,1,1,2026-01
TXN0000064954,ACC0010800,23254.22,SUCCESS,2026-05-07 06:52:08,1,1,1,2026-05
TXN0000064959,ACC0023551,106606.09,SUCCESS,2026-03-31 10:56:37,1,1,1,2026-03
TXN0000064963,ACC0027535,140487.43,SUCCESS,2026-06-07 14:30:48,1,1,1,2026-06
TXN0000064969,ACC0012660,105480.81,SUCCESS,2026-06-25 16:31:30,1,1,1,2026-06
TXN0000064975,ACC0027754,81916.4,SUCCESS,2026-05-02 10:46:25,1,1,1,2026-05
TXN0000064977,ACC0021769,35378.84,SUCCESS,2026-05-05 16:03:49,1,1,1,2026-05
TXN0000064980,ACC0028218,81176.76,SUCCESS,2026-04-14 15:33:18,1,1,1,2026-04
TXN0000064982,ACC0017516,8914.96,SUCCESS,2026-02-16 10:02:47,1,1,1,2026-02
TXN0000065005,ACC0001026,121953.08,SUCCESS,2026-03-18 21:21:33,1,1,1,2026-03
TXN0000065008,ACC0005263,20158.15,SUCCESS,2026-04-27 01:25:17,1,1,1,2026-04
TXN0000065010,ACC0013996,23469.65,SUCCESS,2026-04-07 21:05:15,1,1,1,2026-04
TXN0000065021,ACC0019138,60662.37,SUCCESS,2026-03-10 16:35:14,1,1,1,2026-03
TXN0000065026,ACC0025505,108924.89,SUCCESS,2026-02-05 14:51:11,1,1,1,2026-02
TXN0000065039,ACC0029836,48766.05,SUCCESS,2026-07-26 03:26:04,1,1,1,2026-07
TXN0000065042,ACC0022219,50487.88,SUCCESS,2026-03-02 05:13:06,1,2,1,2026-03
TXN0000065046,ACC0005327,16184.9,SUCCESS,2026-08-08 05:40:58,1,1,1,2026-08
TXN0000065047,ACC0017974,145959.36,SUCCESS,2026-03-07 21:03:33,1,1,1,2026-03
TXN0000065048,ACC0012587,97445.89,SUCCESS,2026-05-24 19:51:00,1,1,1,2026-05
TXN0000065049,ACC0006646,52376.72,SUCCESS,2026-01-07 04:35:51,1,1,1,2026-01
TXN0000065050,ACC0028698,75378.27,SUCCESS,2026-06-10 13:04:14,1,1,1,2026-06
TXN0000065051,ACC0027512,75219.95,SUCCESS,2026-06-23 19:38:46,1,1,1,2026-06
TXN0000065056,ACC0028545,18379.51,SUCCESS,2026-08-08 23:03:05,1,1,1,2026-08
TXN0000065064,ACC0017145,11095.18,SUCCESS,2026-04-19 17:24:56,1,1,1,2026-04
TXN0000065068,ACC0018974,80882.73,SUCCESS,2026-05-02 22:16:49,1,1,1,2026-05
TXN0000065076,ACC0015106,346.62,SUCCESS,2026-06-15 03:39:24,1,1,1,2026-06
TXN0000065082,ACC0013431,93291.5,SUCCESS,2026-05-28 21:42:30,1,1,1,2026-05
TXN0000065094,ACC0024918,100030.65,SUCCESS,2026-06-24 17:20:58,1,1,1,2026-06
TXN0000065097,ACC0029694,127566.92,SUCCESS,2026-03-03 10:16:08,1,1,1,2026-03
TXN0000065098,ACC0021072,75744.82,SUCCESS,2026-07-09 15:28:10,1,1,1,2026-07
TXN0000065102,ACC0018885,133023.34,SUCCESS,2026-07-10 09:25:36,1,1,1,2026-07
TXN0000065106,ACC0011361,134780.74,SUCCESS,2026-07-23 22:43:37,1,1,1,2026-07
TXN0000065108,ACC0026735,132827.07,SUCCESS,2026-02-13 14:04:34,1,1,1,2026-02
TXN0000065124,ACC0020891,43098.14,SUCCESS,2026-05-06 00:10:31,1,1,1,2026-05
TXN0000065129,ACC0007195,34189.15,SUCCESS,2026-06-05 21:07:57,1,1,1,2026-06
TXN0000065138,ACC0008160,24326.08,SUCCESS,2026-05-03 07:18:16,1,1,1,2026-05
TXN0000065143,ACC0014662,118683.89,SUCCESS,2026-02-21 07:03:04,1,1,1,2026-02
TXN0000065158,ACC0019553,70531.1,SUCCESS,2026-06-19 05:56:58,1,1,1,2026-06
TXN0000065159,ACC0003623,118866.45,SUCCESS,2026-03-13 17:41:24,1,1,1,2026-03
TXN0000065160,ACC0024555,446.03,SUCCESS,2026-05-26 04:55:55,1,1,1,2026-05
TXN0000065164,ACC0005364,15024.45,SUCCESS,2026-06-08 02:27:03,1,1,1,2026-06
TXN0000065166,ACC0004069,80576.42,SUCCESS,2026-06-07 19:24:28,1,1,1,2026-06
TXN0000065167,ACC0029408,85920.69,SUCCESS,2026-05-29 22:16:38,1,1,1,2026-05
TXN0000065172,ACC0004044,137768.34,SUCCESS,2026-06-06 03:43:51,1,1,1,2026-06
TXN0000065177,ACC0020664,59940.98,SUCCESS,2026-06-08 17:36:45,1,1,1,2026-06
TXN0000065182,ACC0017085,118751.95,SUCCESS,2026-07-15 03:35:42,1,1,1,2026-07
TXN0000065188,ACC0000357,128466.94,SUCCESS,2026-01-05 20:10:59,1,1,1,2026-01
TXN0000065202,ACC0003863,137307.25,SUCCESS,2026-01-09 23:43:48,1,1,1,2026-01
TXN0000065203,ACC0008919,10318.23,SUCCESS,2026-01-02 16:33:44,1,1,1,2026-01
TXN0000065212,ACC0015404,136860.17,SUCCESS,2026-05-22 00:06:05,1,1,1,2026-05
TXN0000065215,ACC0011862,6760.95,SUCCESS,2026-05-26 17:42:12,1,1,1,2026-05
TXN0000065228,ACC0003303,23243.82,SUCCESS,2026-07-25 13:09:16,1,1,1,2026-07
TXN0000065230,ACC0022810,120025.63,SUCCESS,2026-02-26 20:59:50,1,1,1,2026-02
TXN0000065234,ACC0014111,91590.08,SUCCESS,2026-03-19 05:59:42,1,1,1,2026-03
TXN0000065241,ACC0006577,10915.3,SUCCESS,2026-02-09 12:41:01,1,1,1,2026-02
TXN0000065242,ACC0024355,147499.29,SUCCESS,2026-01-09 09:57:47,1,1,1,2026-01
TXN0000065256,ACC0029145,37252.85,SUCCESS,2026-07-15 10:06:29,1,1,1,2026-07
TXN0000065259,ACC0005898,75493.21,SUCCESS,2026-03-06 16:59:00,1,1,1,2026-03
TXN0000065269,ACC0021046,88662.94,SUCCESS,2026-06-10 16:32:43,1,1,1,2026-06
TXN0000065270,ACC0006755,108495.08,SUCCESS,2026-07-20 16:30:08,1,1,1,2026-07
TXN0000065276,ACC0024244,122706.54,SUCCESS,2026-05-25 08:02:20,1,1,1,2026-05
TXN0000065280,ACC0019602,26509.46,SUCCESS,2026-03-27 01:12:15,1,1,1,2026-03
TXN0000065284,ACC0012657,48028.21,SUCCESS,2026-08-03 22:23:04,1,1,1,2026-08
TXN0000065292,ACC0002172,46266.5,SUCCESS,2026-07-11 02:46:03,1,1,1,2026-07
TXN0000065311,ACC0029730,20084.81,SUCCESS,2026-03-21 05:22:15,1,1,1,2026-03
TXN0000065314,ACC0012131,138416.56,SUCCESS,2026-06-01 22:37:00,1,1,1,2026-06
TXN0000065319,ACC0008021,45614.76,SUCCESS,2026-07-12 14:55:11,1,1,1,2026-07
TXN0000065323,ACC0016177,110845.11,SUCCESS,2026-02-01 07:01:29,1,1,1,2026-02
TXN0000065327,ACC0024029,778.77,SUCCESS,2026-07-16 18:26:07,1,1,1,2026-07
TXN0000065338,ACC0012442,78426.01,SUCCESS,2026-05-16 05:45:11,1,1,1,2026-05
TXN0000065341,ACC0027158,92348.4,SUCCESS,2026-03-14 22:36:41,1,1,1,2026-03
TXN0000065342,ACC0017901,141193.95,SUCCESS,2026-01-08 06:05:41,1,1,1,2026-01
TXN0000065343,ACC0012250,103552.91,SUCCESS,2026-06-17 16:28:44,1,1,1,2026-06
TXN0000065344,ACC0018111,54289.18,SUCCESS,2026-07-04 15:46:59,1,1,1,2026-07
TXN0000065347,ACC0028984,36069.83,SUCCESS,2026-05-21 00:28:54,1,1,1,2026-05
TXN0000065350,ACC0018494,139450.99,SUCCESS,2026-05-27 00:14:57,1,1,1,2026-05
TXN0000065358,ACC0010724,24450.56,SUCCESS,2026-06-12 04:06:41,1,1,1,2026-06
TXN0000065362,ACC0016827,112011.92,SUCCESS,2026-01-04 18:22:51,1,1,1,2026-01
TXN0000065363,ACC0011607,136130.19,SUCCESS,2026-03-01 11:46:47,1,1,1,2026-03
TXN0000065370,ACC0024676,94903.31,SUCCESS,2026-02-17 22:49:05,1,1,1,2026-02
TXN0000065379,ACC0019233,112920.41,SUCCESS,2026-04-06 21:49:25,1,1,1,2026-04
TXN0000065384,ACC0025731,103666.16,SUCCESS,2026-06-03 16:38:13,1,1,1,2026-06
TXN0000065389,ACC0016410,119904.08,SUCCESS,2026-02-05 14:15:52,1,1,1,2026-02
TXN0000065412,ACC0008340,26189.22,SUCCESS,2026-07-25 16:30:11,1,1,1,2026-07
TXN0000065417,ACC0023955,96310.52,SUCCESS,2026-03-15 01:07:37,1,1,1,2026-03
TXN0000065419,ACC0000326,40351.44,SUCCESS,2026-03-31 15:37:45,1,1,1,2026-03
TXN0000065423,ACC0027992,79537.85,SUCCESS,2026-06-09 16:59:56,1,1,1,2026-06
TXN0000065424,ACC0012971,82354.24,SUCCESS,2026-05-06 03:14:00,1,1,1,2026-05
TXN0000065436,ACC0013847,137038.23,SUCCESS,2026-07-15 14:57:36,1,1,1,2026-07
TXN0000065439,ACC0018860,84426.45,SUCCESS,2026-05-12 02:14:14,1,1,1,2026-05
TXN0000065447,ACC0010912,146734.78,SUCCESS,2026-07-11 12:40:02,1,1,1,2026-07
TXN0000065448,ACC0018840,72731.3,SUCCESS,2026-04-16 13:45:37,1,1,1,2026-04
TXN0000065453,ACC0008188,86884.51,SUCCESS,2026-03-05 12:35:51,1,1,1,2026-03
TXN0000065458,ACC0001471,9714.81,SUCCESS,2026-04-18 09:06:51,1,1,1,2026-04
TXN0000065460,ACC0029625,143535.22,SUCCESS,2026-05-09 06:29:32,1,1,1,2026-05
TXN0000065466,ACC0028362,44142.69,SUCCESS,2026-01-01 12:47:59,1,1,1,2026-01
TXN0000065470,ACC0016771,127838.63,SUCCESS,2026-01-10 12:36:09,1,1,1,2026-01
TXN0000065471,ACC0024559,17374.63,SUCCESS,2026-01-11 08:42:19,1,1,1,2026-01
TXN0000065476,ACC0029461,72227.12,SUCCESS,2026-08-06 09:19:42,1,1,1,2026-08
TXN0000065479,ACC0016369,588.9,SUCCESS,2026-04-20 09:07:06,1,1,1,2026-04
TXN0000065489,ACC0024185,46259.28,SUCCESS,2026-02-16 02:07:12,1,1,1,2026-02
TXN0000065500,ACC0028555,108671.4,SUCCESS,2026-05-24 08:15:19,1,1,1,2026-05
TXN0000065501,ACC0029921,1000.62,SUCCESS,2026-07-21 14:02:53,1,1,1,2026-07
TXN0000065506,ACC0013291,128237.28,SUCCESS,2026-08-05 05:25:12,1,1,1,2026-08
TXN0000065523,ACC0015669,126663.38,SUCCESS,2026-06-27 11:55:44,1,1,1,2026-06
TXN0000065530,ACC0018547,3229.11,SUCCESS,2026-03-24 22:29:05,1,1,1,2026-03
TXN0000065533,ACC0025306,85937.24,SUCCESS,2026-06-04 02:18:17,1,1,1,2026-06
TXN0000065534,ACC0016738,137103.45,SUCCESS,2026-02-06 11:24:06,1,1,1,2026-02
TXN0000065540,ACC0029558,49380.23,SUCCESS,2026-03-08 09:44:16,1,1,1,2026-03
TXN0000065542,ACC0008848,44923.67,SUCCESS,2026-03-29 18:55:13,1,1,1,2026-03
TXN0000065543,ACC0014238,80859.28,SUCCESS,2026-07-07 07:30:28,1,1,1,2026-07
TXN0000065547,ACC0022702,139825.73,SUCCESS,2026-03-31 21:57:10,1,1,1,2026-03
TXN0000065552,ACC0005596,117771.33,SUCCESS,2026-02-09 00:12:27,1,1,1,2026-02
TXN0000065556,ACC0020862,6558.44,SUCCESS,2026-03-18 06:20:58,1,1,1,2026-03
TXN0000065557,ACC0023637,133768.4,SUCCESS,2026-02-01 06:49:04,1,1,1,2026-02
TXN0000065562,ACC0020634,113284.54,SUCCESS,2026-04-12 03:33:10,1,1,1,2026-04
TXN0000065564,ACC0023246,70816.67,SUCCESS,2026-02-26 07:16:09,1,1,1,2026-02
TXN0000065566,ACC0006275,27353.66,SUCCESS,2026-02-11 12:33:16,1,1,1,2026-02
TXN0000065567,ACC0021916,1740.2,SUCCESS,2026-01-07 23:53:55,1,1,1,2026-01
TXN0000065576,ACC0006929,44881.19,SUCCESS,2026-03-01 07:02:20,1,1,1,2026-03
TXN0000065580,ACC0011795,24439.37,SUCCESS,2026-01-29 22:52:17,1,1,1,2026-01
TXN0000065587,ACC0021796,62661.04,SUCCESS,2026-05-16 12:41:24,1,1,1,2026-05
TXN0000065592,ACC0008201,26293.4,SUCCESS,2026-07-06 06:21:42,1,1,1,2026-07
TXN0000065594,ACC0002664,120443.75,SUCCESS,2026-06-18 13:18:53,1,1,1,2026-06
TXN0000065598,ACC0005091,52158.85,SUCCESS,2026-01-08 01:49:45,1,1,1,2026-01
TXN0000065599,ACC0019878,32100.65,SUCCESS,2026-03-17 13:29:20,1,1,1,2026-03
TXN0000065603,ACC0014483,29040.6,SUCCESS,2026-04-30 20:04:43,1,1,1,2026-04
TXN0000065610,ACC0017881,79506.07,SUCCESS,2026-05-18 18:29:06,1,1,1,2026-05
TXN0000065628,ACC0025342,104269.53,SUCCESS,2026-06-25 23:48:10,1,1,1,2026-06
TXN0000065638,ACC0019008,113001.95,SUCCESS,2026-07-07 04:16:17,1,1,1,2026-07
TXN0000065639,ACC0001179,83473.01,SUCCESS,2026-05-19 07:00:06,1,1,1,2026-05
TXN0000065652,ACC0013263,89704.64,SUCCESS,2026-01-06 11:53:49,1,1,1,2026-01
TXN0000065653,ACC0002184,139055.82,SUCCESS,2026-03-02 20:03:12,1,1,1,2026-03
TXN0000065661,ACC0018754,140502.84,SUCCESS,2026-07-15 22:39:22,1,1,1,2026-07
TXN0000065668,ACC0010248,90306.49,SUCCESS,2026-06-06 12:19:11,1,1,1,2026-06
TXN0000065670,ACC0012967,72203.84,SUCCESS,2026-05-29 01:34:58,1,1,1,2026-05
TXN0000065671,ACC0026883,148027.08,SUCCESS,2026-03-06 11:48:36,1,1,1,2026-03
TXN0000065672,ACC0001543,111153.82,SUCCESS,2026-08-02 15:54:42,1,1,1,2026-08
TXN0000065677,ACC0013444,44792.06,SUCCESS,2026-01-08 06:26:13,1,1,1,2026-01
TXN0000065679,ACC0015077,107123.77,SUCCESS,2026-07-02 20:37:56,1,1,1,2026-07
TXN0000065680,ACC0020718,136235.08,SUCCESS,2026-04-08 11:33:31,1,1,1,2026-04
TXN0000065684,ACC0015621,5172.3,SUCCESS,2026-07-09 22:26:49,1,1,1,2026-07
TXN0000065686,ACC0019385,97514.66,SUCCESS,2026-06-29 05:00:44,1,1,1,2026-06
TXN0000065689,ACC0009264,120697.74,SUCCESS,2026-06-12 04:37:59,1,1,1,2026-06
TXN0000065690,ACC0000736,3145.27,SUCCESS,2026-02-20 07:09:28,1,1,1,2026-02
TXN0000065691,ACC0006696,91889.55,SUCCESS,2026-04-04 13:18:39,1,1,1,2026-04
TXN0000065695,ACC0000892,26201.79,SUCCESS,2026-02-18 00:57:29,1,1,1,2026-02
TXN0000065700,ACC0029890,135638.84,SUCCESS,2026-03-02 17:35:38,1,1,1,2026-03
TXN0000065710,ACC0004261,40272.49,SUCCESS,2026-02-18 16:15:44,1,2,1,2026-02
TXN0000065712,ACC0024728,149812.46,SUCCESS,2026-03-17 07:48:09,1,1,1,2026-03
TXN0000065716,ACC0014016,30232.82,SUCCESS,2026-02-04 08:59:47,1,1,1,2026-02
TXN0000065722,ACC0010303,63933.87,SUCCESS,2026-07-09 22:51:31,1,1,1,2026-07
TXN0000065730,ACC0014429,10932.83,SUCCESS,2026-05-18 14:03:29,1,1,1,2026-05
TXN0000065740,ACC0011402,16091.85,SUCCESS,2026-02-11 22:30:52,1,1,1,2026-02
TXN0000065758,ACC0026702,37377.57,SUCCESS,2026-04-04 05:30:20,1,1,1,2026-04
TXN0000065760,ACC0026111,7831.51,SUCCESS,2026-02-19 19:07:49,1,1,1,2026-02
TXN0000065764,ACC0024668,141720.92,SUCCESS,2026-04-19 01:44:51,1,1,1,2026-04
TXN0000065773,ACC0006089,110329.82,SUCCESS,2026-07-18 06:01:14,1,1,1,2026-07
TXN0000065781,ACC0010640,135581.83,SUCCESS,2026-04-03 11:56:54,1,2,1,2026-04
TXN0000065789,ACC0010153,95614.84,SUCCESS,2026-05-23 22:57:48,1,1,1,2026-05
TXN0000065791,ACC0018480,105075.45,SUCCESS,2026-01-09 15:45:03,1,1,1,2026-01
TXN0000065798,ACC0009509,148941.58,SUCCESS,2026-04-21 03:55:26,1,1,1,2026-04
TXN0000065801,ACC0003461,81490.39,SUCCESS,2026-05-27 13:57:06,1,1,1,2026-05
TXN0000065803,ACC0025293,41119.27,SUCCESS,2026-06-06 06:51:40,1,1,1,2026-06
TXN0000065807,ACC0001330,27213.05,SUCCESS,2026-02-02 04:27:46,1,1,1,2026-02
TXN0000065808,ACC0017727,146953.37,SUCCESS,2026-05-20 06:19:16,1,1,1,2026-05
TXN0000065812,ACC0027503,11351.44,SUCCESS,2026-07-20 07:59:00,1,1,1,2026-07
TXN0000065813,ACC0011663,108637.25,SUCCESS,2026-02-17 08:16:28,1,1,1,2026-02
TXN0000065817,ACC0003450,57217.91,SUCCESS,2026-07-07 19:59:19,1,1,1,2026-07
TXN0000065819,ACC0027854,149302.07,SUCCESS,2026-03-30 10:53:11,1,1,1,2026-03
TXN0000065824,ACC0004563,60787.01,SUCCESS,2026-01-04 16:54:02,1,2,1,2026-01
TXN0000065835,ACC0019563,112525.54,SUCCESS,2026-07-24 11:51:31,1,1,1,2026-07
TXN0000065841,ACC0002064,138748.29,SUCCESS,2026-02-10 19:29:14,1,1,1,2026-02
TXN0000065844,ACC0010672,34163.96,SUCCESS,2026-03-25 03:48:40,1,1,1,2026-03
TXN0000065846,ACC0027580,8995.74,SUCCESS,2026-05-31 16:20:54,1,1,1,2026-05
TXN0000065853,ACC0014152,83116.64,SUCCESS,2026-08-03 13:43:50,1,1,1,2026-08
TXN0000065854,ACC0010654,114363.81,SUCCESS,2026-03-16 01:58:21,1,1,1,2026-03
TXN0000065860,ACC0019858,81698.71,SUCCESS,2026-01-08 06:09:37,1,1,1,2026-01
TXN0000065863,ACC0016845,22170.74,SUCCESS,2026-03-05 16:07:23,1,1,1,2026-03
TXN0000065868,ACC0004395,101285.08,SUCCESS,2026-04-22 00:22:34,1,1,1,2026-04
TXN0000065880,ACC0012980,92250.03,SUCCESS,2026-02-12 23:46:45,1,1,1,2026-02
TXN0000065891,ACC0018504,59654.07,SUCCESS,2026-02-20 13:48:48,1,1,1,2026-02
TXN0000065893,ACC0019081,100391.53,SUCCESS,2026-02-17 20:34:43,1,1,1,2026-02
TXN0000065901,ACC0015061,53385.71,SUCCESS,2026-05-18 20:10:22,1,1,1,2026-05
TXN0000065907,ACC0003199,8429.88,SUCCESS,2026-03-26 02:56:15,1,1,1,2026-03
TXN0000065911,ACC0009148,46920.18,SUCCESS,2026-03-13 08:02:51,1,1,1,2026-03
TXN0000065912,ACC0013064,48615.65,SUCCESS,2026-05-10 22:21:04,1,1,1,2026-05
TXN0000065914,ACC0027500,109752.32,SUCCESS,2026-03-11 17:06:31,1,1,1,2026-03
TXN0000065924,ACC0010178,29368.56,SUCCESS,2026-05-03 06:09:18,1,1,1,2026-05
TXN0000065925,ACC0019683,72464.85,SUCCESS,2026-05-07 02:17:47,1,1,1,2026-05
TXN0000065929,ACC0020729,52294.7,SUCCESS,2026-03-22 16:07:04,1,1,1,2026-03
TXN0000065939,ACC0013928,60489.75,SUCCESS,2026-02-25 07:08:36,1,1,1,2026-02
TXN0000065940,ACC0020626,63944.39,SUCCESS,2026-05-19 20:46:07,1,1,1,2026-05
TXN0000065948,ACC0017077,12762.88,SUCCESS,2026-03-08 16:59:47,1,1,1,2026-03
TXN0000065960,ACC0024001,122171.36,SUCCESS,2026-01-11 05:16:06,1,1,1,2026-01
TXN0000065961,ACC0001937,20505.73,SUCCESS,2026-05-20 14:08:43,1,1,1,2026-05
TXN0000065969,ACC0011321,85746.91,SUCCESS,2026-02-05 00:05:54,1,1,1,2026-02
TXN0000065973,ACC0029043,705.89,SUCCESS,2026-01-19 14:27:35,1,1,1,2026-01
TXN0000065974,ACC0019607,116748.19,SUCCESS,2026-05-11 16:01:31,1,1,1,2026-05
TXN0000065977,ACC0005891,135010.86,SUCCESS,2026-02-15 22:01:27,1,1,1,2026-02
TXN0000065985,ACC0024527,41878.07,SUCCESS,2026-04-17 18:10:15,1,1,1,2026-04
TXN0000065986,ACC0011053,85060.58,SUCCESS,2026-02-13 14:37:29,1,1,1,2026-02
TXN0000065988,ACC0002141,31147.53,SUCCESS,2026-01-29 10:00:40,1,1,1,2026-01
TXN0000065989,ACC0017766,128153.84,SUCCESS,2026-02-17 16:20:09,1,1,1,2026-02
TXN0000065990,ACC0017325,15977.14,SUCCESS,2026-03-04 09:20:01,1,1,1,2026-03
TXN0000066008,ACC0028387,36278.24,SUCCESS,2026-06-30 22:00:08,1,1,1,2026-06
TXN0000066009,ACC0015295,92198.72,SUCCESS,2026-03-14 08:09:04,1,1,1,2026-03
TXN0000066013,ACC0004408,63756.86,SUCCESS,2026-07-01 09:49:35,1,1,1,2026-07
TXN0000066021,ACC0005361,140949.88,SUCCESS,2026-03-29 19:56:54,1,1,1,2026-03
TXN0000066023,ACC0019083,30127.66,SUCCESS,2026-01-14 04:00:56,1,1,1,2026-01
TXN0000066030,ACC0002270,115027.9,SUCCESS,2026-04-15 16:45:05,1,1,1,2026-04
TXN0000066038,ACC0008648,73303.3,SUCCESS,2026-04-08 18:35:13,1,1,1,2026-04
TXN0000066042,ACC0011453,7483.31,SUCCESS,2026-03-17 04:45:28,1,1,1,2026-03
TXN0000066060,ACC0027160,67955.97,SUCCESS,2026-06-03 18:13:53,1,1,1,2026-06
TXN0000066062,ACC0011051,93039.25,SUCCESS,2026-02-19 10:31:06,1,1,1,2026-02
TXN0000066068,ACC0029191,76170.72,SUCCESS,2026-02-16 07:43:24,1,1,1,2026-02
TXN0000066071,ACC0002722,6502.12,SUCCESS,2026-08-05 07:29:01,1,1,1,2026-08
TXN0000066073,ACC0008968,85614.52,SUCCESS,2026-05-28 15:09:26,1,1,1,2026-05
TXN0000066079,ACC0003314,139102.01,SUCCESS,2026-05-26 16:56:35,1,1,1,2026-05
TXN0000066081,ACC0024209,8605.8,SUCCESS,2026-03-26 10:38:14,1,1,1,2026-03
TXN0000066086,ACC0022056,21507.69,SUCCESS,2026-07-02 10:23:40,1,1,1,2026-07
TXN0000066088,ACC0006632,100563.31,SUCCESS,2026-01-24 20:27:39,1,1,1,2026-01
TXN0000066093,ACC0012423,37490.78,SUCCESS,2026-02-07 19:13:24,1,1,1,2026-02
TXN0000066095,ACC0029170,29827.69,SUCCESS,2026-02-02 11:39:43,1,1,1,2026-02
TXN0000066098,ACC0022813,27561.35,SUCCESS,2026-06-13 10:49:29,1,1,1,2026-06
TXN0000066099,ACC0023974,99635.55,SUCCESS,2026-04-19 07:10:37,1,1,1,2026-04
TXN0000066100,ACC0005807,34563.05,SUCCESS,2026-06-06 22:05:14,1,1,1,2026-06
TXN0000066134,ACC0000422,46250.78,SUCCESS,2026-07-20 08:06:55,1,1,1,2026-07
TXN0000066140,ACC0023063,146163.62,SUCCESS,2026-05-09 17:44:49,1,1,1,2026-05
TXN0000066143,ACC0011629,75502.61,SUCCESS,2026-06-09 02:43:51,1,1,1,2026-06
TXN0000066144,ACC0019205,78651.44,SUCCESS,2026-04-16 10:33:18,1,1,1,2026-04
TXN0000066145,ACC0016708,158.41,SUCCESS,2026-02-21 23:22:10,1,1,1,2026-02
TXN0000066158,ACC0020919,31517.57,SUCCESS,2026-04-26 03:21:31,1,1,1,2026-04
TXN0000066168,ACC0026294,49239.42,SUCCESS,2026-03-30 15:31:00,1,1,1,2026-03
TXN0000066170,ACC0008347,120649.5,SUCCESS,2026-04-04 22:52:28,1,1,1,2026-04
TXN0000066176,ACC0015695,136443.62,SUCCESS,2026-06-27 13:36:44,1,1,1,2026-06
TXN0000066181,ACC0008026,134366.29,SUCCESS,2026-03-15 21:25:42,1,1,1,2026-03
TXN0000066183,ACC0018007,127553.85,SUCCESS,2026-01-28 01:02:40,1,1,1,2026-01
TXN0000066195,ACC0024383,42315.4,SUCCESS,2026-05-05 20:48:18,1,1,1,2026-05
TXN0000066197,ACC0025538,129205.81,SUCCESS,2026-02-04 12:24:23,1,1,1,2026-02
TXN0000066198,ACC0011716,81096.88,SUCCESS,2026-03-16 04:42:47,1,1,1,2026-03
TXN0000066203,ACC0013686,9350.83,SUCCESS,2026-05-04 23:36:01,1,1,1,2026-05
TXN0000066206,ACC0002404,142702.75,SUCCESS,2026-01-05 13:32:00,1,1,1,2026-01
TXN0000066210,ACC0007774,36379.04,SUCCESS,2026-04-17 05:20:09,1,1,1,2026-04
TXN0000066213,ACC0007929,122869.87,SUCCESS,2026-03-04 11:25:45,1,1,1,2026-03
TXN0000066218,ACC0008747,63090.61,SUCCESS,2026-01-02 13:18:14,1,1,1,2026-01
TXN0000066224,ACC0024451,137880.57,SUCCESS,2026-07-07 03:04:52,1,1,1,2026-07
TXN0000066225,ACC0027635,16697.61,SUCCESS,2026-05-24 03:09:29,1,1,1,2026-05
TXN0000066226,ACC0006088,70312.99,SUCCESS,2026-04-04 20:39:57,1,1,1,2026-04
TXN0000066228,ACC0022701,121002.75,SUCCESS,2026-04-19 17:07:00,1,1,1,2026-04
TXN0000066230,ACC0007649,68664.43,SUCCESS,2026-01-18 19:05:18,1,1,1,2026-01
TXN0000066234,ACC0024349,24893.54,SUCCESS,2026-07-04 20:04:00,1,1,1,2026-07
TXN0000066241,ACC0024399,92544.49,SUCCESS,2026-02-04 15:10:01,1,1,1,2026-02
TXN0000066243,ACC0016546,58945.57,SUCCESS,2026-06-13 14:02:57,1,1,1,2026-06
TXN0000066244,ACC0015796,68338.94,SUCCESS,2026-05-23 13:59:01,1,1,1,2026-05
TXN0000066245,ACC0011035,78569.97,SUCCESS,2026-02-02 05:48:23,1,1,1,2026-02
TXN0000066267,ACC0011092,30282.79,SUCCESS,2026-02-17 20:56:17,1,1,1,2026-02
TXN0000066274,ACC0027776,127637.5,SUCCESS,2026-06-19 15:19:57,1,1,1,2026-06
TXN0000066285,ACC0004962,100175.08,SUCCESS,2026-04-13 18:30:03,1,1,1,2026-04
TXN0000066286,ACC0018933,9456.72,SUCCESS,2026-06-28 18:17:22,1,1,1,2026-06
TXN0000066294,ACC0005944,144109.77,SUCCESS,2026-04-01 13:53:23,1,1,1,2026-04
TXN0000066305,ACC0021136,68558.52,SUCCESS,2026-03-01 01:07:43,1,1,1,2026-03
TXN0000066310,ACC0000918,23543.64,SUCCESS,2026-06-19 04:03:33,1,1,1,2026-06
TXN0000066317,ACC0018561,32733.32,SUCCESS,2026-03-26 00:44:27,1,1,1,2026-03
TXN0000066318,ACC0013379,133350.2,SUCCESS,2026-07-24 21:10:38,1,1,1,2026-07
TXN0000066319,ACC0018602,44491.96,SUCCESS,2026-07-20 05:34:01,1,1,1,2026-07
TXN0000066320,ACC0007114,148578.62,SUCCESS,2026-06-07 14:05:45,1,1,1,2026-06
TXN0000066325,ACC0018910,42270.76,SUCCESS,2026-04-15 06:56:22,1,1,1,2026-04
TXN0000066327,ACC0012690,77095.45,SUCCESS,2026-06-27 22:38:54,1,1,1,2026-06
TXN0000066330,ACC0027660,103397.72,SUCCESS,2026-05-15 14:14:33,1,1,1,2026-05
TXN0000066359,ACC0005219,15112.26,SUCCESS,2026-06-17 10:21:05,1,1,1,2026-06
TXN0000066364,ACC0002812,36299.07,SUCCESS,2026-06-14 03:14:37,1,1,1,2026-06
TXN0000066369,ACC0026637,42553.61,SUCCESS,2026-05-12 18:53:22,1,1,1,2026-05
TXN0000066370,ACC0014939,131450.58,SUCCESS,2026-07-06 02:16:38,1,1,1,2026-07
TXN0000066378,ACC0015002,126328.88,SUCCESS,2026-03-27 04:50:18,1,1,1,2026-03
TXN0000066383,ACC0012644,5230.26,SUCCESS,2026-01-14 18:37:08,1,1,1,2026-01
TXN0000066385,ACC0002855,67796.3,SUCCESS,2026-02-04 18:46:44,1,1,1,2026-02
TXN0000066391,ACC0019131,145937.91,SUCCESS,2026-05-06 13:17:53,1,1,1,2026-05
TXN0000066394,ACC0008754,71666.12,SUCCESS,2026-02-07 04:00:04,1,1,1,2026-02
TXN0000066398,ACC0014681,32876.91,SUCCESS,2026-02-16 15:39:23,1,1,1,2026-02
TXN0000066400,ACC0012926,139142.57,SUCCESS,2026-01-31 04:37:08,1,1,1,2026-01
TXN0000066401,ACC0005292,102388.06,SUCCESS,2026-01-07 19:24:59,1,1,1,2026-01
TXN0000066410,ACC0025593,142030.76,SUCCESS,2026-04-15 03:08:04,1,1,1,2026-04
TXN0000066411,ACC0024519,93159.59,SUCCESS,2026-01-18 21:38:35,1,1,1,2026-01
TXN0000066414,ACC0004587,131020.58,SUCCESS,2026-01-12 10:31:48,1,1,1,2026-01
TXN0000066426,ACC0026005,99251.67,SUCCESS,2026-05-31 03:07:20,1,1,1,2026-05
TXN0000066440,ACC0020712,149494.72,SUCCESS,2026-07-03 06:58:23,1,1,1,2026-07
TXN0000066446,ACC0005836,5490.47,SUCCESS,2026-04-09 15:47:04,1,1,1,2026-04
TXN0000066453,ACC0018476,54147.44,SUCCESS,2026-06-04 03:35:52,1,1,1,2026-06
TXN0000066481,ACC0027231,62351.22,SUCCESS,2026-03-02 08:21:25,1,1,1,2026-03
TXN0000066486,ACC0011821,66759.21,SUCCESS,2026-01-14 22:31:46,1,1,1,2026-01
TXN0000066491,ACC0028645,72657.16,SUCCESS,2026-05-20 20:44:14,1,1,1,2026-05
TXN0000066494,ACC0000542,100017.73,SUCCESS,2026-04-20 12:18:28,1,1,1,2026-04
TXN0000066507,ACC0029300,146683.84,SUCCESS,2026-06-08 11:51:50,1,1,1,2026-06
TXN0000066521,ACC0002881,11949.07,SUCCESS,2026-03-23 20:46:09,1,1,1,2026-03
TXN0000066522,ACC0024561,98723.15,SUCCESS,2026-06-12 01:26:58,1,1,1,2026-06
TXN0000066525,ACC0012338,24668.65,SUCCESS,2026-02-23 14:20:40,1,1,1,2026-02
TXN0000066533,ACC0003759,142480.38,SUCCESS,2026-01-15 23:53:08,1,1,1,2026-01
TXN0000066540,ACC0002167,134718.29,SUCCESS,2026-03-08 21:55:36,1,1,1,2026-03
TXN0000066542,ACC0025027,123691.24,SUCCESS,2026-03-02 18:55:39,1,1,1,2026-03
TXN0000066546,ACC0015598,17315.38,SUCCESS,2026-02-05 00:44:55,1,1,1,2026-02
TXN0000066565,ACC0018444,96766.12,SUCCESS,2026-07-25 03:04:14,1,2,1,2026-07
TXN0000066577,ACC0006540,127263.93,SUCCESS,2026-02-08 23:34:03,1,1,1,2026-02
TXN0000066580,ACC0021144,146266.64,SUCCESS,2026-01-13 23:33:32,1,1,1,2026-01
TXN0000066585,ACC0015010,148598.79,SUCCESS,2026-04-14 12:14:01,1,1,1,2026-04
TXN0000066590,ACC0021407,145099.11,SUCCESS,2026-05-06 06:27:56,1,1,1,2026-05
TXN0000066602,ACC0023887,107759.24,SUCCESS,2026-05-06 14:19:28,1,1,1,2026-05
TXN0000066609,ACC0013253,54125.95,SUCCESS,2026-03-10 22:27:49,1,1,1,2026-03
TXN0000066613,ACC0012592,89999.44,SUCCESS,2026-05-24 21:12:04,1,1,1,2026-05
TXN0000066616,ACC0027498,113265.12,SUCCESS,2026-05-11 10:47:53,1,1,1,2026-05
TXN0000066618,ACC0025229,113165.0,SUCCESS,2026-03-02 00:52:26,1,1,1,2026-03
TXN0000066622,ACC0028139,94894.71,SUCCESS,2026-02-17 23:49:09,1,1,1,2026-02
TXN0000066629,ACC0007795,45740.55,SUCCESS,2026-05-10 04:39:54,1,1,1,2026-05
TXN0000066631,ACC0009536,142476.48,SUCCESS,2026-03-17 06:35:19,1,1,1,2026-03
TXN0000066636,ACC0025713,6610.92,SUCCESS,2026-03-23 14:59:20,1,1,1,2026-03
TXN0000066641,ACC0027496,112236.27,SUCCESS,2026-07-07 05:57:27,1,1,1,2026-07
TXN0000066642,ACC0029115,73226.82,SUCCESS,2026-04-19 18:10:44,1,1,1,2026-04
TXN0000066653,ACC0009543,85826.6,SUCCESS,2026-01-25 04:06:56,1,1,1,2026-01
TXN0000066664,ACC0011860,87589.15,SUCCESS,2026-05-02 23:30:23,1,1,1,2026-05
TXN0000066668,ACC0023473,140835.32,SUCCESS,2026-03-20 07:57:02,1,1,1,2026-03
TXN0000066670,ACC0027815,98596.0,SUCCESS,2026-06-03 22:36:16,1,1,1,2026-06
TXN0000066680,ACC0014410,122260.64,SUCCESS,2026-02-02 03:32:55,1,1,1,2026-02
TXN0000066683,ACC0028192,112890.82,SUCCESS,2026-04-14 14:31:57,1,1,1,2026-04
TXN0000066690,ACC0021921,37343.02,SUCCESS,2026-05-27 04:17:51,1,1,1,2026-05
TXN0000066694,ACC0004652,121837.48,SUCCESS,2026-04-02 05:39:48,1,1,1,2026-04
TXN0000066695,ACC0006215,59386.62,SUCCESS,2026-07-25 06:25:33,1,1,1,2026-07
TXN0000066700,ACC0014950,74029.36,SUCCESS,2026-07-13 12:56:30,1,1,1,2026-07
TXN0000066706,ACC0001044,115624.27,SUCCESS,2026-05-11 19:58:22,1,1,1,2026-05
TXN0000066715,ACC0006515,79164.86,SUCCESS,2026-01-29 14:57:29,1,1,1,2026-01
TXN0000066719,ACC0017296,133736.17,SUCCESS,2026-02-22 01:27:16,1,1,1,2026-02
TXN0000066722,ACC0006154,116180.01,SUCCESS,2026-05-01 10:58:02,1,1,1,2026-05
TXN0000066736,ACC0028579,53233.64,SUCCESS,2026-01-10 11:43:58,1,1,1,2026-01
TXN0000066756,ACC0007141,90600.82,SUCCESS,2026-04-23 20:53:39,1,1,1,2026-04
TXN0000066767,ACC0023367,51719.82,SUCCESS,2026-06-23 05:21:39,1,1,1,2026-06
TXN0000066768,ACC0018144,30395.18,SUCCESS,2026-06-13 22:46:01,1,1,1,2026-06
TXN0000066770,ACC0025080,49171.79,SUCCESS,2026-04-02 04:09:10,1,1,1,2026-04
TXN0000066775,ACC0006696,105703.35,SUCCESS,2026-04-07 07:29:48,1,1,1,2026-04
TXN0000066778,ACC0014628,130444.16,SUCCESS,2026-04-24 05:34:25,1,1,1,2026-04
TXN0000066782,ACC0015481,21603.67,SUCCESS,2026-03-23 21:57:50,1,1,1,2026-03
TXN0000066784,ACC0016396,31111.22,SUCCESS,2026-05-28 21:57:21,1,1,1,2026-05
TXN0000066785,ACC0006367,19581.56,SUCCESS,2026-08-03 18:57:26,1,1,1,2026-08
TXN0000066794,ACC0004043,19960.92,SUCCESS,2026-05-20 18:50:45,1,1,1,2026-05
TXN0000066795,ACC0005782,106571.61,SUCCESS,2026-05-13 06:43:38,1,1,1,2026-05
TXN0000066801,ACC0007071,128198.44,SUCCESS,2026-03-25 10:11:49,1,1,1,2026-03
TXN0000066809,ACC0024133,43961.27,SUCCESS,2026-06-26 17:08:25,1,1,1,2026-06
TXN0000066812,ACC0009527,10081.8,SUCCESS,2026-06-07 12:37:54,1,1,1,2026-06
TXN0000066813,ACC0006389,31866.7,SUCCESS,2026-03-28 14:37:47,1,1,1,2026-03
TXN0000066827,ACC0016558,24742.13,SUCCESS,2026-06-27 05:19:49,1,1,1,2026-06
TXN0000066830,ACC0022664,141688.73,SUCCESS,2026-04-02 06:09:19,1,1,1,2026-04
TXN0000066843,ACC0017232,58203.66,SUCCESS,2026-08-03 16:16:51,1,1,1,2026-08
TXN0000066844,ACC0004324,92297.17,SUCCESS,2026-08-02 14:54:24,1,1,1,2026-08
TXN0000066848,ACC0002198,4046.69,SUCCESS,2026-06-02 18:49:43,1,1,1,2026-06
TXN0000066872,ACC0015592,38883.22,SUCCESS,2026-03-12 17:53:03,1,1,1,2026-03
TXN0000066877,ACC0006806,30005.85,SUCCESS,2026-06-28 05:21:44,1,1,1,2026-06
TXN0000066879,ACC0018434,27772.72,SUCCESS,2026-01-04 10:32:43,1,1,1,2026-01
TXN0000066883,ACC0004075,135939.41,SUCCESS,2026-05-31 19:52:08,1,1,1,2026-05
TXN0000066886,ACC0015270,113802.29,SUCCESS,2026-06-27 20:13:21,1,1,1,2026-06
TXN0000066889,ACC0015371,34896.1,SUCCESS,2026-06-23 14:02:44,1,1,1,2026-06
TXN0000066891,ACC0012617,17436.53,SUCCESS,2026-06-30 21:51:20,1,1,1,2026-06
TXN0000066896,ACC0019110,3333.32,SUCCESS,2026-01-14 06:06:26,1,1,1,2026-01
TXN0000066901,ACC0000047,74999.99,SUCCESS,2026-02-27 06:19:59,1,1,1,2026-02
TXN0000066903,ACC0004922,50842.83,SUCCESS,2026-06-21 20:05:55,1,1,1,2026-06
TXN0000066904,ACC0025407,61322.04,SUCCESS,2026-07-18 21:38:51,1,1,1,2026-07
TXN0000066905,ACC0022154,81086.89,SUCCESS,2026-05-02 10:50:26,1,1,1,2026-05
TXN0000066907,ACC0019021,141496.74,SUCCESS,2026-03-11 02:18:32,1,1,1,2026-03
TXN0000066921,ACC0026540,129162.31,SUCCESS,2026-01-09 06:52:32,1,1,1,2026-01
TXN0000066922,ACC0005960,24268.5,SUCCESS,2026-04-16 09:39:03,1,1,1,2026-04
TXN0000066931,ACC0005334,135262.41,SUCCESS,2026-01-23 07:12:14,1,1,1,2026-01
TXN0000066937,ACC0003260,47749.64,SUCCESS,2026-07-09 06:42:11,1,1,1,2026-07
TXN0000066940,ACC0018869,85909.47,SUCCESS,2026-01-29 08:07:34,1,1,1,2026-01
TXN0000066981,ACC0016280,52090.62,SUCCESS,2026-05-30 19:17:26,1,1,1,2026-05
TXN0000066985,ACC0014475,56456.14,SUCCESS,2026-08-07 07:43:10,1,1,1,2026-08
TXN0000066998,ACC0018117,144042.61,SUCCESS,2026-06-24 02:50:17,1,1,1,2026-06
TXN0000067003,ACC0002586,91965.04,SUCCESS,2026-06-11 05:25:12,1,1,1,2026-06
TXN0000067008,ACC0002385,61473.04,SUCCESS,2026-04-15 01:32:43,1,1,1,2026-04
TXN0000067014,ACC0000613,46494.28,SUCCESS,2026-02-12 17:55:47,1,1,1,2026-02
TXN0000067018,ACC0009564,10677.97,SUCCESS,2026-03-12 19:45:38,1,1,1,2026-03
TXN0000067024,ACC0014357,112341.02,SUCCESS,2026-03-16 19:03:23,1,1,1,2026-03
TXN0000067026,ACC0006524,40558.21,SUCCESS,2026-01-03 18:30:07,1,1,1,2026-01
TXN0000067032,ACC0028534,56906.62,SUCCESS,2026-06-26 17:25:37,1,1,1,2026-06
TXN0000067034,ACC0012061,90580.8,SUCCESS,2026-07-13 02:33:57,1,1,1,2026-07
TXN0000067040,ACC0009438,135465.65,SUCCESS,2026-02-02 21:42:15,1,1,1,2026-02
TXN0000067041,ACC0016372,31868.73,SUCCESS,2026-03-13 16:05:02,1,1,1,2026-03
TXN0000067048,ACC0017502,44625.4,SUCCESS,2026-07-18 17:00:14,1,1,1,2026-07
TXN0000067062,ACC0024624,27942.29,SUCCESS,2026-03-22 18:29:00,1,1,1,2026-03
TXN0000067074,ACC0011968,72144.2,SUCCESS,2026-01-28 19:25:20,1,1,1,2026-01
TXN0000067075,ACC0011759,47870.67,SUCCESS,2026-04-02 07:55:03,1,1,1,2026-04
TXN0000067109,ACC0017096,142412.24,SUCCESS,2026-02-26 13:51:31,1,1,1,2026-02
TXN0000067115,ACC0009837,39098.63,SUCCESS,2026-07-20 03:01:31,1,1,1,2026-07
TXN0000067118,ACC0029581,23807.38,SUCCESS,2026-02-15 02:11:57,1,1,1,2026-02
TXN0000067128,ACC0000565,112859.27,SUCCESS,2026-07-06 20:17:33,1,1,1,2026-07
TXN0000067137,ACC0002240,88663.33,SUCCESS,2026-03-09 23:05:28,1,1,1,2026-03
TXN0000067147,ACC0008344,146930.99,SUCCESS,2026-02-26 21:11:49,1,1,1,2026-02
TXN0000067150,ACC0021325,68080.41,SUCCESS,2026-06-01 14:05:42,1,1,1,2026-06
TXN0000067156,ACC0015392,59505.51,SUCCESS,2026-06-08 20:17:27,1,1,1,2026-06
TXN0000067159,ACC0029748,126677.9,SUCCESS,2026-02-23 12:13:54,1,1,1,2026-02
TXN0000067163,ACC0012350,15494.28,SUCCESS,2026-01-25 20:04:18,1,1,1,2026-01
TXN0000067167,ACC0019275,12190.89,SUCCESS,2026-04-07 00:41:41,1,1,1,2026-04
TXN0000067168,ACC0029957,22910.7,SUCCESS,2026-01-31 16:04:41,1,1,1,2026-01
TXN0000067169,ACC0011865,3724.7,SUCCESS,2026-05-07 14:28:42,1,1,1,2026-05
TXN0000067172,ACC0018808,114844.08,SUCCESS,2026-02-20 23:58:42,1,1,1,2026-02
TXN0000067186,ACC0013848,108758.41,SUCCESS,2026-01-10 03:15:43,1,1,1,2026-01
TXN0000067189,ACC0016951,148743.97,SUCCESS,2026-07-16 11:28:34,1,1,1,2026-07
TXN0000067195,ACC0003289,25255.14,SUCCESS,2026-04-15 22:18:09,1,1,1,2026-04
TXN0000067196,ACC0003501,134855.65,SUCCESS,2026-06-09 15:17:06,1,1,1,2026-06
TXN0000067205,ACC0014931,137695.91,SUCCESS,2026-01-14 11:43:12,1,1,1,2026-01
TXN0000067210,ACC0004887,13625.94,SUCCESS,2026-02-21 03:38:04,1,1,1,2026-02
TXN0000067212,ACC0021141,35658.82,SUCCESS,2026-06-09 02:48:42,1,1,1,2026-06
TXN0000067219,ACC0002113,10226.23,SUCCESS,2026-05-01 09:37:09,1,1,1,2026-05
TXN0000067228,ACC0013137,50686.9,SUCCESS,2026-04-22 23:52:18,1,1,1,2026-04
TXN0000067247,ACC0020848,13704.77,SUCCESS,2026-05-18 00:45:42,1,1,1,2026-05
TXN0000067251,ACC0023555,86414.93,SUCCESS,2026-01-31 15:25:23,1,1,1,2026-01
TXN0000067263,ACC0017142,94145.22,SUCCESS,2026-02-13 16:30:25,1,1,1,2026-02
TXN0000067265,ACC0012487,117397.37,SUCCESS,2026-02-09 11:06:57,1,1,1,2026-02
TXN0000067266,ACC0027199,84261.93,SUCCESS,2026-04-07 00:43:43,1,1,1,2026-04
TXN0000067272,ACC0027916,55991.45,SUCCESS,2026-04-02 19:50:34,1,1,1,2026-04
TXN0000067282,ACC0013200,24692.37,SUCCESS,2026-02-20 01:13:14,1,1,1,2026-02
TXN0000067283,ACC0011349,92016.17,SUCCESS,2026-07-27 16:06:02,1,1,1,2026-07
TXN0000067301,ACC0010902,133688.48,SUCCESS,2026-03-23 11:49:49,1,1,1,2026-03
TXN0000067302,ACC0003151,62268.56,SUCCESS,2026-04-06 17:12:02,1,1,1,2026-04
TXN0000067304,ACC0029730,43442.81,SUCCESS,2026-06-23 08:30:27,1,1,1,2026-06
TXN0000067306,ACC0010498,146722.95,SUCCESS,2026-05-08 13:42:07,1,1,1,2026-05
TXN0000067310,ACC0021631,61968.54,SUCCESS,2026-04-18 22:56:35,1,1,1,2026-04
TXN0000067311,ACC0021362,59429.86,SUCCESS,2026-06-15 03:09:47,1,1,1,2026-06
TXN0000067322,ACC0018033,146666.65,SUCCESS,2026-02-06 22:42:24,1,1,1,2026-02
TXN0000067335,ACC0019964,52077.49,SUCCESS,2026-06-10 07:00:21,1,1,1,2026-06
TXN0000067338,ACC0014181,60286.37,SUCCESS,2026-08-01 14:09:50,1,1,1,2026-08
TXN0000067339,ACC0010710,122843.63,SUCCESS,2026-03-21 00:42:03,1,1,1,2026-03
TXN0000067359,ACC0017834,1322.02,SUCCESS,2026-03-22 15:43:25,1,1,1,2026-03
TXN0000067365,ACC0026203,18289.63,SUCCESS,2026-02-21 19:51:01,1,1,1,2026-02
TXN0000067367,ACC0007119,48356.72,SUCCESS,2026-03-17 13:28:19,1,1,1,2026-03
TXN0000067370,ACC0007541,67187.92,SUCCESS,2026-07-19 08:21:47,1,1,1,2026-07
TXN0000067402,ACC0013262,39823.25,SUCCESS,2026-02-24 10:37:42,1,1,1,2026-02
TXN0000067405,ACC0023412,125849.69,SUCCESS,2026-05-06 19:26:45,1,1,1,2026-05
TXN0000067409,ACC0028159,14535.56,SUCCESS,2026-04-16 04:34:42,1,1,1,2026-04
TXN0000067410,ACC0021639,67777.54,SUCCESS,2026-07-24 17:25:56,1,1,1,2026-07
TXN0000067416,ACC0014438,120701.58,SUCCESS,2026-01-14 06:41:56,1,1,1,2026-01
TXN0000067418,ACC0015436,95499.29,SUCCESS,2026-07-10 17:29:28,1,1,1,2026-07
TXN0000067421,ACC0021820,20258.59,SUCCESS,2026-04-28 17:12:19,1,1,1,2026-04
TXN0000067425,ACC0005928,117242.92,SUCCESS,2026-05-28 22:04:03,1,1,1,2026-05
TXN0000067433,ACC0027103,136361.23,SUCCESS,2026-07-22 06:59:54,1,1,1,2026-07
TXN0000067435,ACC0021325,126227.78,SUCCESS,2026-05-16 17:16:06,1,1,1,2026-05
TXN0000067437,ACC0013024,95905.07,SUCCESS,2026-04-15 13:54:00,1,1,1,2026-04
TXN0000067444,ACC0000833,18212.88,SUCCESS,2026-06-27 10:31:56,1,1,1,2026-06
TXN0000067449,ACC0006436,17926.28,SUCCESS,2026-03-05 22:16:40,1,1,1,2026-03
TXN0000067454,ACC0013127,75864.5,SUCCESS,2026-02-12 09:34:19,1,1,1,2026-02
TXN0000067457,ACC0003872,70527.8,SUCCESS,2026-02-20 18:36:36,1,1,1,2026-02
TXN0000067458,ACC0016947,147204.0,SUCCESS,2026-02-02 12:18:44,1,1,1,2026-02
TXN0000067471,ACC0029618,62931.12,SUCCESS,2026-05-31 10:04:23,1,1,1,2026-05
TXN0000067491,ACC0001778,46938.41,SUCCESS,2026-03-12 15:01:23,1,1,1,2026-03
TXN0000067493,ACC0001981,19601.39,SUCCESS,2026-01-30 18:00:14,1,1,1,2026-01
TXN0000067497,ACC0021492,13424.32,SUCCESS,2026-02-06 08:48:31,1,1,1,2026-02
TXN0000067506,ACC0016292,28916.0,SUCCESS,2026-03-25 23:26:21,1,1,1,2026-03
TXN0000067518,ACC0026852,38897.6,SUCCESS,2026-03-13 16:14:17,1,1,1,2026-03
TXN0000067525,ACC0012448,114466.11,SUCCESS,2026-01-08 05:02:08,1,1,1,2026-01
TXN0000067527,ACC0026135,42522.13,SUCCESS,2026-06-19 18:22:25,1,1,1,2026-06
TXN0000067536,ACC0020296,2157.35,SUCCESS,2026-07-07 02:24:58,1,1,1,2026-07
TXN0000067538,ACC0007979,149687.37,SUCCESS,2026-04-05 14:52:41,1,2,1,2026-04
TXN0000067539,ACC0021960,30397.78,SUCCESS,2026-08-08 01:46:39,1,1,1,2026-08
TXN0000067547,ACC0023330,69479.49,SUCCESS,2026-08-05 15:48:00,1,1,1,2026-08
TXN0000067550,ACC0012455,96463.09,SUCCESS,2026-03-15 18:00:49,1,1,1,2026-03
TXN0000067558,ACC0020767,138939.25,SUCCESS,2026-03-01 23:30:59,1,1,1,2026-03
TXN0000067569,ACC0018625,43936.55,SUCCESS,2026-03-10 03:22:07,1,1,1,2026-03
TXN0000067573,ACC0005791,66865.58,SUCCESS,2026-04-29 00:50:12,1,1,1,2026-04
TXN0000067575,ACC0012852,116743.9,SUCCESS,2026-07-03 18:15:14,1,1,1,2026-07
TXN0000067588,ACC0026741,13136.42,SUCCESS,2026-05-29 19:33:56,1,1,1,2026-05
TXN0000067589,ACC0004528,71301.71,SUCCESS,2026-03-20 07:13:10,1,1,1,2026-03
TXN0000067593,ACC0019848,114561.18,SUCCESS,2026-07-22 14:43:36,1,1,1,2026-07
TXN0000067599,ACC0013450,94200.97,SUCCESS,2026-02-24 09:44:12,1,1,1,2026-02
TXN0000067602,ACC0018311,125756.87,SUCCESS,2026-01-06 10:56:25,1,1,1,2026-01
TXN0000067605,ACC0000903,87117.6,SUCCESS,2026-02-28 07:11:46,1,1,1,2026-02
TXN0000067608,ACC0005613,135434.84,SUCCESS,2026-05-14 12:55:30,1,1,1,2026-05
TXN0000067613,ACC0020967,55186.04,SUCCESS,2026-07-28 23:38:50,1,1,1,2026-07
TXN0000067624,ACC0025232,12823.15,SUCCESS,2026-06-04 13:06:13,1,1,1,2026-06
TXN0000067639,ACC0025279,52664.38,SUCCESS,2026-07-20 09:19:46,1,1,1,2026-07
TXN0000067640,ACC0010828,141583.24,SUCCESS,2026-08-07 20:20:52,1,1,1,2026-08
TXN0000067649,ACC0017026,50382.25,SUCCESS,2026-02-19 05:29:47,1,1,1,2026-02
TXN0000067657,ACC0011476,32618.61,SUCCESS,2026-07-13 10:06:09,1,1,1,2026-07
TXN0000067663,ACC0006205,106203.97,SUCCESS,2026-04-19 06:19:41,1,1,1,2026-04
TXN0000067668,ACC0006265,119312.88,SUCCESS,2026-03-04 08:49:04,1,1,1,2026-03
TXN0000067674,ACC0008778,20306.91,SUCCESS,2026-03-18 08:29:00,1,1,1,2026-03
TXN0000067675,ACC0016524,70243.06,SUCCESS,2026-03-22 04:20:35,1,1,1,2026-03
TXN0000067679,ACC0001456,78001.4,SUCCESS,2026-01-19 02:41:35,1,1,1,2026-01
TXN0000067680,ACC0023469,101951.68,SUCCESS,2026-05-23 19:04:45,1,1,1,2026-05
TXN0000067687,ACC0020778,8699.12,SUCCESS,2026-06-08 00:50:41,1,1,1,2026-06
TXN0000067689,ACC0013835,3432.96,SUCCESS,2026-03-19 02:44:42,1,1,1,2026-03
TXN0000067698,ACC0026005,106253.19,SUCCESS,2026-02-18 11:34:02,1,1,1,2026-02
TXN0000067700,ACC0008361,109886.24,SUCCESS,2026-07-28 15:28:41,1,1,1,2026-07
TXN0000067702,ACC0001676,33115.6,SUCCESS,2026-08-02 16:07:55,1,1,1,2026-08
TXN0000067706,ACC0010474,69624.51,SUCCESS,2026-08-04 16:42:51,1,1,1,2026-08
TXN0000067707,ACC0013889,42111.29,SUCCESS,2026-04-26 07:03:00,1,1,1,2026-04
TXN0000067711,ACC0024452,61303.22,SUCCESS,2026-06-04 03:40:12,1,1,1,2026-06
TXN0000067715,ACC0028615,103222.04,SUCCESS,2026-03-24 19:35:46,1,1,1,2026-03
TXN0000067723,ACC0020346,86300.99,SUCCESS,2026-06-04 17:58:57,1,1,1,2026-06
TXN0000067734,ACC0024017,7876.63,SUCCESS,2026-01-04 20:36:25,1,1,1,2026-01
TXN0000067736,ACC0007679,98561.58,SUCCESS,2026-02-25 00:35:25,1,1,1,2026-02
TXN0000067739,ACC0022558,140543.36,SUCCESS,2026-05-29 21:56:41,1,1,1,2026-05
TXN0000067746,ACC0019774,142639.52,SUCCESS,2026-07-07 06:34:05,1,1,1,2026-07
TXN0000067752,ACC0004689,52067.16,SUCCESS,2026-03-08 22:30:05,1,1,1,2026-03
TXN0000067757,ACC0005121,129138.66,SUCCESS,2026-07-24 09:44:37,1,1,1,2026-07
TXN0000067762,ACC0019584,39374.92,SUCCESS,2026-02-27 20:17:50,1,1,1,2026-02
TXN0000067778,ACC0011267,134624.04,SUCCESS,2026-04-23 20:47:32,1,1,1,2026-04
TXN0000067783,ACC0025802,22668.57,SUCCESS,2026-07-30 16:40:47,1,1,1,2026-07
TXN0000067788,ACC0021836,106969.53,SUCCESS,2026-03-30 09:50:34,1,1,1,2026-03
TXN0000067792,ACC0005151,121421.83,SUCCESS,2026-01-14 00:28:51,1,1,1,2026-01
TXN0000067800,ACC0002594,93788.19,SUCCESS,2026-07-07 21:32:55,1,1,1,2026-07
TXN0000067802,ACC0000780,31273.99,SUCCESS,2026-06-12 07:55:20,1,1,1,2026-06
TXN0000067803,ACC0009327,58145.17,SUCCESS,2026-05-20 10:42:23,1,1,1,2026-05
TXN0000067804,ACC0018830,101785.27,SUCCESS,2026-01-17 17:16:17,1,1,1,2026-01
TXN0000067813,ACC0016643,50072.85,SUCCESS,2026-02-27 22:01:00,1,1,1,2026-02
TXN0000067823,ACC0004623,71285.89,SUCCESS,2026-04-24 05:05:57,1,1,1,2026-04
TXN0000067827,ACC0026481,73414.64,SUCCESS,2026-04-24 01:50:45,1,1,1,2026-04
TXN0000067830,ACC0004468,62683.14,SUCCESS,2026-01-19 08:04:15,1,1,1,2026-01
TXN0000067832,ACC0015320,96200.64,SUCCESS,2026-02-20 19:47:27,1,1,1,2026-02
TXN0000067834,ACC0000086,18292.25,SUCCESS,2026-07-11 21:13:37,1,1,1,2026-07
TXN0000067837,ACC0006677,145839.62,SUCCESS,2026-03-23 14:24:50,1,1,1,2026-03
TXN0000067842,ACC0028933,47550.84,SUCCESS,2026-05-19 00:33:01,1,1,1,2026-05
TXN0000067858,ACC0014368,7248.36,SUCCESS,2026-03-26 03:20:47,1,1,1,2026-03
TXN0000067859,ACC0006545,80334.93,SUCCESS,2026-01-02 02:22:13,1,1,1,2026-01
TXN0000067862,ACC0021791,38843.6,SUCCESS,2026-06-07 04:07:17,1,1,1,2026-06
TXN0000067863,ACC0012700,83709.73,SUCCESS,2026-05-03 13:41:27,1,1,1,2026-05
TXN0000067864,ACC0015463,67525.05,SUCCESS,2026-04-01 21:24:34,1,1,1,2026-04
TXN0000067867,ACC0010421,5486.28,SUCCESS,2026-03-01 11:09:49,1,1,1,2026-03
TXN0000067871,ACC0026754,40033.67,SUCCESS,2026-06-27 20:57:21,1,1,1,2026-06
TXN0000067874,ACC0025577,30823.77,SUCCESS,2026-02-07 15:16:30,1,1,1,2026-02
TXN0000067875,ACC0008525,8178.59,SUCCESS,2026-06-26 12:34:43,1,1,1,2026-06
TXN0000067898,ACC0009778,9162.03,SUCCESS,2026-02-08 18:57:41,1,1,1,2026-02
TXN0000067899,ACC0028575,130758.48,SUCCESS,2026-01-29 17:24:01,1,1,1,2026-01
TXN0000067907,ACC0015908,51695.7,SUCCESS,2026-01-05 07:11:29,1,2,1,2026-01
TXN0000067923,ACC0007314,42852.92,SUCCESS,2026-03-12 12:10:05,1,1,1,2026-03
TXN0000067926,ACC0017329,4940.59,SUCCESS,2026-01-15 19:45:11,1,1,1,2026-01
TXN0000067937,ACC0029938,132426.16,SUCCESS,2026-05-20 22:42:00,1,1,1,2026-05
TXN0000067942,ACC0006034,76231.19,SUCCESS,2026-06-29 22:50:07,1,1,1,2026-06
TXN0000067946,ACC0003150,89981.08,SUCCESS,2026-07-07 04:39:14,1,1,1,2026-07
TXN0000067951,ACC0011065,75955.47,SUCCESS,2026-07-24 02:41:24,1,1,1,2026-07
TXN0000067952,ACC0012977,64720.53,SUCCESS,2026-01-21 06:02:38,1,1,1,2026-01
TXN0000067953,ACC0018830,29202.79,SUCCESS,2026-06-02 10:50:12,1,1,1,2026-06
TXN0000067958,ACC0019930,77864.94,SUCCESS,2026-02-09 22:54:15,1,2,1,2026-02
TXN0000067963,ACC0021877,13543.27,SUCCESS,2026-04-15 04:02:16,1,1,1,2026-04
TXN0000067968,ACC0002429,84617.14,SUCCESS,2026-02-08 14:26:19,1,1,1,2026-02
TXN0000067969,ACC0010589,77108.4,SUCCESS,2026-07-19 13:07:06,1,1,1,2026-07
TXN0000067979,ACC0016142,49336.52,SUCCESS,2026-07-29 04:18:02,1,1,1,2026-07
TXN0000067993,ACC0009564,68830.75,SUCCESS,2026-01-04 08:36:49,1,1,1,2026-01
TXN0000067996,ACC0027764,84219.6,SUCCESS,2026-02-20 18:41:13,1,1,1,2026-02
TXN0000068000,ACC0021904,86652.8,SUCCESS,2026-07-05 19:10:02,1,1,1,2026-07
TXN0000068005,ACC0029738,28451.37,SUCCESS,2026-07-06 11:44:10,1,2,1,2026-07
TXN0000068007,ACC0018867,37233.38,SUCCESS,2026-04-24 22:13:25,1,1,1,2026-04
TXN0000068009,ACC0002834,147705.14,SUCCESS,2026-05-21 12:40:56,1,1,1,2026-05
TXN0000068012,ACC0025837,33775.54,SUCCESS,2026-03-15 17:22:26,1,1,1,2026-03
TXN0000068013,ACC0013358,28156.25,SUCCESS,2026-01-04 15:05:48,1,1,1,2026-01
TXN0000068029,ACC0017796,83573.19,SUCCESS,2026-07-06 21:57:50,1,1,1,2026-07
TXN0000068033,ACC0029335,48286.31,SUCCESS,2026-05-30 06:35:57,1,1,1,2026-05
TXN0000068036,ACC0020484,39977.12,SUCCESS,2026-03-15 08:31:42,1,1,1,2026-03
TXN0000068038,ACC0001435,27376.28,SUCCESS,2026-03-03 08:18:43,1,1,1,2026-03
TXN0000068046,ACC0009086,79597.08,SUCCESS,2026-07-08 20:45:55,1,1,1,2026-07
TXN0000068051,ACC0021569,111971.95,SUCCESS,2026-02-03 13:43:13,1,1,1,2026-02
TXN0000068052,ACC0021765,51425.91,SUCCESS,2026-05-31 21:00:14,1,1,1,2026-05
TXN0000068060,ACC0017120,23289.64,SUCCESS,2026-02-11 11:43:54,1,1,1,2026-02
TXN0000068063,ACC0006308,32142.98,SUCCESS,2026-07-02 21:15:36,1,1,1,2026-07
TXN0000068068,ACC0013688,29561.83,SUCCESS,2026-06-14 08:04:37,1,1,1,2026-06
TXN0000068073,ACC0018596,78561.01,SUCCESS,2026-03-23 17:04:54,1,1,1,2026-03
TXN0000068076,ACC0004156,62823.33,SUCCESS,2026-07-22 08:58:37,1,1,1,2026-07
TXN0000068082,ACC0018317,121390.92,SUCCESS,2026-04-29 21:24:37,1,1,1,2026-04
TXN0000068083,ACC0006129,149731.86,SUCCESS,2026-02-22 18:07:47,1,1,1,2026-02
TXN0000068088,ACC0003250,35019.05,SUCCESS,2026-01-23 11:35:13,1,1,1,2026-01
TXN0000068093,ACC0011603,61212.94,SUCCESS,2026-05-10 17:33:12,1,1,1,2026-05
TXN0000068096,ACC0028200,111599.94,SUCCESS,2026-03-28 09:56:54,1,2,1,2026-03
TXN0000068106,ACC0009369,22657.11,SUCCESS,2026-05-13 20:44:27,1,1,1,2026-05
TXN0000068108,ACC0003472,46225.82,SUCCESS,2026-06-01 09:31:06,1,1,1,2026-06
TXN0000068109,ACC0024791,68109.01,SUCCESS,2026-03-09 11:58:59,1,1,1,2026-03
TXN0000068110,ACC0011740,83399.26,SUCCESS,2026-01-07 17:01:30,1,1,1,2026-01
TXN0000068117,ACC0019426,83476.2,SUCCESS,2026-04-17 16:24:05,1,1,1,2026-04
TXN0000068120,ACC0028623,92166.03,SUCCESS,2026-04-10 20:51:56,1,1,1,2026-04
TXN0000068129,ACC0012460,109678.82,SUCCESS,2026-07-10 22:26:52,1,1,1,2026-07
TXN0000068134,ACC0020838,98780.87,SUCCESS,2026-01-24 14:22:20,1,1,1,2026-01
TXN0000068143,ACC0023542,91472.19,SUCCESS,2026-03-29 04:22:23,1,1,1,2026-03
TXN0000068151,ACC0004647,85814.35,SUCCESS,2026-03-01 08:32:07,1,1,1,2026-03
TXN0000068154,ACC0010627,73787.18,SUCCESS,2026-05-20 12:27:02,1,1,1,2026-05
TXN0000068161,ACC0026891,34222.77,SUCCESS,2026-03-21 02:00:10,1,2,1,2026-03
TXN0000068166,ACC0021791,57005.3,SUCCESS,2026-01-13 03:49:27,1,1,1,2026-01
TXN0000068167,ACC0020674,12958.16,SUCCESS,2026-03-30 08:12:55,1,1,1,2026-03
TXN0000068169,ACC0022480,42855.91,SUCCESS,2026-04-08 06:54:33,1,1,1,2026-04
TXN0000068186,ACC0012109,32994.31,SUCCESS,2026-05-21 20:25:40,1,2,1,2026-05
TXN0000068189,ACC0009305,29477.94,SUCCESS,2026-04-27 04:03:04,1,1,1,2026-04
TXN0000068196,ACC0018106,12382.52,SUCCESS,2026-05-25 09:15:42,1,1,1,2026-05
TXN0000068200,ACC0003661,79899.01,SUCCESS,2026-06-01 05:32:31,1,1,1,2026-06
TXN0000068207,ACC0002399,3755.69,SUCCESS,2026-02-23 22:09:04,1,1,1,2026-02
TXN0000068210,ACC0000215,15528.06,SUCCESS,2026-06-20 16:33:40,1,1,1,2026-06
TXN0000068219,ACC0026779,32365.22,SUCCESS,2026-06-15 19:52:06,1,1,1,2026-06
TXN0000068220,ACC0004303,99027.72,SUCCESS,2026-06-07 12:41:19,1,1,1,2026-06
TXN0000068221,ACC0002499,23268.72,SUCCESS,2026-07-04 09:05:15,1,1,1,2026-07
TXN0000068223,ACC0018939,130286.47,SUCCESS,2026-07-16 14:00:52,1,1,1,2026-07
TXN0000068231,ACC0002509,112173.32,SUCCESS,2026-07-19 01:16:37,1,1,1,2026-07
TXN0000068232,ACC0001313,137271.25,SUCCESS,2026-03-08 17:19:29,1,1,1,2026-03
TXN0000068233,ACC0007497,13358.14,SUCCESS,2026-07-27 22:14:24,1,1,1,2026-07
TXN0000068234,ACC0005185,117701.28,SUCCESS,2026-03-30 22:58:03,1,1,1,2026-03
TXN0000068242,ACC0023752,20362.68,SUCCESS,2026-01-20 19:06:24,1,1,1,2026-01
TXN0000068247,ACC0011931,82668.59,SUCCESS,2026-01-05 18:07:03,1,1,1,2026-01
TXN0000068259,ACC0021675,62238.23,SUCCESS,2026-03-07 16:23:51,1,1,1,2026-03
TXN0000068263,ACC0007868,108165.69,SUCCESS,2026-03-10 04:54:12,1,1,1,2026-03
TXN0000068264,ACC0011553,67297.08,SUCCESS,2026-01-09 20:04:37,1,1,1,2026-01
TXN0000068267,ACC0028385,65360.13,SUCCESS,2026-06-19 12:18:20,1,1,1,2026-06
TXN0000068271,ACC0019875,36974.26,SUCCESS,2026-03-26 08:00:50,1,1,1,2026-03
TXN0000068274,ACC0007291,51298.43,SUCCESS,2026-03-22 14:05:40,1,1,1,2026-03
TXN0000068279,ACC0029426,132774.76,SUCCESS,2026-07-28 14:11:53,1,1,1,2026-07
TXN0000068283,ACC0013914,62111.01,SUCCESS,2026-02-04 00:04:36,1,1,1,2026-02
TXN0000068287,ACC0019412,67288.82,SUCCESS,2026-08-01 03:41:37,1,2,1,2026-08
TXN0000068304,ACC0011475,113353.71,SUCCESS,2026-01-24 19:30:56,1,1,1,2026-01
TXN0000068305,ACC0009039,7530.61,SUCCESS,2026-03-12 13:25:59,1,1,1,2026-03
TXN0000068307,ACC0020065,119495.73,SUCCESS,2026-03-28 10:52:22,1,1,1,2026-03
TXN0000068314,ACC0007656,130035.08,SUCCESS,2026-07-03 15:51:04,1,1,1,2026-07
TXN0000068315,ACC0007896,39776.98,SUCCESS,2026-01-16 04:44:31,1,1,1,2026-01
TXN0000068317,ACC0006421,19175.51,SUCCESS,2026-06-10 16:30:05,1,1,1,2026-06
TXN0000068319,ACC0010330,37047.15,SUCCESS,2026-03-09 12:33:13,1,1,1,2026-03
TXN0000068335,ACC0000966,138572.9,SUCCESS,2026-05-08 19:25:23,1,1,1,2026-05
TXN0000068336,ACC0001012,103490.41,SUCCESS,2026-06-02 07:24:12,1,1,1,2026-06
TXN0000068339,ACC0021367,69516.68,SUCCESS,2026-07-10 04:13:01,1,1,1,2026-07
TXN0000068340,ACC0000686,88779.0,SUCCESS,2026-06-17 12:36:13,1,1,1,2026-06
TXN0000068344,ACC0020747,99655.92,SUCCESS,2026-03-20 03:54:18,1,1,1,2026-03
TXN0000068351,ACC0014566,70043.96,SUCCESS,2026-08-03 19:04:36,1,1,1,2026-08
TXN0000068355,ACC0020054,103963.2,SUCCESS,2026-05-14 22:53:18,1,1,1,2026-05
TXN0000068360,ACC0004803,76941.97,SUCCESS,2026-06-14 07:14:04,1,1,1,2026-06
TXN0000068363,ACC0025248,95172.01,SUCCESS,2026-06-16 00:39:39,1,1,1,2026-06
TXN0000068376,ACC0004260,121493.88,SUCCESS,2026-03-21 12:28:00,1,1,1,2026-03
TXN0000068384,ACC0009203,126901.47,SUCCESS,2026-03-24 18:56:11,1,1,1,2026-03
TXN0000068385,ACC0021437,30908.35,SUCCESS,2026-01-16 08:44:29,1,1,1,2026-01
TXN0000068393,ACC0001005,11473.39,SUCCESS,2026-03-10 06:19:15,1,1,1,2026-03
TXN0000068394,ACC0011902,94665.28,SUCCESS,2026-06-18 18:19:20,1,1,1,2026-06
TXN0000068406,ACC0001464,23624.45,SUCCESS,2026-05-07 04:23:11,1,1,1,2026-05
TXN0000068412,ACC0019630,55839.81,SUCCESS,2026-05-03 10:31:09,1,1,1,2026-05
TXN0000068416,ACC0026279,38214.13,SUCCESS,2026-03-14 00:16:39,1,1,1,2026-03
TXN0000068422,ACC0002595,48775.59,SUCCESS,2026-04-15 21:19:11,1,1,1,2026-04
TXN0000068429,ACC0009633,96778.43,SUCCESS,2026-07-07 10:51:36,1,1,1,2026-07
TXN0000068432,ACC0001728,14121.19,SUCCESS,2026-05-01 17:26:23,1,1,1,2026-05
TXN0000068434,ACC0002004,147224.85,SUCCESS,2026-07-23 17:40:47,1,1,1,2026-07
TXN0000068448,ACC0012756,117627.9,SUCCESS,2026-03-16 07:26:31,1,1,1,2026-03
TXN0000068449,ACC0023166,27707.67,SUCCESS,2026-05-20 10:25:46,1,1,1,2026-05
TXN0000068450,ACC0011448,123282.1,SUCCESS,2026-03-05 19:41:11,1,1,1,2026-03
TXN0000068453,ACC0026543,133173.06,SUCCESS,2026-01-02 08:40:55,1,1,1,2026-01
TXN0000068455,ACC0023136,87580.4,SUCCESS,2026-06-18 00:20:58,1,1,1,2026-06
TXN0000068458,ACC0019202,94605.42,SUCCESS,2026-04-24 11:27:07,1,1,1,2026-04
TXN0000068463,ACC0029809,26718.1,SUCCESS,2026-02-09 23:42:51,1,1,1,2026-02
TXN0000068468,ACC0005759,45912.41,SUCCESS,2026-04-27 11:39:21,1,1,1,2026-04
TXN0000068484,ACC0017664,74744.57,SUCCESS,2026-06-07 06:22:13,1,1,1,2026-06
TXN0000068487,ACC0013247,131227.67,SUCCESS,2026-04-17 06:54:12,1,1,1,2026-04
TXN0000068492,ACC0023904,84101.29,SUCCESS,2026-03-15 06:48:49,1,1,1,2026-03
TXN0000068501,ACC0011862,4600.95,SUCCESS,2026-02-28 23:05:31,1,1,1,2026-02
TXN0000068505,ACC0024465,34430.94,SUCCESS,2026-03-12 10:18:23,1,1,1,2026-03
TXN0000068509,ACC0001472,146319.26,SUCCESS,2026-07-12 02:18:37,1,1,1,2026-07
TXN0000068517,ACC0024821,38036.5,SUCCESS,2026-04-14 15:29:37,1,1,1,2026-04
TXN0000068529,ACC0018929,52037.1,SUCCESS,2026-02-25 20:36:28,1,1,1,2026-02
TXN0000068531,ACC0018674,9898.19,SUCCESS,2026-06-29 09:09:59,1,1,1,2026-06
TXN0000068536,ACC0029717,14530.0,SUCCESS,2026-07-07 19:39:36,1,1,1,2026-07
TXN0000068538,ACC0002772,82178.82,SUCCESS,2026-03-24 22:20:32,1,1,1,2026-03
TXN0000068549,ACC0007868,132477.72,SUCCESS,2026-05-30 20:14:39,1,1,1,2026-05
TXN0000068555,ACC0018407,112915.04,SUCCESS,2026-04-30 10:46:37,1,1,1,2026-04
TXN0000068572,ACC0026587,60869.92,SUCCESS,2026-04-07 16:02:15,1,1,1,2026-04
TXN0000068594,ACC0022421,97136.43,SUCCESS,2026-01-08 16:16:09,1,1,1,2026-01
TXN0000068599,ACC0029746,20793.53,SUCCESS,2026-01-12 14:38:10,1,1,1,2026-01
TXN0000068620,ACC0003599,82152.79,SUCCESS,2026-06-03 13:28:57,1,1,1,2026-06
TXN0000068630,ACC0003760,20840.87,SUCCESS,2026-04-09 07:52:41,1,1,1,2026-04
TXN0000068631,ACC0006113,16949.27,SUCCESS,2026-07-22 22:01:39,1,1,1,2026-07
TXN0000068638,ACC0005639,51950.13,SUCCESS,2026-03-20 21:06:57,1,1,1,2026-03
TXN0000068646,ACC0009592,15325.98,SUCCESS,2026-01-25 04:21:06,1,1,1,2026-01
TXN0000068660,ACC0013746,17881.24,SUCCESS,2026-02-24 03:55:37,1,1,1,2026-02
TXN0000068667,ACC0016944,71818.59,SUCCESS,2026-07-28 06:18:35,1,1,1,2026-07
TXN0000068669,ACC0025583,55099.37,SUCCESS,2026-04-05 15:37:43,1,1,1,2026-04
TXN0000068676,ACC0026987,60227.23,SUCCESS,2026-05-14 13:27:59,1,1,1,2026-05
TXN0000068680,ACC0028063,51967.52,SUCCESS,2026-02-17 19:45:29,1,1,1,2026-02
TXN0000068684,ACC0029601,142575.58,SUCCESS,2026-01-27 20:33:48,1,1,1,2026-01
TXN0000068686,ACC0006291,69034.86,SUCCESS,2026-02-12 14:46:52,1,1,1,2026-02
TXN0000068695,ACC0022136,58209.78,SUCCESS,2026-04-29 16:42:21,1,1,1,2026-04
TXN0000068696,ACC0016208,130720.85,SUCCESS,2026-01-01 02:12:07,1,1,1,2026-01
TXN0000068704,ACC0011827,75304.88,SUCCESS,2026-07-04 12:34:44,1,1,1,2026-07
TXN0000068721,ACC0018356,42096.83,SUCCESS,2026-05-20 22:31:36,1,1,1,2026-05
TXN0000068724,ACC0010762,12417.37,SUCCESS,2026-08-07 18:21:57,1,1,1,2026-08
TXN0000068739,ACC0021539,73053.63,SUCCESS,2026-05-14 06:32:05,1,1,1,2026-05
TXN0000068742,ACC0005441,137854.63,SUCCESS,2026-03-25 23:52:15,1,1,1,2026-03
TXN0000068757,ACC0029257,36780.3,SUCCESS,2026-03-19 15:27:25,1,1,1,2026-03
TXN0000068760,ACC0011661,5612.23,SUCCESS,2026-02-06 09:45:13,1,1,1,2026-02
TXN0000068766,ACC0001835,110489.45,SUCCESS,2026-06-11 20:45:39,1,1,1,2026-06
TXN0000068773,ACC0000979,62654.56,SUCCESS,2026-02-12 08:02:56,1,1,1,2026-02
TXN0000068777,ACC0011883,127896.3,SUCCESS,2026-03-24 00:57:56,1,1,1,2026-03
TXN0000068785,ACC0018382,81997.39,SUCCESS,2026-03-01 05:29:22,1,1,1,2026-03
TXN0000068788,ACC0012935,121713.71,SUCCESS,2026-06-24 22:08:43,1,1,1,2026-06
TXN0000068797,ACC0020887,146167.91,SUCCESS,2026-03-19 21:35:20,1,1,1,2026-03
TXN0000068816,ACC0019948,367.62,SUCCESS,2026-06-26 02:00:10,1,1,1,2026-06
TXN0000068818,ACC0004964,87692.88,SUCCESS,2026-05-05 22:58:37,1,1,1,2026-05
TXN0000068823,ACC0007659,144417.6,SUCCESS,2026-03-09 16:40:36,1,1,1,2026-03
TXN0000068832,ACC0019382,113029.14,SUCCESS,2026-02-27 22:34:42,1,1,1,2026-02
TXN0000068834,ACC0010421,68233.88,SUCCESS,2026-06-05 03:54:12,1,1,1,2026-06
TXN0000068835,ACC0003763,128646.41,SUCCESS,2026-07-24 11:24:23,1,1,1,2026-07
TXN0000068837,ACC0000259,79538.52,SUCCESS,2026-05-17 17:40:53,1,1,1,2026-05
TXN0000068848,ACC0015531,108999.61,SUCCESS,2026-05-07 11:52:19,1,1,1,2026-05
TXN0000068851,ACC0016237,141736.6,SUCCESS,2026-07-17 10:57:36,1,1,1,2026-07
TXN0000068859,ACC0023294,92296.92,SUCCESS,2026-03-30 07:55:04,1,1,1,2026-03
TXN0000068870,ACC0009892,24256.3,SUCCESS,2026-04-18 20:17:47,1,1,1,2026-04
TXN0000068888,ACC0024443,48939.51,SUCCESS,2026-05-21 15:25:06,1,1,1,2026-05
TXN0000068889,ACC0021568,99338.17,SUCCESS,2026-05-26 03:07:33,1,1,1,2026-05
TXN0000068891,ACC0021566,16822.29,SUCCESS,2026-08-07 02:34:48,1,1,1,2026-08
TXN0000068897,ACC0016365,147800.75,SUCCESS,2026-04-24 17:30:49,1,1,1,2026-04
TXN0000068900,ACC0028532,62253.02,SUCCESS,2026-03-22 23:08:08,1,1,1,2026-03
TXN0000068901,ACC0006545,129392.01,SUCCESS,2026-05-03 13:37:09,1,1,1,2026-05
TXN0000068916,ACC0004193,119831.46,SUCCESS,2026-01-14 15:22:12,1,1,1,2026-01
TXN0000068917,ACC0020788,24498.34,SUCCESS,2026-08-02 17:54:47,1,1,1,2026-08
TXN0000068922,ACC0008677,135140.62,SUCCESS,2026-03-12 10:00:04,1,1,1,2026-03
TXN0000068923,ACC0025901,80881.59,SUCCESS,2026-05-30 11:53:02,1,1,1,2026-05
TXN0000068930,ACC0010595,91543.6,SUCCESS,2026-04-14 07:28:29,1,1,1,2026-04
TXN0000068932,ACC0026744,105043.54,SUCCESS,2026-03-02 09:21:14,1,1,1,2026-03
TXN0000068939,ACC0019676,115640.51,SUCCESS,2026-05-06 21:34:40,1,1,1,2026-05
TXN0000068943,ACC0024586,30680.13,SUCCESS,2026-01-30 01:11:05,1,1,1,2026-01
TXN0000068947,ACC0026957,148944.03,SUCCESS,2026-06-28 16:53:15,1,1,1,2026-06
TXN0000068949,ACC0003780,135900.12,SUCCESS,2026-07-18 20:07:28,1,1,1,2026-07
TXN0000068953,ACC0011326,36197.59,SUCCESS,2026-01-09 01:49:29,1,1,1,2026-01
TXN0000068955,ACC0010118,67391.44,SUCCESS,2026-01-01 19:40:09,1,1,1,2026-01
TXN0000068957,ACC0003671,132155.79,SUCCESS,2026-03-12 16:33:33,1,1,1,2026-03
TXN0000068970,ACC0006747,86436.15,SUCCESS,2026-02-17 09:54:23,1,1,1,2026-02
TXN0000068971,ACC0014496,108141.37,SUCCESS,2026-05-03 09:33:03,1,1,1,2026-05
TXN0000068983,ACC0027510,26781.45,SUCCESS,2026-05-26 13:58:01,1,1,1,2026-05
TXN0000068997,ACC0024782,3044.74,SUCCESS,2026-02-15 09:23:04,1,1,1,2026-02
TXN0000069000,ACC0017573,108246.22,SUCCESS,2026-03-02 21:49:46,1,1,1,2026-03
TXN0000069006,ACC0004608,86004.26,SUCCESS,2026-04-08 17:18:25,1,1,1,2026-04
TXN0000069015,ACC0013949,40237.44,SUCCESS,2026-06-27 15:48:25,1,1,1,2026-06
TXN0000069017,ACC0001875,34057.73,SUCCESS,2026-01-26 17:41:29,1,1,1,2026-01
TXN0000069020,ACC0002685,50002.38,SUCCESS,2026-06-21 12:27:26,1,1,1,2026-06
TXN0000069026,ACC0024839,88531.41,SUCCESS,2026-07-14 17:52:16,1,1,1,2026-07
TXN0000069027,ACC0008230,29655.07,SUCCESS,2026-06-08 14:32:25,1,1,1,2026-06
TXN0000069030,ACC0016274,22450.98,SUCCESS,2026-04-06 11:07:57,1,1,1,2026-04
TXN0000069037,ACC0010413,51087.27,SUCCESS,2026-03-21 16:22:50,1,1,1,2026-03
TXN0000069046,ACC0009986,105500.22,SUCCESS,2026-03-23 12:30:11,1,1,1,2026-03
TXN0000069051,ACC0015598,48529.19,SUCCESS,2026-02-23 03:32:43,1,1,1,2026-02
TXN0000069054,ACC0025391,62126.09,SUCCESS,2026-06-17 17:17:38,1,1,1,2026-06
TXN0000069059,ACC0008750,143676.24,SUCCESS,2026-07-16 23:15:17,1,1,1,2026-07
TXN0000069070,ACC0024744,105988.09,SUCCESS,2026-02-15 15:06:33,1,1,1,2026-02
TXN0000069078,ACC0008529,57880.52,SUCCESS,2026-07-25 22:32:05,1,1,1,2026-07
TXN0000069080,ACC0013439,103388.66,SUCCESS,2026-06-09 11:44:08,1,1,1,2026-06
TXN0000069081,ACC0020898,139744.87,SUCCESS,2026-02-10 11:08:24,1,1,1,2026-02
TXN0000069100,ACC0016678,43835.69,SUCCESS,2026-08-06 15:45:25,1,1,1,2026-08
TXN0000069105,ACC0004634,41110.02,SUCCESS,2026-07-22 05:20:48,1,1,1,2026-07
TXN0000069106,ACC0024093,137200.78,SUCCESS,2026-05-30 03:38:35,1,1,1,2026-05
TXN0000069107,ACC0023532,137480.08,SUCCESS,2026-03-13 00:09:03,1,1,1,2026-03
TXN0000069115,ACC0025398,34865.42,SUCCESS,2026-08-07 08:16:01,1,1,1,2026-08
TXN0000069118,ACC0008651,88437.09,SUCCESS,2026-02-20 04:40:50,1,1,1,2026-02
TXN0000069121,ACC0023642,134213.51,SUCCESS,2026-03-02 23:44:53,1,1,1,2026-03
TXN0000069125,ACC0027972,88088.03,SUCCESS,2026-07-05 23:53:05,1,1,1,2026-07
TXN0000069131,ACC0029824,132720.66,SUCCESS,2026-01-16 20:30:09,1,1,1,2026-01
TXN0000069132,ACC0024270,85106.01,SUCCESS,2026-07-08 18:46:39,1,1,1,2026-07
TXN0000069134,ACC0000562,88679.97,SUCCESS,2026-06-29 10:11:57,1,1,1,2026-06
TXN0000069135,ACC0011551,140149.0,SUCCESS,2026-03-03 07:54:53,1,1,1,2026-03
TXN0000069138,ACC0003492,140010.97,SUCCESS,2026-04-15 19:48:53,1,1,1,2026-04
TXN0000069139,ACC0021599,144153.6,SUCCESS,2026-08-08 22:19:50,1,1,1,2026-08
TXN0000069141,ACC0003622,47576.45,SUCCESS,2026-03-27 00:55:59,1,1,1,2026-03
TXN0000069144,ACC0005959,142341.1,SUCCESS,2026-03-22 07:57:00,1,1,1,2026-03
TXN0000069147,ACC0008784,83692.23,SUCCESS,2026-02-08 16:08:56,1,1,1,2026-02
TXN0000069151,ACC0021487,6586.8,SUCCESS,2026-07-13 05:22:41,1,1,1,2026-07
TXN0000069156,ACC0021750,48695.04,SUCCESS,2026-07-22 10:21:00,1,1,1,2026-07
TXN0000069165,ACC0004991,73358.66,SUCCESS,2026-01-23 05:52:07,1,1,1,2026-01
TXN0000069168,ACC0014661,26217.99,SUCCESS,2026-07-01 10:48:36,1,1,1,2026-07
TXN0000069172,ACC0023628,35045.91,SUCCESS,2026-04-15 23:54:16,1,2,1,2026-04
TXN0000069177,ACC0002430,146543.87,SUCCESS,2026-04-05 19:29:17,1,1,1,2026-04
TXN0000069184,ACC0016598,149858.31,SUCCESS,2026-04-20 04:57:55,1,1,1,2026-04
TXN0000069187,ACC0021047,52011.5,SUCCESS,2026-02-16 18:46:45,1,1,1,2026-02
TXN0000069190,ACC0003343,33042.38,SUCCESS,2026-04-26 19:29:07,1,1,1,2026-04
TXN0000069191,ACC0004602,30527.76,SUCCESS,2026-01-17 19:33:53,1,1,1,2026-01
TXN0000069192,ACC0021294,61899.85,SUCCESS,2026-02-05 03:22:25,1,1,1,2026-02
TXN0000069198,ACC0028023,56634.31,SUCCESS,2026-03-24 03:43:51,1,1,1,2026-03
TXN0000069208,ACC0016161,2810.04,SUCCESS,2026-07-06 16:02:55,1,1,1,2026-07
TXN0000069217,ACC0010959,122039.38,SUCCESS,2026-05-19 13:52:07,1,1,1,2026-05
TXN0000069220,ACC0026096,7888.48,SUCCESS,2026-01-09 21:34:12,1,1,1,2026-01
TXN0000069223,ACC0026766,34405.8,SUCCESS,2026-05-23 21:08:37,1,1,1,2026-05
TXN0000069234,ACC0024092,94814.54,SUCCESS,2026-01-20 05:43:17,1,1,1,2026-01
TXN0000069241,ACC0024784,115255.0,SUCCESS,2026-07-24 20:09:33,1,1,1,2026-07
TXN0000069244,ACC0004701,100623.66,SUCCESS,2026-05-06 05:46:16,1,1,1,2026-05
TXN0000069246,ACC0011452,110467.31,SUCCESS,2026-03-11 03:08:44,1,1,1,2026-03
TXN0000069249,ACC0021056,41363.92,SUCCESS,2026-02-26 11:04:34,1,1,1,2026-02
TXN0000069255,ACC0016133,61942.74,SUCCESS,2026-07-30 06:25:57,1,1,1,2026-07
TXN0000069263,ACC0003755,106773.63,SUCCESS,2026-02-09 14:38:11,1,1,1,2026-02
TXN0000069265,ACC0012556,129139.06,SUCCESS,2026-03-12 07:18:07,1,1,1,2026-03
TXN0000069274,ACC0004128,96194.19,SUCCESS,2026-04-02 13:39:26,1,1,1,2026-04
TXN0000069280,ACC0027957,65070.72,SUCCESS,2026-05-10 13:16:59,1,1,1,2026-05
TXN0000069283,ACC0018243,108577.47,SUCCESS,2026-04-01 02:20:43,1,1,1,2026-04
TXN0000069288,ACC0024695,8854.48,SUCCESS,2026-04-21 22:18:45,1,1,1,2026-04
TXN0000069290,ACC0020174,70442.64,SUCCESS,2026-03-22 08:00:48,1,1,1,2026-03
TXN0000069291,ACC0010581,24736.82,SUCCESS,2026-04-28 01:58:20,1,1,1,2026-04
TXN0000069293,ACC0023209,8011.65,SUCCESS,2026-02-11 23:32:20,1,1,1,2026-02
TXN0000069301,ACC0007527,102699.98,SUCCESS,2026-01-20 12:01:21,1,1,1,2026-01
TXN0000069303,ACC0019324,116241.96,SUCCESS,2026-02-03 17:59:47,1,1,1,2026-02
TXN0000069344,ACC0004828,78122.33,SUCCESS,2026-04-04 16:12:56,1,1,1,2026-04
TXN0000069352,ACC0019642,72638.38,SUCCESS,2026-03-19 18:16:05,1,1,1,2026-03
TXN0000069367,ACC0002261,109106.77,SUCCESS,2026-04-17 00:17:53,1,1,1,2026-04
TXN0000069372,ACC0013352,63249.48,SUCCESS,2026-07-13 13:07:04,1,1,1,2026-07
TXN0000069375,ACC0014913,68437.84,SUCCESS,2026-01-30 10:28:52,1,1,1,2026-01
TXN0000069377,ACC0005254,43032.2,SUCCESS,2026-05-13 18:58:44,1,1,1,2026-05
TXN0000069388,ACC0000040,24427.78,SUCCESS,2026-01-06 18:58:27,1,1,1,2026-01
TXN0000069390,ACC0028694,30522.97,SUCCESS,2026-01-23 15:28:48,1,1,1,2026-01
TXN0000069396,ACC0003069,136592.72,SUCCESS,2026-04-30 21:20:02,1,1,1,2026-04
TXN0000069399,ACC0015629,146418.24,SUCCESS,2026-01-29 22:20:44,1,1,1,2026-01
TXN0000069407,ACC0014591,24129.65,SUCCESS,2026-06-02 20:39:47,1,1,1,2026-06
TXN0000069414,ACC0022591,40167.92,SUCCESS,2026-05-25 16:14:10,1,1,1,2026-05
TXN0000069429,ACC0019064,112706.97,SUCCESS,2026-02-19 19:20:44,1,1,1,2026-02
TXN0000069434,ACC0029378,97733.79,SUCCESS,2026-08-07 08:33:22,1,1,1,2026-08
TXN0000069442,ACC0017357,45558.68,SUCCESS,2026-02-26 01:08:03,1,1,1,2026-02
TXN0000069449,ACC0015380,5822.79,SUCCESS,2026-07-21 13:51:43,1,1,1,2026-07
TXN0000069457,ACC0000544,90140.58,SUCCESS,2026-05-17 03:52:37,1,1,1,2026-05
TXN0000069472,ACC0013369,135572.57,SUCCESS,2026-04-23 09:21:09,1,1,1,2026-04
TXN0000069484,ACC0006225,99039.64,SUCCESS,2026-03-21 21:03:39,1,1,1,2026-03
TXN0000069491,ACC0004130,49746.45,SUCCESS,2026-04-16 12:34:31,1,1,1,2026-04
TXN0000069499,ACC0023944,22215.65,SUCCESS,2026-05-01 23:27:30,1,1,1,2026-05
TXN0000069510,ACC0018716,87986.96,SUCCESS,2026-03-04 23:10:42,1,1,1,2026-03
TXN0000069516,ACC0009473,123357.89,SUCCESS,2026-01-05 02:31:27,1,1,1,2026-01
TXN0000069519,ACC0029381,133505.78,SUCCESS,2026-03-09 09:07:32,1,1,1,2026-03
TXN0000069521,ACC0020340,15163.69,SUCCESS,2026-01-22 09:21:46,1,1,1,2026-01
TXN0000069526,ACC0010919,113780.61,SUCCESS,2026-04-29 09:31:32,1,1,1,2026-04
TXN0000069530,ACC0007876,65212.51,SUCCESS,2026-07-24 08:22:00,1,1,1,2026-07
TXN0000069539,ACC0001971,79627.98,SUCCESS,2026-01-18 01:35:24,1,1,1,2026-01
TXN0000069557,ACC0005086,25303.37,SUCCESS,2026-01-12 15:40:46,1,1,1,2026-01
TXN0000069560,ACC0018443,58025.41,SUCCESS,2026-06-08 17:38:22,1,1,1,2026-06
TXN0000069563,ACC0028236,138532.53,SUCCESS,2026-06-21 05:46:44,1,1,1,2026-06
TXN0000069566,ACC0029230,138266.99,SUCCESS,2026-05-04 22:16:51,1,1,1,2026-05
TXN0000069568,ACC0012886,43268.01,SUCCESS,2026-01-22 09:47:34,1,1,1,2026-01
TXN0000069574,ACC0024876,73377.47,SUCCESS,2026-05-12 23:15:35,1,1,1,2026-05
TXN0000069577,ACC0022622,80588.51,SUCCESS,2026-07-23 19:02:05,1,1,1,2026-07
TXN0000069579,ACC0015255,123456.5,SUCCESS,2026-03-03 09:18:03,1,1,1,2026-03
TXN0000069584,ACC0012732,111191.14,SUCCESS,2026-05-04 16:50:37,1,1,1,2026-05
TXN0000069603,ACC0025014,18142.49,SUCCESS,2026-06-28 18:47:26,1,1,1,2026-06
TXN0000069612,ACC0003757,88034.91,SUCCESS,2026-06-08 11:32:50,1,1,1,2026-06
TXN0000069617,ACC0018935,105691.57,SUCCESS,2026-05-15 21:12:29,1,1,1,2026-05
TXN0000069630,ACC0005584,76351.27,SUCCESS,2026-06-13 13:55:34,1,1,1,2026-06
TXN0000069636,ACC0003895,28438.02,SUCCESS,2026-06-03 14:38:00,1,1,1,2026-06
TXN0000069645,ACC0009073,106533.05,SUCCESS,2026-01-28 10:57:35,1,1,1,2026-01
TXN0000069649,ACC0019974,31693.27,SUCCESS,2026-04-04 17:43:49,1,1,1,2026-04
TXN0000069656,ACC0021627,30716.52,SUCCESS,2026-07-02 02:11:50,1,1,1,2026-07
TXN0000069662,ACC0000296,109901.82,SUCCESS,2026-03-28 23:28:08,1,1,1,2026-03
TXN0000069664,ACC0011597,106580.94,SUCCESS,2026-01-30 09:36:12,1,1,1,2026-01
TXN0000069666,ACC0015923,77271.02,SUCCESS,2026-02-28 19:15:15,1,1,1,2026-02
TXN0000069667,ACC0016276,109682.73,SUCCESS,2026-03-17 03:04:21,1,1,1,2026-03
TXN0000069669,ACC0007348,91712.15,SUCCESS,2026-05-28 17:09:02,1,1,1,2026-05
TXN0000069674,ACC0018203,134328.83,SUCCESS,2026-06-30 23:58:18,1,1,1,2026-06
TXN0000069679,ACC0025521,129708.33,SUCCESS,2026-03-04 05:55:36,1,1,1,2026-03
TXN0000069683,ACC0002264,74185.56,SUCCESS,2026-03-11 17:35:57,1,2,1,2026-03
TXN0000069687,ACC0022185,104689.83,SUCCESS,2026-01-22 02:50:22,1,1,1,2026-01
TXN0000069689,ACC0005296,108364.07,SUCCESS,2026-03-30 13:53:00,1,1,1,2026-03
TXN0000069694,ACC0003641,80358.59,SUCCESS,2026-07-27 16:56:24,1,1,1,2026-07
TXN0000069695,ACC0012327,50729.16,SUCCESS,2026-06-23 11:19:14,1,1,1,2026-06
TXN0000069697,ACC0029831,13615.56,SUCCESS,2026-07-22 19:06:02,1,1,1,2026-07
TXN0000069705,ACC0018201,59676.76,SUCCESS,2026-07-05 20:45:09,1,1,1,2026-07
TXN0000069712,ACC0018701,46998.45,SUCCESS,2026-06-21 13:07:37,1,1,1,2026-06
TXN0000069736,ACC0011197,144314.56,SUCCESS,2026-01-26 14:29:10,1,1,1,2026-01
TXN0000069743,ACC0023512,10107.17,SUCCESS,2026-06-25 21:38:46,1,1,1,2026-06
TXN0000069744,ACC0028494,100601.88,SUCCESS,2026-03-13 22:57:05,1,1,1,2026-03
TXN0000069756,ACC0011797,91147.53,SUCCESS,2026-06-20 05:50:09,1,1,1,2026-06
TXN0000069767,ACC0016736,14438.42,SUCCESS,2026-01-31 00:48:54,1,1,1,2026-01
TXN0000069768,ACC0029580,31415.03,SUCCESS,2026-06-17 19:08:29,1,1,1,2026-06
TXN0000069770,ACC0020421,116949.0,SUCCESS,2026-01-12 07:23:47,1,1,1,2026-01
TXN0000069771,ACC0024799,30393.12,SUCCESS,2026-03-14 15:04:52,1,1,1,2026-03
TXN0000069774,ACC0011639,85320.74,SUCCESS,2026-01-01 17:31:37,1,1,1,2026-01
TXN0000069777,ACC0002743,42066.62,SUCCESS,2026-06-24 10:21:12,1,1,1,2026-06
TXN0000069778,ACC0026029,62350.45,SUCCESS,2026-01-13 19:34:18,1,1,1,2026-01
TXN0000069781,ACC0001299,145634.51,SUCCESS,2026-04-12 09:05:14,1,1,1,2026-04
TXN0000069787,ACC0007619,71196.67,SUCCESS,2026-02-07 21:42:31,1,1,1,2026-02
TXN0000069810,ACC0027034,144790.2,SUCCESS,2026-01-05 10:02:11,1,1,1,2026-01
TXN0000069817,ACC0013027,36144.53,SUCCESS,2026-01-27 21:23:47,1,1,1,2026-01
TXN0000069828,ACC0016488,122550.82,SUCCESS,2026-03-12 04:10:10,1,1,1,2026-03
TXN0000069829,ACC0000979,14176.54,SUCCESS,2026-03-31 05:13:14,1,1,1,2026-03
TXN0000069835,ACC0001855,33702.36,SUCCESS,2026-07-20 09:39:54,1,1,1,2026-07
TXN0000069837,ACC0006942,52604.53,SUCCESS,2026-07-14 16:00:46,1,1,1,2026-07
TXN0000069851,ACC0002954,27166.2,SUCCESS,2026-01-01 06:43:43,1,1,1,2026-01
TXN0000069862,ACC0008859,15551.77,SUCCESS,2026-04-21 22:44:03,1,1,1,2026-04
TXN0000069863,ACC0009241,25242.58,SUCCESS,2026-01-25 12:45:55,1,1,1,2026-01
TXN0000069866,ACC0024367,28553.37,SUCCESS,2026-03-31 11:52:23,1,1,1,2026-03
TXN0000069878,ACC0010618,21941.51,SUCCESS,2026-03-12 05:38:04,1,1,1,2026-03
TXN0000069879,ACC0029244,93121.94,SUCCESS,2026-05-24 05:02:08,1,1,1,2026-05
TXN0000069880,ACC0008810,41143.96,SUCCESS,2026-03-15 13:02:16,1,1,1,2026-03
TXN0000069881,ACC0015338,80884.48,SUCCESS,2026-05-21 23:48:21,1,1,1,2026-05
TXN0000069892,ACC0018216,44349.06,SUCCESS,2026-06-25 18:30:05,1,1,1,2026-06
TXN0000069893,ACC0006015,42382.2,SUCCESS,2026-06-09 22:50:54,1,1,1,2026-06
TXN0000069895,ACC0006845,17903.42,SUCCESS,2026-03-27 08:29:00,1,1,1,2026-03
TXN0000069898,ACC0017760,41579.71,SUCCESS,2026-07-14 13:52:21,1,1,1,2026-07
TXN0000069907,ACC0006746,110413.47,SUCCESS,2026-03-09 10:41:14,1,1,1,2026-03
TXN0000069917,ACC0023989,128454.93,SUCCESS,2026-01-13 06:52:32,1,1,1,2026-01
TXN0000069919,ACC0020329,111792.02,SUCCESS,2026-04-26 12:56:30,1,1,1,2026-04
TXN0000069920,ACC0014414,16386.31,SUCCESS,2026-07-28 23:24:37,1,1,1,2026-07
TXN0000069930,ACC0029859,115009.35,SUCCESS,2026-06-12 04:15:11,1,1,1,2026-06
TXN0000069933,ACC0027289,103635.37,SUCCESS,2026-01-28 23:23:57,1,1,1,2026-01
TXN0000069934,ACC0019889,2826.33,SUCCESS,2026-05-11 03:11:03,1,1,1,2026-05
TXN0000069946,ACC0000242,24827.03,SUCCESS,2026-01-09 09:57:48,1,1,1,2026-01
TXN0000069951,ACC0013704,6443.61,SUCCESS,2026-01-23 18:50:58,1,1,1,2026-01
TXN0000069953,ACC0028185,123206.29,SUCCESS,2026-06-30 01:49:43,1,1,1,2026-06
TXN0000069963,ACC0002743,113720.0,SUCCESS,2026-06-15 20:42:20,1,1,1,2026-06
TXN0000069971,ACC0026885,76482.3,SUCCESS,2026-04-03 17:00:28,1,1,1,2026-04
TXN0000069982,ACC0006262,35489.35,SUCCESS,2026-06-09 22:47:50,1,1,1,2026-06
TXN0000069987,ACC0006625,108405.2,SUCCESS,2026-04-23 03:55:51,1,1,1,2026-04
TXN0000069988,ACC0021044,33063.51,SUCCESS,2026-02-09 09:31:47,1,1,1,2026-02
TXN0000069991,ACC0004965,3933.01,SUCCESS,2026-06-02 07:53:12,1,1,1,2026-06
TXN0000069992,ACC0001843,69338.05,SUCCESS,2026-01-21 19:55:34,1,1,1,2026-01
TXN0000069996,ACC0001432,18062.82,SUCCESS,2026-07-31 16:41:27,1,1,1,2026-07
